status,issues,list_id,row,column,key,label,thumb,full,thumb_kind,thumb_w,thumb_h,thumb_bytes,full_kind,full_w,full_h,full_long,full_short,full_bytes,hash_distance
issue,low_resolution|possible_mismatch,architectes_majeurs,9,Image,9,Michelangelo Buonarroti / Renaissance / Italie,thumbs/architectes_majeurs/9.webp,full/architectes_majeurs/9.jpg,raster,200,104,5432,raster,500,835,835,500,165529,44
issue,low_resolution,architectes_majeurs,14,Image,14,Walter Gropius / Modernisme / Bauhaus / Allemagne,thumbs/architectes_majeurs/14.webp,full/architectes_majeurs/14.jpg,raster,200,125,6556,raster,540,763,763,540,66278,21
issue,low_resolution,architectes_majeurs,16,Image,16,Oscar Niemeyer / Modernisme / Brésil,thumbs/architectes_majeurs/16.webp,full/architectes_majeurs/16.jpg,raster,106,150,2582,raster,686,974,974,686,221160,0
issue,low_resolution,architectes_majeurs,20,Image,20,Frank Gehry / Déconstructivisme / États-Unis,thumbs/architectes_majeurs/20.webp,full/architectes_majeurs/20.jpg,raster,200,133,5740,raster,391,521,521,391,37016,17
issue,low_resolution,architectes_majeurs,27,Image,27,Dominique Perrault / Contemporain / France,thumbs/architectes_majeurs/27.webp,full/architectes_majeurs/27.jpg,raster,200,113,5650,raster,709,772,772,709,123063,17
issue,low_resolution|possible_mismatch,architectes_majeurs,28,Image,28,Carlo Scarpa / Modernisme / Italie,thumbs/architectes_majeurs/28.webp,full/architectes_majeurs/28.jpg,raster,200,123,6184,raster,773,676,773,676,198003,27
issue,low_resolution|possible_mismatch,architectes_majeurs,30,Image,30,Bjarke Ingels / Contemporain / Danemark,thumbs/architectes_majeurs/30.webp,full/architectes_majeurs/30.jpg,raster,200,134,5740,raster,1200,632,1200,632,161861,27
issue,low_resolution,batailles_decisives,3,Image,3,Bouvines / 1214 / France,thumbs/batailles_decisives/3.webp,full/batailles_decisives/3.jpg,raster,200,150,11164,raster,1200,591,1200,591,192308,0
issue,low_resolution|possible_mismatch,batailles_decisives,4,Image,4,Waterloo / 1815 / Belgique,thumbs/batailles_decisives/4.webp,full/batailles_decisives/4.jpg,raster,200,150,8998,raster,500,802,802,500,42034,37
issue,low_resolution|possible_mismatch,batailles_decisives,5,Image,5,Verdun / 1916 / France,thumbs/batailles_decisives/5.webp,full/batailles_decisives/5.jpg,raster,200,150,9262,raster,971,628,971,628,135107,28
issue,low_resolution|possible_mismatch,batailles_decisives,12,Image,12,Châlons / 451 / France,thumbs/batailles_decisives/12.webp,full/batailles_decisives/12.jpg,raster,200,150,14220,raster,1200,644,1200,644,285559,29
issue,low_resolution,batailles_decisives,13,Image,13,Yarmouk / 636 / Syrie,thumbs/batailles_decisives/13.webp,full/batailles_decisives/13.jpg,raster,200,150,3590,raster,500,800,800,500,154025,24
issue,low_resolution|low_bytes|possible_mismatch,batailles_decisives,14,Image,14,Poitiers / 732 / France,thumbs/batailles_decisives/14.webp,full/batailles_decisives/14.jpg,raster,200,150,8284,raster,500,767,767,500,28497,41
issue,low_resolution,batailles_decisives,16,Image,16,Rocroi / 1643 / France,thumbs/batailles_decisives/16.webp,full/batailles_decisives/16.jpg,raster,200,150,11548,raster,593,400,593,400,81392,0
issue,low_resolution,batailles_decisives,21,Image,21,Austerlitz / 1805 / Moravie,thumbs/batailles_decisives/21.webp,full/batailles_decisives/21.jpg,raster,200,150,9916,raster,1200,595,1200,595,182862,0
issue,low_resolution,batailles_decisives,22,Image,22,Leipzig / 1813 / Allemagne,thumbs/batailles_decisives/22.webp,full/batailles_decisives/22.jpg,raster,200,150,9068,raster,1200,625,1200,625,235878,12
issue,low_resolution,batailles_decisives,23,Image,23,Tsushima / 1905 / Mer du Japon,thumbs/batailles_decisives/23.webp,full/batailles_decisives/23.jpg,raster,200,150,9006,raster,900,652,900,652,148217,0
issue,low_resolution,batailles_decisives,24,Image,24,La Marne / 1914 / France,thumbs/batailles_decisives/24.webp,full/batailles_decisives/24.jpg,raster,200,150,9828,raster,501,548,548,501,70766,0
issue,low_resolution,batailles_decisives,27,Image,27,Koursk / 1943 / URSS,thumbs/batailles_decisives/27.webp,full/batailles_decisives/27.jpg,raster,200,150,8754,raster,605,926,926,605,152057,2
issue,low_resolution|low_bytes|possible_mismatch,batailles_decisives,29,Image,29,Berlin / 1945 / Allemagne,thumbs/batailles_decisives/29.webp,full/batailles_decisives/29.png,raster,200,150,7710,raster,960,576,960,576,18469,36
issue,low_resolution,batailles_decisives,32,Image,32,Falklands / 1982 / Atlantique Sud,thumbs/batailles_decisives/32.webp,full/batailles_decisives/32.jpg,raster,200,150,8960,raster,800,628,800,628,118368,0
issue,low_bytes,chefs_etat,3,Image,3,La Convention (Comité de salut public) / 1792–1795 / Ire République,thumbs/chefs_etat/3.webp,full/chefs_etat/3.jpg,raster,220,147,276,raster,1800,1200,1800,1200,16614,0
issue,low_resolution,chefs_etat,12,Image,12,Louis-Eugène Cavaignac (président provisoire) / 1848 / IIe République,thumbs/chefs_etat/12.webp,full/chefs_etat/12.jpg,raster,126,170,2666,raster,409,550,550,409,51905,0
issue,low_resolution,chefs_etat,15,Image,15,Adolphe Thiers / 1871–1873 / IIIe République,thumbs/chefs_etat/15.webp,full/chefs_etat/15.jpg,raster,139,170,2870,raster,735,900,900,735,80720,0
issue,low_resolution,chefs_etat,18,Image,18,Sadi Carnot / 1887–1894 / IIIe République,thumbs/chefs_etat/18.webp,full/chefs_etat/18.jpg,raster,123,170,2442,raster,732,1009,1009,732,167438,0
issue,low_resolution|low_bytes,chefs_etat,19,Image,19,Jean Casimir-Perier / 1894–1895 / IIIe République,thumbs/chefs_etat/19.webp,full/chefs_etat/19.jpg,raster,126,170,2710,raster,373,505,505,373,29477,0
issue,low_resolution,chefs_etat,20,Image,20,Félix Faure / 1895–1899 / IIIe République,thumbs/chefs_etat/20.webp,full/chefs_etat/20.jpg,raster,123,170,3234,raster,480,662,662,480,58349,0
issue,low_resolution,chefs_etat,21,Image,21,Émile Loubet / 1899–1906 / IIIe République,thumbs/chefs_etat/21.webp,full/chefs_etat/21.jpg,raster,128,170,3682,raster,646,858,858,646,111347,1
issue,low_resolution,chefs_etat,22,Image,22,Armand Fallières / 1906–1913 / IIIe République,thumbs/chefs_etat/22.webp,full/chefs_etat/22.jpg,raster,106,170,3206,raster,499,800,800,499,100295,0
issue,low_resolution,chefs_etat,24,Image,24,Paul Deschanel / 1920 / IIIe République,thumbs/chefs_etat/24.webp,full/chefs_etat/24.jpg,raster,118,170,3562,raster,542,783,783,542,83586,0
issue,low_resolution,chefs_etat,26,Image,26,Gaston Doumergue / 1924–1931 / IIIe République,thumbs/chefs_etat/26.webp,full/chefs_etat/26.jpg,raster,118,170,3006,raster,407,585,585,407,42491,0
issue,low_resolution,chefs_etat,27,Image,27,Paul Doumer / 1931–1932 / IIIe République,thumbs/chefs_etat/27.webp,full/chefs_etat/27.jpg,raster,116,170,3396,raster,668,983,983,668,157020,0
issue,low_resolution|low_bytes,chefs_etat,28,Image,28,Albert Lebrun / 1932–1940 / IIIe République,thumbs/chefs_etat/28.webp,full/chefs_etat/28.jpg,raster,127,170,3154,raster,360,482,482,360,22402,0
issue,low_resolution,chefs_etat,31,Image,31,Félix Gouin / 1946 / IVe République,thumbs/chefs_etat/31.webp,full/chefs_etat/31.webp,raster,131,160,3746,raster,960,1169,1169,960,201262,0
issue,low_resolution,chefs_etat,33,Image,33,Léon Blum / 1946–1947 / IVe République,thumbs/chefs_etat/33.webp,full/chefs_etat/33.jpg,raster,125,170,3946,raster,640,867,867,640,81386,0
issue,low_resolution,chefs_etat,34,Image,34,Vincent Auriol / 1947–1954 / IVe République,thumbs/chefs_etat/34.webp,full/chefs_etat/34.jpg,raster,133,170,3506,raster,463,590,590,463,84648,0
issue,low_resolution,chefs_etat,35,Image,35,René Coty / 1954–1959 / IVe République,thumbs/chefs_etat/35.webp,full/chefs_etat/35.webp,raster,128,160,2250,raster,800,1000,1000,800,47312,0
issue,low_resolution,chefs_etat,37,Image,37,Georges Pompidou / 1969–1974 / Ve République,thumbs/chefs_etat/37.webp,full/chefs_etat/37.jpg,raster,113,170,3386,raster,430,645,645,430,49242,0
issue,low_resolution,chefs_etat,41,Image,41,Nicolas Sarkozy / 2007–2012 / Ve République,thumbs/chefs_etat/41.webp,full/chefs_etat/41.jpg,raster,125,170,3608,raster,549,749,749,549,76008,1
issue,low_resolution,civilisations,2,Image,2,Égypte antique / v. 3100–30 av. J.-C. / Vallée du Nil,thumbs/civilisations/2.webp,full/civilisations/2.jpg,raster,213,160,8038,raster,500,784,784,500,53264,23
issue,low_resolution|possible_mismatch,civilisations,3,Image,3,Civilisation de l’Indus / v. 2600–1900 av. J.-C. / Pakistan et nord-ouest de l’Inde,thumbs/civilisations/3.webp,full/civilisations/3.jpg,raster,213,160,7660,raster,500,779,779,500,111741,39
issue,low_resolution|possible_mismatch,civilisations,5,Image,5,Grèce antique / v. 800–146 av. J.-C. / Bassin égéen,thumbs/civilisations/5.webp,full/civilisations/5.jpg,raster,227,160,13646,raster,1200,640,1200,640,124753,36
issue,low_resolution|possible_mismatch,civilisations,7,Image,7,Empire byzantin / 330–1453 / Méditerranée orientale,thumbs/civilisations/7.webp,full/civilisations/7.jpg,raster,295,160,9668,raster,900,733,900,733,213186,29
issue,low_resolution|possible_mismatch,civilisations,8,Image,8,Royaume d’Aksoum / Ier–VIIe siècle / Corne de l’Afrique,thumbs/civilisations/8.webp,full/civilisations/8.jpg,raster,209,160,4104,raster,1074,789,1074,789,172950,45
issue,low_resolution|possible_mismatch,civilisations,9,Image,9,Empire du Mali / XIIIe–XVIe siècle / Afrique de l’Ouest,thumbs/civilisations/9.webp,full/civilisations/9.jpg,raster,256,160,5842,raster,1200,600,1200,600,166745,36
issue,low_resolution,compositeurs,3,Image,3,Georg Friedrich Händel / Baroque / Germano-britannique,thumbs/compositeurs/3.webp,full/compositeurs/3.jpg,raster,132,160,2494,raster,821,1023,1023,821,184616,21
issue,low_resolution|possible_mismatch,compositeurs,9,Image,9,Giuseppe Verdi / Romantisme / Italienne,thumbs/compositeurs/9.webp,full/compositeurs/9.jpg,raster,136,160,3384,raster,656,802,802,656,198581,34
issue,low_resolution|possible_mismatch,consoles,1,Image,1,1972 / Magnavox Odyssey / Magnavox,thumbs/consoles/1.webp,full/consoles/1.jpg,raster,316,160,7162,raster,1200,608,1200,608,59745,41
issue,low_resolution|possible_mismatch,consoles,3,Image,3,1977 / Atari 2600 / Atari,thumbs/consoles/3.webp,full/consoles/3.jpg,raster,261,160,6172,raster,1200,636,1200,636,115650,50
issue,low_resolution,consoles,4,Image,4,1977 / Fairchild Channel F / Fairchild,thumbs/consoles/4.webp,full/consoles/4.jpg,raster,243,160,2902,raster,1200,547,1200,547,95339,22
issue,low_resolution|low_bytes,consoles,6,Image,6,1979 / Intellivision / Mattel,thumbs/consoles/6.webp,full/consoles/6.webp,raster,301,160,7940,raster,560,295,560,295,17670,0
issue,low_resolution,consoles,10,Image,10,1983 / SG-1000 / Sega,thumbs/consoles/10.webp,full/consoles/10.jpg,raster,287,160,3028,raster,1200,623,1200,623,57099,24
issue,low_resolution,consoles,13,Image,13,1987 / PC Engine / TurboGrafx-16 / NEC,thumbs/consoles/13.webp,full/consoles/13.jpg,raster,247,160,2350,raster,1200,581,1200,581,80665,21
issue,low_resolution|possible_mismatch,consoles,14,Image,14,1988 / Mega Drive / Sega,thumbs/consoles/14.webp,full/consoles/14.jpg,raster,333,160,7844,raster,1200,549,1200,549,60847,51
issue,low_resolution,consoles,22,Image,22,1996 / Game Boy Pocket / Nintendo,thumbs/consoles/22.webp,full/consoles/22.jpg,raster,100,160,1288,raster,730,811,811,730,82914,25
issue,low_resolution,consoles,26,Image,26,2001 / Game Boy Advance / Nintendo,thumbs/consoles/26.webp,full/consoles/26.jpg,raster,213,160,3320,raster,1200,600,1200,600,48465,19
issue,low_resolution|possible_mismatch,consoles,27,Image,27,2001 / GameCube / Nintendo,thumbs/consoles/27.webp,full/consoles/27.jpg,raster,284,160,8740,raster,1200,600,1200,600,49786,51
issue,low_resolution|possible_mismatch,consoles,28,Image,28,2001 / Xbox / Microsoft,thumbs/consoles/28.webp,full/consoles/28.jpg,raster,349,160,9906,raster,1200,551,1200,551,80586,44
issue,low_resolution|low_bytes,consoles,31,Image,31,2005 / Xbox 360 / Microsoft,thumbs/consoles/31.webp,full/consoles/31.webp,raster,190,160,5076,raster,560,469,560,469,19374,12
issue,low_resolution|low_bytes,consoles,32,Image,32,2006 / PlayStation 3 / Sony,thumbs/consoles/32.webp,full/consoles/32.webp,raster,175,160,3972,raster,560,511,560,511,16896,10
issue,low_resolution|low_bytes,consoles,33,Image,33,2006 / Wii / Nintendo,thumbs/consoles/33.webp,full/consoles/33.webp,raster,160,160,4218,raster,560,560,560,560,18978,3
issue,low_resolution|low_bytes,consoles,34,Image,34,2011 / Nintendo 3DS / Nintendo,thumbs/consoles/34.webp,full/consoles/34.webp,raster,176,160,5026,raster,560,504,560,504,19762,4
issue,low_resolution|low_bytes,consoles,35,Image,35,2011 / PlayStation Vita / Sony,thumbs/consoles/35.webp,full/consoles/35.webp,raster,354,160,5592,raster,560,252,560,252,10286,3
issue,low_resolution|low_bytes,consoles,36,Image,36,2012 / Wii U / Nintendo,thumbs/consoles/36.webp,full/consoles/36.webp,raster,331,160,6310,raster,560,268,560,268,12896,1
issue,low_resolution|low_bytes,consoles,37,Image,37,2013 / PlayStation 4 / Sony,thumbs/consoles/37.webp,full/consoles/37.webp,raster,320,160,5626,raster,560,280,560,280,11228,4
issue,low_resolution|low_bytes,consoles,38,Image,38,2013 / Xbox One / Microsoft,thumbs/consoles/38.webp,full/consoles/38.webp,raster,243,160,5804,raster,560,366,560,366,18472,3
issue,low_resolution|low_bytes,consoles,39,Image,39,2017 / Nintendo Switch / Nintendo,thumbs/consoles/39.webp,full/consoles/39.webp,raster,339,160,6048,raster,560,262,560,262,10770,4
issue,low_resolution|low_bytes,consoles,40,Image,40,2020 / PlayStation 5 / Sony,thumbs/consoles/40.webp,full/consoles/40.webp,raster,120,160,2686,raster,420,560,560,420,11944,9
issue,low_resolution|low_bytes,consoles,41,Image,41,2020 / Xbox Series X/S / Microsoft,thumbs/consoles/41.webp,full/consoles/41.webp,raster,244,160,4608,raster,560,364,560,364,11726,4
issue,low_resolution|low_bytes,consoles,42,Image,42,2023 / Steam Deck (mise à jour) / Valve,thumbs/consoles/42.webp,full/consoles/42.webp,raster,430,160,4602,raster,560,207,560,207,6712,1
issue,low_resolution|low_bytes,consoles,43,Image,43,2024 / Xbox Series S (nouvelle éd.) / Microsoft,thumbs/consoles/43.webp,full/consoles/43.webp,raster,244,160,4608,raster,560,364,560,364,11726,4
issue,low_bytes,constellations,12,Image,12,Lion / Nord / Régulus,thumbs/constellations/12.webp,full/constellations/12.jpg,raster,105,150,682,raster,1200,1200,1200,1200,26662,25
issue,low_resolution|possible_mismatch,coupes_monde,2,Image,2,1934 / 🇮🇹 Italie / 🇮🇹 Italie,thumbs/coupes_monde/2.webp,full/coupes_monde/2.jpg,raster,105,160,3266,raster,1200,526,1200,526,61465,31
issue,low_resolution|possible_mismatch,coupes_monde,3,Image,3,1938 / 🇫🇷 France / 🇮🇹 Italie,thumbs/coupes_monde/3.webp,full/coupes_monde/3.jpg,raster,105,160,2834,raster,1200,526,1200,526,58344,29
issue,low_resolution|possible_mismatch,coupes_monde,8,Image,8,1966 / 🏴󠁧󠁢󠁥󠁮󠁧󠁿 Angleterre / 🏴󠁧󠁢󠁥󠁮󠁧󠁿 Angleterre,thumbs/coupes_monde/8.webp,full/coupes_monde/8.jpg,raster,132,160,5268,raster,1200,555,1200,555,86012,32
issue,low_resolution|possible_mismatch,coupes_monde,11,Image,11,1978 / 🇦🇷 Argentine / 🇦🇷 Argentine,thumbs/coupes_monde/11.webp,full/coupes_monde/11.jpg,raster,153,160,4286,raster,1200,514,1200,514,271652,44
issue,low_resolution|low_bytes,coupes_monde,19,Image,19,2010 / 🇿🇦 Afrique du Sud / 🇪🇸 Espagne,thumbs/coupes_monde/19.webp,full/coupes_monde/19.webp,raster,145,160,5414,raster,506,560,560,506,21404,5
issue,low_resolution|possible_mismatch,coupes_monde,20,Image,20,2014 / 🇧🇷 Brésil / 🇩🇪 Allemagne,thumbs/coupes_monde/20.webp,full/coupes_monde/20.jpg,raster,127,160,7542,raster,566,1200,1200,566,112452,35
issue,low_resolution|low_bytes,coupes_monde,22,Image,22,2022 / 🇶🇦 Qatar / 🇦🇷 Argentine,thumbs/coupes_monde/22.webp,full/coupes_monde/22.webp,raster,133,160,5826,raster,467,560,560,467,31444,6
issue,low_resolution|low_bytes,coupes_monde,23,Image,23,2026 / 🇨🇦🇲🇽 USA/Canada/Mexique / ?,thumbs/coupes_monde/23.webp,full/coupes_monde/23.webp,raster,103,160,2714,raster,362,560,560,362,14362,0
issue,low_resolution|possible_mismatch,decouvertes_scientifiques,2,Image,2,Lois de Kepler / 1609-1619 / Astronomie,thumbs/decouvertes_scientifiques/2.webp,full/decouvertes_scientifiques/2.webp,raster,140,150,2944,raster,640,480,640,480,355366,51
issue,low_resolution,decouvertes_scientifiques,3,Image,3,Circulation sanguine / 1628 / Médecine,thumbs/decouvertes_scientifiques/3.webp,full/decouvertes_scientifiques/3.jpg,raster,127,150,2442,raster,646,762,762,646,90975,1
issue,low_resolution,decouvertes_scientifiques,6,Image,6,Électricité statique et paratonnerre / 1752 / Physique,thumbs/decouvertes_scientifiques/6.webp,full/decouvertes_scientifiques/6.png,raster,108,150,1526,raster,960,942,960,942,81647,19
issue,low_resolution,decouvertes_scientifiques,7,Image,7,Oxygène / 1774 / Chimie,thumbs/decouvertes_scientifiques/7.webp,full/decouvertes_scientifiques/7.jpg,raster,120,150,1892,raster,873,1095,1095,873,144925,10
issue,low_resolution,decouvertes_scientifiques,12,Image,12,Rayons X / 1895 / Médecine / Physique,thumbs/decouvertes_scientifiques/12.webp,full/decouvertes_scientifiques/12.jpg,raster,117,150,2024,raster,747,1160,1160,747,79841,15
issue,low_resolution|possible_mismatch,decouvertes_scientifiques,15,Image,15,Tectonique des plaques / 1912-1960 / Géologie,thumbs/decouvertes_scientifiques/15.webp,full/decouvertes_scientifiques/15.jpg,raster,200,102,4284,raster,1200,602,1200,602,132054,36
issue,low_resolution,decouvertes_scientifiques,18,Image,18,Fission nucléaire / 1938 / Physique nucléaire,thumbs/decouvertes_scientifiques/18.webp,full/decouvertes_scientifiques/18.png,raster,96,150,1982,raster,232,289,289,232,41954,21
issue,low_resolution|possible_mismatch,decouvertes_scientifiques,21,Image,21,Quarks / 1964 / Physique des particules,thumbs/decouvertes_scientifiques/21.webp,full/decouvertes_scientifiques/21.webp,raster,145,150,2988,raster,960,494,960,494,1208919,41
issue,low_resolution|possible_mismatch,decouvertes_scientifiques,23,Image,23,Boson de Higgs / 2012 / Physique des particules,thumbs/decouvertes_scientifiques/23.webp,full/decouvertes_scientifiques/23.webp,raster,115,150,5200,raster,848,592,848,592,153216,39
issue,low_resolution,decouvertes_scientifiques,24,Image,24,Ondes gravitationnelles / 2015 / Astronomie,thumbs/decouvertes_scientifiques/24.webp,full/decouvertes_scientifiques/24.png,raster,200,113,2532,raster,960,836,960,836,43902,23
issue,low_resolution,departements,8,Image,8,thumbs/departements/8b.svg / Ardennes / Charleville-Mézières,thumbs/departements/8.webp,full/departements/8.webp,raster,145,160,8050,raster,960,1056,1056,960,126392,1
issue,low_resolution|low_bytes,departements,9,Image,9,thumbs/departements/9b.svg / Ariège / Foix,thumbs/departements/9.webp,full/departements/9.webp,raster,145,160,4236,raster,960,1056,1056,960,34320,2
issue,low_resolution,departements,10,Image,10,thumbs/departements/10b.svg / Aube / Troyes,thumbs/departements/10.webp,full/departements/10.webp,raster,145,160,6748,raster,960,1056,1056,960,105702,1
issue,low_resolution,departements,11,Image,11,thumbs/departements/11b.svg / Aude / Carcassonne,thumbs/departements/11.webp,full/departements/11.webp,raster,145,160,7428,raster,960,1056,1056,960,72280,1
issue,low_resolution,departements,12,Image,12,thumbs/departements/12b.svg / Aveyron / Rodez,thumbs/departements/12.webp,full/departements/12.webp,raster,145,160,7612,raster,960,1056,1056,960,99864,0
issue,low_resolution,departements,13,Image,13,thumbs/departements/13b.svg / Bouches-du-Rhône / Marseille,thumbs/departements/13.webp,full/departements/13.webp,raster,145,160,4798,raster,960,1056,1056,960,40196,0
issue,low_resolution,departements,14,Image,14,thumbs/departements/14b.svg / Calvados / Caen,thumbs/departements/14.webp,full/departements/14.webp,raster,145,160,5894,raster,960,1056,1056,960,90660,1
issue,low_resolution,departements,15,Image,15,thumbs/departements/15b.svg / Cantal / Aurillac,thumbs/departements/15.webp,full/departements/15.webp,raster,145,160,6188,raster,960,1056,1056,960,70292,0
issue,low_resolution,departements,16,Image,16,thumbs/departements/16b.svg / Charente / Angoulême,thumbs/departements/16.webp,full/departements/16.webp,raster,145,160,7890,raster,960,1056,1056,960,91872,1
issue,low_resolution,departements,17,Image,17,thumbs/departements/17b.svg / Charente-Maritime / La Rochelle,thumbs/departements/17.webp,full/departements/17.webp,raster,145,160,5850,raster,960,1056,1056,960,68052,1
issue,low_resolution,departements,18,Image,18,thumbs/departements/18b.svg / Cher / Bourges,thumbs/departements/18.webp,full/departements/18.webp,raster,145,160,8138,raster,960,1056,1056,960,98756,0
issue,low_resolution,departements,19,Image,19,thumbs/departements/19b.svg / Corrèze / Tulle,thumbs/departements/19.webp,full/departements/19.webp,raster,145,160,9812,raster,960,1057,1057,960,132634,2
issue,low_resolution,departements,20,Image,20,thumbs/departements/20b.svg / Corse-du-Sud / Ajaccio,thumbs/departements/20.webp,full/departements/20.webp,raster,145,160,4770,raster,960,1056,1056,960,44524,0
issue,low_resolution,departements,21,Image,21,thumbs/departements/21b.svg / Haute-Corse / Bastia,thumbs/departements/21.webp,full/departements/21.webp,raster,145,160,4770,raster,960,1056,1056,960,44524,0
issue,low_resolution,departements,22,Image,22,thumbs/departements/22b.svg / Côte-d'Or / Dijon,thumbs/departements/22.webp,full/departements/22.webp,raster,145,160,5934,raster,960,1056,1056,960,61894,0
issue,low_resolution,departements,23,Image,23,thumbs/departements/23b.svg / Côtes-d'Armor / Saint-Brieuc,thumbs/departements/23.webp,full/departements/23.webp,raster,145,160,5484,raster,960,1056,1056,960,53090,1
issue,low_resolution,departements,24,Image,24,thumbs/departements/24b.svg / Creuse / Guéret,thumbs/departements/24.webp,full/departements/24.webp,raster,145,160,10980,raster,960,1056,1056,960,148744,0
issue,low_resolution,departements,25,Image,25,thumbs/departements/25b.svg / Dordogne / Périgueux,thumbs/departements/25.webp,full/departements/25.webp,raster,145,160,8152,raster,960,1056,1056,960,126386,2
issue,low_resolution,departements,26,Image,26,thumbs/departements/26b.svg / Doubs / Besançon,thumbs/departements/26.webp,full/departements/26.webp,raster,145,160,7538,raster,960,1056,1056,960,82068,1
issue,low_resolution,departements,27,Image,27,thumbs/departements/27b.svg / Drôme / Valence,thumbs/departements/27.webp,full/departements/27.webp,raster,145,160,7308,raster,960,1056,1056,960,75700,1
issue,low_resolution,departements,28,Image,28,thumbs/departements/28b.svg / Eure / Évreux,thumbs/departements/28.webp,full/departements/28.webp,raster,145,160,9432,raster,960,1056,1056,960,136542,1
issue,low_resolution,departements,29,Image,29,thumbs/departements/29b.svg / Eure-et-Loir / Chartres,thumbs/departements/29.webp,full/departements/29.webp,raster,145,160,6746,raster,960,1056,1056,960,68168,0
issue,low_resolution,departements,30,Image,30,thumbs/departements/30b.svg / Finistère / Quimper,thumbs/departements/30.webp,full/departements/30.webp,raster,145,160,7316,raster,960,1057,1057,960,79276,1
issue,low_resolution,departements,31,Image,31,thumbs/departements/31b.svg / Gard / Nîmes,thumbs/departements/31.webp,full/departements/31.webp,raster,145,160,6016,raster,960,1056,1056,960,67374,0
issue,low_resolution,departements,32,Image,32,thumbs/departements/32b.svg / Haute-Garonne / Toulouse,thumbs/departements/32.webp,full/departements/32.webp,raster,145,160,7144,raster,960,1056,1056,960,83588,0
issue,low_resolution,departements,34,Image,34,thumbs/departements/34b.svg / Gironde / Bordeaux,thumbs/departements/34.webp,full/departements/34.webp,raster,145,160,5924,raster,960,1056,1056,960,73820,0
issue,low_resolution,departements,35,Image,35,thumbs/departements/35b.svg / Hérault / Montpellier,thumbs/departements/35.webp,full/departements/35.webp,raster,145,160,6716,raster,960,1056,1056,960,72922,1
issue,low_resolution,departements,36,Image,36,thumbs/departements/36b.svg / Ille-et-Vilaine / Rennes,thumbs/departements/36.webp,full/departements/36.webp,raster,145,160,6352,raster,960,1056,1056,960,62512,1
issue,low_resolution,departements,37,Image,37,thumbs/departements/37b.svg / Indre / Châteauroux,thumbs/departements/37.webp,full/departements/37.webp,raster,145,160,7648,raster,960,1056,1056,960,87720,0
issue,low_resolution,departements,38,Image,38,thumbs/departements/38b.svg / Indre-et-Loire / Tours,thumbs/departements/38.webp,full/departements/38.webp,raster,145,160,8350,raster,960,1056,1056,960,107068,0
issue,low_resolution,departements,39,Image,39,thumbs/departements/39b.svg / Isère / Grenoble,thumbs/departements/39.webp,full/departements/39.webp,raster,145,160,5546,raster,960,1056,1056,960,57826,1
issue,low_resolution,departements,40,Image,40,thumbs/departements/40b.svg / Jura / Lons-le-Saunier,thumbs/departements/40.webp,full/departements/40.webp,raster,145,160,7598,raster,960,1056,1056,960,81124,1
issue,low_resolution,departements,41,Image,41,thumbs/departements/41b.svg / Landes / Mont-de-Marsan,thumbs/departements/41.webp,full/departements/41.webp,raster,145,160,6278,raster,960,1056,1056,960,95894,1
issue,low_resolution,departements,43,Image,43,thumbs/departements/43b.svg / Loire / Saint-Étienne,thumbs/departements/43.webp,full/departements/43.webp,raster,145,160,5160,raster,960,1056,1056,960,62564,1
issue,low_resolution,departements,44,Image,44,thumbs/departements/44b.svg / Haute-Loire / Le Puy-en-Velay,thumbs/departements/44.webp,full/departements/44.webp,raster,145,160,6214,raster,960,1056,1056,960,66948,2
issue,low_resolution,departements,45,Image,45,thumbs/departements/45b.svg / Loire-Atlantique / Nantes,thumbs/departements/45.webp,full/departements/45.webp,raster,145,160,6772,raster,960,1056,1056,960,64394,0
issue,low_resolution,departements,46,Image,46,thumbs/departements/46b.svg / Loiret / Orléans,thumbs/departements/46.webp,full/departements/46.webp,raster,145,160,5756,raster,960,1056,1056,960,57726,1
issue,low_resolution,departements,47,Image,47,thumbs/departements/47b.svg / Lot / Cahors,thumbs/departements/47.webp,full/departements/47.webp,raster,145,160,8908,raster,960,1056,1056,960,118248,0
issue,low_resolution,departements,48,Image,48,thumbs/departements/48b.svg / Lot-et-Garonne / Agen,thumbs/departements/48.webp,full/departements/48.webp,raster,145,160,6708,raster,960,1056,1056,960,90246,0
issue,low_resolution,departements,49,Image,49,thumbs/departements/49b.svg / Lozère / Mende,thumbs/departements/49.webp,full/departements/49.webp,raster,145,160,7058,raster,960,1056,1056,960,77764,2
issue,low_resolution,departements,50,Image,50,thumbs/departements/50b.svg / Maine-et-Loire / Angers,thumbs/departements/50.webp,full/departements/50.webp,raster,145,160,5410,raster,960,1056,1056,960,45414,0
issue,low_resolution,departements,51,Image,51,thumbs/departements/51b.svg / Manche / Saint-Lô,thumbs/departements/51.webp,full/departements/51.webp,raster,145,160,9928,raster,960,1057,1057,960,141474,2
issue,low_resolution|low_bytes,departements,52,Image,52,thumbs/departements/52b.svg / Marne / Châlons-en-Champagne,thumbs/departements/52.webp,full/departements/52.webp,raster,145,160,4222,raster,960,1056,1056,960,29714,2
issue,low_resolution|low_bytes,departements,53,Image,53,thumbs/departements/53b.svg / Haute-Marne / Chaumont,thumbs/departements/53.webp,full/departements/53.webp,raster,145,160,4308,raster,960,1056,1056,960,33618,2
issue,low_resolution,departements,54,Image,54,thumbs/departements/54b.svg / Mayenne / Laval,thumbs/departements/54.webp,full/departements/54.webp,raster,145,160,7810,raster,960,1057,1057,960,94810,0
issue,low_resolution,departements,56,Image,56,thumbs/departements/56b.svg / Meuse / Bar-le-Duc,thumbs/departements/56.webp,full/departements/56.webp,raster,145,160,9540,raster,960,1056,1056,960,108724,0
issue,low_resolution,departements,57,Image,57,thumbs/departements/57b.svg / Morbihan / Vannes,thumbs/departements/57.webp,full/departements/57.webp,raster,145,160,5512,raster,960,1056,1056,960,51594,0
issue,low_resolution,departements,59,Image,59,thumbs/departements/59b.svg / Nièvre / Nevers,thumbs/departements/59.webp,full/departements/59.webp,raster,145,160,5610,raster,960,1056,1056,960,56528,0
issue,low_resolution,departements,60,Image,60,thumbs/departements/60b.svg / Nord / Lille,thumbs/departements/60.webp,full/departements/60.webp,raster,145,160,6930,raster,960,1056,1056,960,72644,0
issue,low_resolution,departements,61,Image,61,thumbs/departements/61b.svg / Oise / Beauvais,thumbs/departements/61.webp,full/departements/61.webp,raster,145,160,7484,raster,960,1056,1056,960,84588,0
issue,low_resolution,departements,62,Image,62,thumbs/departements/62b.svg / Orne / Alençon,thumbs/departements/62.webp,full/departements/62.webp,raster,145,160,8770,raster,960,1057,1057,960,127418,1
issue,low_resolution,departements,63,Image,63,thumbs/departements/63b.svg / Pas-de-Calais / Arras,thumbs/departements/63.webp,full/departements/63.webp,raster,145,160,8772,raster,960,1056,1056,960,108888,0
issue,low_resolution,departements,64,Image,64,thumbs/departements/64b.svg / Puy-de-Dôme / Clermont-Ferrand,thumbs/departements/64.webp,full/departements/64.webp,raster,145,160,6252,raster,960,1056,1056,960,82402,1
issue,low_resolution,departements,65,Image,65,thumbs/departements/65b.svg / Pyrénées-Atlantiques / Pau,thumbs/departements/65.webp,full/departements/65.webp,raster,145,160,9766,raster,960,1056,1056,960,150350,2
issue,low_resolution,departements,66,Image,66,thumbs/departements/66b.svg / Hautes-Pyrénées / Tarbes,thumbs/departements/66.webp,full/departements/66.webp,raster,145,160,7428,raster,960,1056,1056,960,106360,2
issue,low_resolution|low_bytes,departements,67,Image,67,thumbs/departements/67b.svg / Pyrénées-Orientales / Perpignan,thumbs/departements/67.webp,full/departements/67.webp,raster,145,160,3138,raster,960,1056,1056,960,22646,0
issue,low_resolution,departements,68,Image,68,thumbs/departements/68b.svg / Bas-Rhin / Strasbourg,thumbs/departements/68.webp,full/departements/68.webp,raster,145,160,5664,raster,960,1056,1056,960,75498,1
issue,low_resolution,departements,69,Image,69,thumbs/departements/69b.svg / Haut-Rhin / Colmar,thumbs/departements/69.webp,full/departements/69.webp,raster,145,160,6312,raster,960,1056,1056,960,100394,0
issue,low_resolution,departements,70,Image,70,thumbs/departements/70b.svg / Rhône / Lyon,thumbs/departements/70.webp,full/departements/70.webp,raster,145,160,8500,raster,960,1056,1056,960,108090,0
issue,low_resolution,departements,71,Image,71,thumbs/departements/71b.svg / Haute-Saône / Vesoul,thumbs/departements/71.webp,full/departements/71.webp,raster,145,160,8120,raster,960,1056,1056,960,96108,1
issue,low_resolution,departements,72,Image,72,thumbs/departements/72b.svg / Saône-et-Loire / Mâcon,thumbs/departements/72.webp,full/departements/72.webp,raster,145,160,6806,raster,960,1056,1056,960,66820,2
issue,low_resolution,departements,73,Image,73,thumbs/departements/73b.svg / Sarthe / Le Mans,thumbs/departements/73.webp,full/departements/73.webp,raster,145,160,8144,raster,960,1056,1056,960,101856,1
issue,low_resolution,departements,74,Image,74,thumbs/departements/74b.svg / Savoie / Chambéry,thumbs/departements/74.webp,full/departements/74.webp,raster,145,160,4546,raster,960,1056,1056,960,37032,1
issue,low_resolution|low_bytes,departements,75,Image,75,thumbs/departements/75b.svg / Haute-Savoie / Annecy,thumbs/departements/75.webp,full/departements/75.webp,raster,145,160,4126,raster,960,1056,1056,960,32968,2
issue,low_resolution,departements,76,Image,76,thumbs/departements/76b.svg / Paris / Paris,thumbs/departements/76.webp,full/departements/76.webp,raster,145,160,8548,raster,960,1056,1056,960,109854,0
issue,low_resolution,departements,77,Image,77,thumbs/departements/77b.svg / Seine-Maritime / Rouen,thumbs/departements/77.webp,full/departements/77.webp,raster,145,160,8244,raster,960,1056,1056,960,120464,0
issue,low_resolution,departements,78,Image,78,thumbs/departements/78b.svg / Seine-et-Marne / Melun,thumbs/departements/78.webp,full/departements/78.webp,raster,145,160,9106,raster,960,1056,1056,960,112734,1
issue,low_resolution,departements,79,Image,79,thumbs/departements/79b.svg / Yvelines / Versailles,thumbs/departements/79.webp,full/departements/79.webp,raster,145,160,8786,raster,960,1056,1056,960,107678,0
issue,low_resolution,departements,81,Image,81,thumbs/departements/81b.svg / Somme / Amiens,thumbs/departements/81.webp,full/departements/81.webp,raster,145,160,8346,raster,960,1056,1056,960,137164,2
issue,low_resolution,departements,82,Image,82,thumbs/departements/82b.svg / Tarn / Albi,thumbs/departements/82.webp,full/departements/82.webp,raster,145,160,4194,raster,960,1056,1056,960,41716,1
issue,low_resolution,departements,83,Image,83,thumbs/departements/83b.svg / Tarn-et-Garonne / Montauban,thumbs/departements/83.webp,full/departements/83.webp,raster,145,160,8588,raster,960,1056,1056,960,163106,0
issue,low_resolution,departements,84,Image,84,thumbs/departements/84b.svg / Var / Toulon,thumbs/departements/84.webp,full/departements/84.webp,raster,145,160,5476,raster,960,1056,1056,960,50704,1
issue,low_resolution,departements,85,Image,85,thumbs/departements/85b.svg / Vaucluse / Avignon,thumbs/departements/85.webp,full/departements/85.webp,raster,145,160,7164,raster,960,1056,1056,960,96476,1
issue,low_resolution,departements,86,Image,86,thumbs/departements/86b.svg / Vendée / La Roche-sur-Yon,thumbs/departements/86.webp,full/departements/86.webp,raster,145,160,8938,raster,960,1056,1056,960,114778,0
issue,low_resolution,departements,87,Image,87,thumbs/departements/87b.svg / Vienne / Poitiers,thumbs/departements/87.webp,full/departements/87.webp,raster,145,160,6308,raster,960,1056,1056,960,58172,1
issue,low_resolution,departements,88,Image,88,thumbs/departements/88b.svg / Haute-Vienne / Limoges,thumbs/departements/88.webp,full/departements/88.webp,raster,145,160,6148,raster,960,1056,1056,960,62344,0
issue,low_resolution,departements,89,Image,89,thumbs/departements/89b.svg / Vosges / Épinal,thumbs/departements/89.webp,full/departements/89.webp,raster,145,160,7544,raster,960,1056,1056,960,112680,1
issue,low_resolution,departements,90,Image,90,thumbs/departements/90b.svg / Yonne / Auxerre,thumbs/departements/90.webp,full/departements/90.webp,raster,145,160,6630,raster,960,1056,1056,960,64068,1
issue,low_resolution,departements,91,Image,91,thumbs/departements/91b.svg / Territoire de Belfort / Belfort,thumbs/departements/91.webp,full/departements/91.webp,raster,145,160,5730,raster,960,1056,1056,960,44354,0
issue,low_resolution,departements,92,Image,92,thumbs/departements/92b.svg / Essonne / Évry-Courcouronnes,thumbs/departements/92.webp,full/departements/92.webp,raster,145,160,8652,raster,960,1056,1056,960,115386,2
issue,low_resolution,departements,93,Image,93,thumbs/departements/93b.svg / Hauts-de-Seine / Nanterre,thumbs/departements/93.webp,full/departements/93.webp,raster,145,160,6096,raster,960,1056,1056,960,70226,0
issue,low_resolution,departements,94,Image,94,thumbs/departements/94b.svg / Seine-Saint-Denis / Bobigny,thumbs/departements/94.webp,full/departements/94.webp,raster,145,160,9756,raster,960,1056,1056,960,125258,0
issue,low_resolution,departements,95,Image,95,thumbs/departements/95b.svg / Val-de-Marne / Créteil,thumbs/departements/95.webp,full/departements/95.webp,raster,145,160,8580,raster,960,1056,1056,960,105366,1
issue,low_resolution,departements,96,Image,96,thumbs/departements/96b.svg / Val-d'Oise / Cergy,thumbs/departements/96.webp,full/departements/96.webp,raster,145,160,7782,raster,960,1056,1056,960,102534,1
issue,low_resolution|low_bytes,departements,97,Image,97,thumbs/departements/97b.svg / Guadeloupe / Basse-Terre,thumbs/departements/97.webp,full/departements/97.webp,raster,89,62,1412,raster,89,62,89,62,1194,0
issue,low_resolution|low_bytes,departements,98,Image,98,thumbs/departements/98b.svg / Martinique / Fort-de-France,thumbs/departements/98.webp,full/departements/98.webp,raster,222,160,734,raster,160,115,160,115,576,2
issue,low_resolution,departements,99,Image,99,thumbs/departements/99b.svg / Guyane / Cayenne,thumbs/departements/99.webp,full/departements/99.webp,raster,145,160,6892,raster,960,1056,1056,960,91810,0
issue,low_resolution,departements,100,Image,100,thumbs/departements/100b.svg / La Réunion / Saint-Denis,thumbs/departements/100.webp,full/departements/100.webp,raster,145,160,8220,raster,960,1056,1056,960,123652,0
issue,low_resolution,departements,101,Image,101,thumbs/departements/101b.svg / Mayotte / Mamoudzou,thumbs/departements/101.webp,full/departements/101.webp,raster,145,160,6250,raster,960,1056,1056,960,65308,1
issue,low_resolution,detroits_monde,2,Image,2,Bosphore / Mer Noire et mer de Marmara / Europe et Asie,thumbs/detroits_monde/2.webp,full/detroits_monde/2.jpg,raster,200,97,6688,raster,1200,600,1200,600,206211,7
issue,low_resolution,detroits_monde,3,Image,3,Dardanelles / Mer Égée et mer de Marmara / Europe et Asie,thumbs/detroits_monde/3.webp,full/detroits_monde/3.jpg,raster,175,150,4268,raster,700,600,700,600,67496,0
issue,low_resolution,detroits_monde,5,Image,5,Malacca / Océan Indien et mer de Chine / Malaisie et Sumatra,thumbs/detroits_monde/5.webp,full/detroits_monde/5.jpg,raster,150,150,3326,raster,850,850,850,850,88771,0
issue,low_resolution,detroits_monde,6,Image,6,Béring / Arctique et Pacifique / Russie et Alaska,thumbs/detroits_monde/6.webp,full/detroits_monde/6.jpg,raster,200,150,4952,raster,1024,768,1024,768,199563,0
issue,low_resolution,detroits_monde,9,Image,9,Pas-de-Calais / Manche et mer du Nord / France et Angleterre,thumbs/detroits_monde/9.webp,full/detroits_monde/9.jpg,raster,200,150,5138,raster,1000,751,1000,751,105669,0
issue,low_resolution,detroits_monde,11,Image,11,"Skagerrak / Mer du Nord et Kattegat / Danemark, Norvège, Suède",thumbs/detroits_monde/11.webp,full/detroits_monde/11.jpg,raster,131,150,6118,raster,445,508,508,445,72841,2
issue,low_resolution|low_bytes,detroits_monde,16,Image,16,Floride / Atlantique et golfe du Mexique / États-Unis et Cuba,thumbs/detroits_monde/16.webp,full/detroits_monde/16.jpg,raster,200,131,5968,raster,260,170,260,170,13507,0
issue,low_resolution|low_bytes,detroits_monde,18,Image,18,Mozambique / Canal du Mozambique / Afrique et Madagascar,thumbs/detroits_monde/18.webp,full/detroits_monde/18.jpg,raster,200,92,2158,raster,250,115,250,115,6793,0
issue,low_resolution|possible_mismatch,f1_champions,9,Image,9,1958 / Mike Hawthorn / Royaume-Uni,thumbs/f1_champions/9.webp,full/f1_champions/9.jpg,raster,112,160,4976,raster,433,603,603,433,42930,36
issue,low_resolution,f1_champions,16,Image,16,1965 / Jim Clark / Royaume-Uni,thumbs/f1_champions/16.webp,full/f1_champions/16.jpg,raster,127,170,4798,raster,600,800,800,600,89039,0
issue,low_resolution|possible_mismatch,f1_champions,23,Image,23,1972 / Emerson Fittipaldi / Brésil,thumbs/f1_champions/23.webp,full/f1_champions/23.jpg,raster,240,160,8784,raster,828,1134,1134,828,87935,32
issue,low_resolution,f1_champions,27,Image,27,1976 / James Hunt / Royaume-Uni,thumbs/f1_champions/27.webp,full/f1_champions/27.jpg,raster,127,170,6076,raster,860,1153,1153,860,195299,0
issue,low_resolution|possible_mismatch,f1_champions,30,Image,30,1979 / Jody Scheckter / Afrique du Sud,thumbs/f1_champions/30.webp,full/f1_champions/30.jpg,raster,112,160,7020,raster,791,1101,1101,791,183291,43
issue,low_resolution,f1_champions,39,Image,39,1988 / Ayrton Senna / Brésil,thumbs/f1_champions/39.webp,full/f1_champions/39.webp,raster,167,160,4952,raster,722,691,722,691,186996,0
issue,low_resolution,f1_champions,41,Image,41,1990 / Ayrton Senna / Brésil,thumbs/f1_champions/41.webp,full/f1_champions/41.webp,raster,167,160,4952,raster,722,691,722,691,186996,0
issue,low_resolution,f1_champions,42,Image,42,1991 / Ayrton Senna / Brésil,thumbs/f1_champions/42.webp,full/f1_champions/42.webp,raster,167,160,4952,raster,722,691,722,691,186996,0
issue,low_resolution,f1_champions,45,Image,45,1994 / Michael Schumacher / Allemagne,thumbs/f1_champions/45.webp,full/f1_champions/45.webp,raster,116,160,2724,raster,828,1134,1134,828,65052,0
issue,low_resolution,f1_champions,46,Image,46,1995 / Michael Schumacher / Allemagne,thumbs/f1_champions/46.webp,full/f1_champions/46.webp,raster,116,160,2724,raster,828,1134,1134,828,65052,0
issue,low_resolution,f1_champions,47,Image,47,1996 / Damon Hill / Royaume-Uni,thumbs/f1_champions/47.webp,full/f1_champions/47.webp,raster,152,160,6332,raster,1124,1175,1175,1124,249410,0
issue,low_resolution,f1_champions,48,Image,48,1997 / Jacques Villeneuve / Canada,thumbs/f1_champions/48.webp,full/f1_champions/48.webp,raster,128,160,3870,raster,960,1197,1197,960,228346,0
issue,low_resolution,f1_champions,49,Image,49,1998 / Mika Häkkinen / Finlande,thumbs/f1_champions/49.webp,full/f1_champions/49.webp,raster,158,160,5892,raster,960,971,971,960,185228,0
issue,low_resolution,f1_champions,50,Image,50,1999 / Mika Häkkinen / Finlande,thumbs/f1_champions/50.webp,full/f1_champions/50.webp,raster,158,160,5892,raster,960,971,971,960,185228,0
issue,low_resolution,f1_champions,51,Image,51,2000 / Michael Schumacher / Allemagne,thumbs/f1_champions/51.webp,full/f1_champions/51.webp,raster,116,160,2724,raster,828,1134,1134,828,65052,0
issue,low_resolution,f1_champions,52,Image,52,2001 / Michael Schumacher / Allemagne,thumbs/f1_champions/52.webp,full/f1_champions/52.webp,raster,116,160,2724,raster,828,1134,1134,828,65052,0
issue,low_resolution,f1_champions,53,Image,53,2002 / Michael Schumacher / Allemagne,thumbs/f1_champions/53.webp,full/f1_champions/53.webp,raster,116,160,2724,raster,828,1134,1134,828,65052,0
issue,low_resolution,f1_champions,54,Image,54,2003 / Michael Schumacher / Allemagne,thumbs/f1_champions/54.webp,full/f1_champions/54.webp,raster,116,160,2724,raster,828,1134,1134,828,65052,0
issue,low_resolution,f1_champions,55,Image,55,2004 / Michael Schumacher / Allemagne,thumbs/f1_champions/55.webp,full/f1_champions/55.webp,raster,116,160,2724,raster,828,1134,1134,828,65052,0
issue,low_resolution,f1_champions,56,Image,56,2005 / Fernando Alonso / Espagne,thumbs/f1_champions/56.webp,full/f1_champions/56.webp,raster,127,160,3398,raster,896,1121,1121,896,178688,0
issue,low_resolution,f1_champions,57,Image,57,2006 / Fernando Alonso / Espagne,thumbs/f1_champions/57.webp,full/f1_champions/57.webp,raster,127,160,3398,raster,896,1121,1121,896,178688,0
issue,low_resolution,f1_champions,58,Image,58,2007 / Kimi Räikkönen / Finlande,thumbs/f1_champions/58.webp,full/f1_champions/58.webp,raster,125,160,5600,raster,641,816,816,641,93666,1
issue,low_resolution|low_bytes|possible_mismatch,f1_champions,60,Image,60,2009 / Jenson Button / Royaume-Uni,thumbs/f1_champions/60.webp,full/f1_champions/60.webp,raster,106,160,4654,raster,448,560,560,448,4258,36
issue,low_resolution,f1_champions,76,Image,76,2025 / Lando Norris / Angleterre,thumbs/f1_champions/76.webp,full/f1_champions/76.webp,raster,115,160,5386,raster,598,825,825,598,171280,1
issue,low_resolution|possible_mismatch,films,12,Image,12,1898 / Rough Sea at Dover / Birt Acres,thumbs/films/12.webp,full/films/12.jpg,raster,106,160,3934,raster,580,859,859,580,105642,35
issue,low_resolution,films,21,Image,21,1901 / The Countryman and the Cinematograph / Robert W. Paul,thumbs/films/21.webp,full/films/21.jpg,raster,113,170,5302,raster,654,982,982,654,93239,0
issue,low_resolution,films,25,Image,25,1903 / The Great Train Robbery / Edwin S. Porter,thumbs/films/25.webp,full/films/25.jpg,raster,113,170,4388,raster,720,1080,1080,720,121698,0
issue,low_resolution,films,30,Image,30,1904 / The Eviction / James Williamson,thumbs/films/30.webp,full/films/30.jpg,raster,127,170,2152,raster,810,1080,1080,810,55047,0
issue,low_resolution,films,32,Image,32,1905 / Rescued by Rover / Lewin Fitzhamon,thumbs/films/32.webp,full/films/32.webp,raster,106,160,4538,raster,501,751,751,501,64128,2
issue,low_resolution,films,36,Image,36,1906 / Humorous Phases of Funny Faces / James Stuart Blackton,thumbs/films/36.webp,full/films/36.webp,raster,106,160,4048,raster,550,825,825,550,64074,0
issue,low_resolution|low_bytes|possible_mismatch,films,42,Image,42,1908 / After Many Years / D.W. Griffith,thumbs/films/42.webp,full/films/42.webp,raster,210,160,3264,raster,448,560,560,448,4462,34
issue,low_resolution|low_bytes,films,48,Image,48,1910 / The Unchanging Sea / D.W. Griffith,thumbs/films/48.webp,full/films/48.webp,raster,106,160,1948,raster,500,750,750,500,24484,0
issue,low_resolution|low_bytes|possible_mismatch,films,49,Image,49,1911 / L'Enfer de Dante / Francesco Bertolini,thumbs/films/49.webp,full/films/49.webp,raster,112,160,5196,raster,448,560,560,448,4328,42
issue,low_resolution,films,50,Image,50,1911 / The Lonedale Operator / D.W. Griffith,thumbs/films/50.webp,full/films/50.webp,raster,106,160,5218,raster,500,750,750,500,76776,0
issue,low_resolution,films,53,Image,53,1912 / Oliver Twist / Thomas Bentley,thumbs/films/53.webp,full/films/53.webp,raster,189,160,2808,raster,960,812,960,812,100486,0
issue,low_resolution,films,54,Image,54,1912 / Richard III / André Calmettes,thumbs/films/54.webp,full/films/54.webp,raster,106,160,8144,raster,500,750,750,500,144488,0
issue,low_resolution,films,59,Image,59,1914 / Tillie's Punctured Romance / Mack Sennett,thumbs/films/59.webp,full/films/59.webp,raster,106,160,5188,raster,500,750,750,500,75466,1
issue,low_resolution,films,63,Image,63,1915 / The Tramp / Charles Chaplin,thumbs/films/63.webp,full/films/63.webp,raster,106,160,6628,raster,500,750,750,500,160468,0
issue,low_resolution,films,65,Image,65,1916 / The Floorwalker / Charles Chaplin,thumbs/films/65.webp,full/films/65.webp,raster,106,160,3784,raster,500,750,750,500,40568,0
issue,low_resolution,films,66,Image,66,1916 / 20 000 Lieues sous les mers / Stuart Paton,thumbs/films/66.webp,full/films/66.jpg,raster,113,170,7238,raster,600,900,900,600,164516,1
issue,low_resolution,films,67,Image,67,1917 / The Immigrant / Charles Chaplin,thumbs/films/67.webp,full/films/67.jpg,raster,113,170,4838,raster,600,900,900,600,68103,0
issue,low_resolution|low_bytes,films,69,Image,69,1917 / The Cure / Charles Chaplin,thumbs/films/69.webp,full/films/69.webp,raster,106,160,3374,raster,500,750,750,500,33502,0
issue,low_resolution,films,70,Image,70,1918 / Shoulder Arms / Charles Chaplin,thumbs/films/70.webp,full/films/70.webp,raster,106,160,5538,raster,500,750,750,500,77976,0
issue,low_resolution,films,75,Image,75,1919 / Male and Female / Cecil B. DeMille,thumbs/films/75.webp,full/films/75.jpg,raster,113,170,5822,raster,780,1170,1170,780,151084,0
issue,low_resolution,films,77,Image,77,1920 / Way Down East / D.W. Griffith,thumbs/films/77.webp,full/films/77.jpg,raster,113,170,4096,raster,780,1170,1170,780,106879,0
issue,low_resolution,films,86,Image,86,1923 / Safety Last! / Fred C. Newmeyer,thumbs/films/86.webp,full/films/86.webp,raster,106,160,6878,raster,500,750,750,500,146322,0
issue,low_resolution,films,87,Image,87,1923 / The Pilgrim / Charles Chaplin,thumbs/films/87.webp,full/films/87.webp,raster,106,160,6240,raster,500,750,750,500,129610,0
issue,low_resolution,films,90,Image,90,1924 / Strike / Sergueï Eisenstein,thumbs/films/90.webp,full/films/90.webp,raster,113,170,5972,raster,780,1170,1170,780,105430,0
issue,low_resolution,films,95,Image,95,1926 / Faust / F.W. Murnau,thumbs/films/95.webp,full/films/95.jpg,raster,116,170,6322,raster,760,1112,1112,760,283818,0
issue,low_resolution,films,97,Image,97,1927 / Metropolis / Fritz Lang,thumbs/films/97.webp,full/films/97.webp,raster,120,160,4880,raster,600,800,800,600,76548,0
issue,low_resolution,films,98,Image,98,1927 / Le Chanteur de jazz / Alan Crosland,thumbs/films/98.webp,full/films/98.webp,raster,106,160,4346,raster,500,750,750,500,53848,0
issue,low_resolution,films,99,Image,99,1927 / Sunrise / F.W. Murnau,thumbs/films/99.webp,full/films/99.webp,raster,113,170,7812,raster,600,900,900,600,121360,0
issue,low_resolution,films,103,Image,103,1929 / L'Homme à la caméra / Dziga Vertov,thumbs/films/103.webp,full/films/103.jpg,raster,113,170,3868,raster,700,1050,1050,700,81553,0
issue,low_resolution,films,106,Image,106,1930 / L'Ange bleu / Josef von Sternberg,thumbs/films/106.webp,full/films/106.webp,raster,106,160,5268,raster,500,750,750,500,85848,0
issue,low_resolution,films,110,Image,110,1931 / Dracula / Tod Browning,thumbs/films/110.webp,full/films/110.webp,raster,106,160,3910,raster,500,750,750,500,66504,2
issue,low_resolution,films,117,Image,117,1933 / 42nd Street / Lloyd Bacon,thumbs/films/117.webp,full/films/117.webp,raster,112,160,6998,raster,600,852,852,600,166290,0
issue,low_resolution,films,124,Image,124,1936 / Les Temps modernes / Charles Chaplin,thumbs/films/124.webp,full/films/124.webp,raster,106,160,5596,raster,500,750,750,500,103096,1
issue,low_resolution,films,129,Image,129,1937 / A Star Is Born / William A. Wellman,thumbs/films/129.webp,full/films/129.jpg,raster,113,170,7924,raster,680,1020,1020,680,168618,0
issue,low_resolution,films,131,Image,131,1938 / Bringing Up Baby / Howard Hawks,thumbs/films/131.webp,full/films/131.webp,raster,106,160,7624,raster,539,808,808,539,187978,0
issue,low_resolution,films,132,Image,132,1938 / The Adventures of Robin Hood / Michael Curtiz,thumbs/films/132.webp,full/films/132.jpg,raster,113,170,6782,raster,720,1080,1080,720,181724,0
issue,low_resolution,films,145,Image,145,1943 / Shadow of a Doubt / Alfred Hitchcock,thumbs/films/145.webp,full/films/145.webp,raster,106,160,5810,raster,500,750,750,500,86744,0
issue,low_resolution,films,149,Image,149,1944 / Laura / Otto Preminger,thumbs/films/149.webp,full/films/149.webp,raster,109,160,5548,raster,547,800,800,547,92048,0
issue,low_resolution,films,154,Image,154,1946 / La Belle et la Bête / Jean Cocteau,thumbs/films/154.webp,full/films/154.jpg,raster,113,170,6936,raster,720,1080,1080,720,166926,0
issue,low_resolution,films,156,Image,156,1946 / The Big Sleep / Howard Hawks,thumbs/films/156.webp,full/films/156.jpg,raster,113,170,6500,raster,720,1080,1080,720,144190,0
issue,low_resolution|low_bytes,films,159,Image,159,1947 / Shoe Shine / Vittorio De Sica,thumbs/films/159.webp,full/films/159.webp,raster,106,160,2404,raster,500,750,750,500,28058,0
issue,low_resolution,films,160,Image,160,1948 / Le Voleur de bicyclette / Vittorio De Sica,thumbs/films/160.webp,full/films/160.webp,raster,106,160,6904,raster,567,850,850,567,128858,1
issue,low_resolution,films,169,Image,169,1951 / Miracolo a Milano / Vittorio De Sica,thumbs/films/169.webp,full/films/169.webp,raster,119,160,5388,raster,599,800,800,599,82964,0
issue,low_resolution,films,175,Image,175,1953 / Tokyo Story / Yasujiro Ozu,thumbs/films/175.webp,full/films/175.jpg,raster,113,170,4086,raster,768,1152,1152,768,124502,0
issue,low_resolution,films,191,Image,191,1958 / Touch of Evil / Orson Welles,thumbs/films/191.webp,full/films/191.webp,raster,106,160,7380,raster,500,750,750,500,99368,0
issue,low_resolution|low_bytes,films,219,Image,219,1967 / Bonnie and Clyde / Arthur Penn,thumbs/films/219.webp,full/films/219.webp,raster,106,160,5196,raster,448,560,560,448,5276,21
issue,low_resolution,films,233,Image,233,"1972 / Aguirre, la Colère de Dieu / Werner Herzog",thumbs/films/233.webp,full/films/233.jpg,raster,113,170,6970,raster,666,1000,1000,666,179930,0
issue,low_resolution,films,260,Image,260,1981 / Raiders of the Lost Ark / Steven Spielberg,thumbs/films/260.webp,full/films/260.webp,raster,106,160,5686,raster,500,750,750,500,150544,0
issue,low_resolution,films,284,Image,284,"1989 / Sexe, mensonges et vidéo / Steven Soderbergh",thumbs/films/284.webp,full/films/284.jpg,raster,113,170,5268,raster,780,1170,1170,780,134566,1
issue,low_resolution,films,297,Image,297,1993 / Short Cuts / Robert Altman,thumbs/films/297.webp,full/films/297.webp,raster,118,160,5184,raster,591,800,800,591,79848,0
issue,low_bytes,films,333,Image,333,2005 / Cache / Michael Haneke,thumbs/films/333.webp,full/films/333.webp,raster,106,160,1446,raster,1066,1600,1600,1066,27330,1
issue,low_resolution,films,345,Image,345,2009 / Le Ruban blanc / Michael Haneke,thumbs/films/345.webp,full/films/345.jpg,raster,113,170,3386,raster,667,1000,1000,667,92737,0
issue,low_resolution,films,357,Image,357,2013 / La Grande Bellezza / Paolo Sorrentino,thumbs/films/357.webp,full/films/357.webp,raster,120,160,5338,raster,563,750,750,563,115996,0
issue,low_resolution,films,377,Image,377,2020 / Minari / Lee Isaac Chung,thumbs/films/377.webp,full/films/377.webp,raster,106,160,4410,raster,596,894,894,596,105336,0
issue,low_resolution|possible_mismatch,fleuves_monde,4,Image,4,Mississippi–Missouri / 6 275 km / Amérique du Nord,thumbs/fleuves_monde/4.webp,full/fleuves_monde/4.jpg,raster,200,150,10430,raster,900,675,900,675,199656,29
issue,low_resolution|possible_mismatch,fleuves_monde,8,Image,8,Paraná / 4 880 km / Amérique du Sud,thumbs/fleuves_monde/8.webp,full/fleuves_monde/8.jpg,raster,200,150,7626,raster,1000,1000,1000,1000,96589,48
issue,low_resolution,grandes_explorations,3,Image,3,Vasco de Gama / 1497-1499 / Route des Indes,thumbs/grandes_explorations/3.webp,full/grandes_explorations/3.jpg,raster,116,160,3974,raster,562,693,693,562,68089,17
issue,low_resolution|possible_mismatch,grandes_explorations,4,Image,4,Magellan et Elcano / 1519-1522 / Monde,thumbs/grandes_explorations/4.webp,full/grandes_explorations/4.jpg,raster,262,160,17172,raster,400,500,500,400,66089,36
issue,low_resolution,grandes_explorations,6,Image,6,Alexander von Humboldt / 1799-1804 / Amériques,thumbs/grandes_explorations/6.webp,full/grandes_explorations/6.jpg,raster,129,160,3816,raster,500,803,803,500,65559,25
issue,low_resolution|possible_mismatch,grandes_explorations,10,Image,10,Bartolomeu Dias / 1487–1488 / Afrique,thumbs/grandes_explorations/10.webp,full/grandes_explorations/10.jpg,raster,72,160,3018,raster,500,790,790,500,51997,35
issue,low_resolution,grandes_explorations,16,Image,16,Samuel de Champlain / 1603–1615 / Canada,thumbs/grandes_explorations/16.webp,full/grandes_explorations/16.jpg,raster,122,150,8006,raster,526,646,646,526,103918,1
issue,low_resolution|possible_mismatch,grandes_explorations,18,Image,18,Mungo Park / 1795–1806 / Afrique,thumbs/grandes_explorations/18.webp,full/grandes_explorations/18.jpg,raster,136,150,3434,raster,500,774,774,500,109877,41
issue,low_resolution|low_bytes|possible_mismatch,grands_scientifiques,8,Image,8,Marie Curie / Physique et chimie / Franco-polonaise,thumbs/grands_scientifiques/8.webp,full/grands_scientifiques/8.jpg,raster,117,160,2706,raster,500,839,839,500,19215,29
issue,low_resolution|low_bytes|possible_mismatch,grands_scientifiques,9,Image,9,Albert Einstein / Physique / Germano-suisse-américaine,thumbs/grands_scientifiques/9.webp,full/grands_scientifiques/9.jpg,raster,129,160,4556,raster,500,778,778,500,34855,31
issue,low_resolution|possible_mismatch,grands_scientifiques,10,Image,10,Rosalind Franklin / Chimie / Britannique,thumbs/grands_scientifiques/10.webp,full/grands_scientifiques/10.jpg,raster,131,160,4608,raster,500,859,859,500,41472,29
issue,low_resolution,grands_scientifiques,12,Image,12,Jane Goodall / Primatologie / Britannique,thumbs/grands_scientifiques/12.webp,full/grands_scientifiques/12.jpg,raster,119,160,6268,raster,497,789,789,497,50780,24
issue,low_resolution|low_bytes,guerres,4,Image,4,Guerres puniques / 264–146 av. J.-C. / Rome vs Carthage,thumbs/guerres/4.webp,full/guerres/4.jpg,raster,200,150,2992,raster,800,600,800,600,32250,0
issue,low_resolution|possible_mismatch,guerres,7,Image,7,Guerre de Cent Ans / 1337–1453 / France vs Angleterre,thumbs/guerres/7.webp,full/guerres/7.jpg,raster,160,160,6008,raster,823,536,823,536,157125,28
issue,low_bytes,guerres,10,Image,10,Guerre de Sept Ans / 1756–1763 / France/Autriche vs Prusse/Angleterre,thumbs/guerres/10.webp,full/guerres/10.jpg,raster,160,160,5334,raster,909,1200,1200,909,33732,20
issue,low_resolution,guerres,17,Image,17,Guerre russo-japonaise / 1904–1905 / Japon vs Russie,thumbs/guerres/17.webp,full/guerres/17.jpg,raster,114,160,3212,raster,798,544,798,544,73469,26
issue,low_resolution|possible_mismatch,guerres,19,Image,19,Première Guerre mondiale / 1914–1918 / Alliés vs Empires centraux,thumbs/guerres/19.webp,full/guerres/19.jpg,raster,200,160,7958,raster,1085,664,1085,664,141145,31
issue,low_resolution,guerres,23,Image,23,Seconde Guerre mondiale / 1939–1945 / Alliés vs Axe (Allemagne/Italie/Japon),thumbs/guerres/23.webp,full/guerres/23.webp,raster,169,160,6474,raster,560,525,560,525,47412,1
issue,low_resolution|low_bytes,guerres,24,Image,24,Guerre d'Indochine / 1946–1954 / France vs Viêt Minh,thumbs/guerres/24.webp,full/guerres/24.webp,raster,120,160,4254,raster,420,560,560,420,31596,0
issue,low_resolution|low_bytes,guerres,25,Image,25,Guerre de Corée / 1950–1953 / ONU/Corée du Sud vs Corée du Nord/Chine,thumbs/guerres/25.webp,full/guerres/25.webp,raster,107,160,3674,raster,376,560,560,376,25576,0
issue,low_resolution|low_bytes,guerres,26,Image,26,Guerre d'Algérie / 1954–1962 / France vs FLN,thumbs/guerres/26.webp,full/guerres/26.webp,raster,160,160,5232,raster,560,560,560,560,30112,0
issue,low_resolution,guerres,27,Image,27,Guerre du Vietnam / 1955–1975 / États-Unis/Vietnam du Sud vs Vietnam du Nord,thumbs/guerres/27.webp,full/guerres/27.webp,raster,195,160,6598,raster,560,457,560,457,48444,0
issue,low_resolution|low_bytes,guerres,28,Image,28,Guerre des Six Jours / 1967 / Israël vs Égypte/Jordanie/Syrie,thumbs/guerres/28.webp,full/guerres/28.webp,raster,125,160,4094,raster,436,560,560,436,26052,0
issue,low_resolution|low_bytes,guerres,29,Image,29,Guerre du Kippour / 1973 / Israël vs Égypte/Syrie,thumbs/guerres/29.webp,full/guerres/29.webp,raster,139,160,3292,raster,486,560,560,486,18258,1
issue,low_resolution|low_bytes,guerres,30,Image,30,"Guerre civile libanaise / 1975–1990 / Multiples factions (OLP, milices, Syrie, Israël)",thumbs/guerres/30.webp,full/guerres/30.webp,raster,240,160,5064,raster,560,371,560,371,17394,1
issue,low_resolution|low_bytes,guerres,31,Image,31,Guerre Iran-Irak / 1980–1988 / Iran vs Irak,thumbs/guerres/31.webp,full/guerres/31.webp,raster,240,160,3320,raster,560,371,560,371,8968,0
issue,low_resolution|low_bytes,guerres,32,Image,32,Guerre des Malouines / 1982 / Argentine vs Royaume-Uni,thumbs/guerres/32.webp,full/guerres/32.webp,raster,113,160,1730,raster,397,560,560,397,11262,1
issue,low_resolution|low_bytes,guerres,33,Image,33,Guerre du Golfe / 1990–1991 / Coalition internationale vs Irak,thumbs/guerres/33.webp,full/guerres/33.webp,raster,130,160,4224,raster,455,560,560,455,23592,0
issue,low_resolution|low_bytes,guerres,34,Image,34,Guerre de Bosnie / 1992–1995 / Bosniaques/Croates vs Serbes de Bosnie,thumbs/guerres/34.webp,full/guerres/34.webp,raster,160,160,4740,raster,504,504,504,504,26154,0
issue,low_resolution|low_bytes,guerres,35,Image,35,Guerre du Kosovo / 1998–1999 / OTAN vs Yougoslavie,thumbs/guerres/35.webp,full/guerres/35.webp,raster,216,160,4334,raster,560,413,560,413,27220,0
issue,low_resolution|low_bytes,guerres,36,Image,36,Guerre en Afghanistan / 2001–2021 / OTAN/USA vs Taliban,thumbs/guerres/36.webp,full/guerres/36.webp,raster,246,160,5180,raster,560,363,560,363,17634,1
issue,low_resolution|low_bytes,guerres,37,Image,37,Guerre d'Irak / 2003–2011 / Coalition vs Irak de Saddam,thumbs/guerres/37.webp,full/guerres/37.webp,raster,172,160,4224,raster,300,278,300,278,9248,0
issue,low_resolution|low_bytes,guerres,38,Image,38,Guerre civile syrienne / 2011– / Gouvernement syrien vs multiples factions,thumbs/guerres/38.webp,full/guerres/38.webp,raster,193,160,2780,raster,560,462,560,462,17274,0
issue,low_resolution|low_bytes,guerres,39,Image,39,Guerre du Yémen / 2015– / Arabie Saoudite/coalition vs Houthis,thumbs/guerres/39.webp,full/guerres/39.webp,raster,244,160,2760,raster,560,364,560,364,10514,2
issue,low_resolution|low_bytes,guerres,40,Image,40,Guerre russo-ukrainienne / 2022– / Russie vs Ukraine,thumbs/guerres/40.webp,full/guerres/40.webp,raster,237,160,5086,raster,560,376,560,376,21528,0
issue,low_resolution|low_bytes|possible_mismatch,inventions_majeures,15,Image,15,Anesthésie / 1846 / Médecine,thumbs/inventions_majeures/15.webp,full/inventions_majeures/15.jpg,raster,200,150,7066,raster,601,400,601,400,34222,38
issue,low_resolution|possible_mismatch,inventions_majeures,19,Image,19,Radio / 1895 / Communication,thumbs/inventions_majeures/19.webp,full/inventions_majeures/19.jpg,raster,200,150,3070,raster,1200,649,1200,649,50210,48
issue,low_bytes,inventions_majeures,22,Image,22,Antibiotiques / 1928 / Médecine,thumbs/inventions_majeures/22.webp,full/inventions_majeures/22.jpg,raster,220,147,126,raster,1200,802,1200,802,15928,0
issue,low_resolution,inventions_majeures,26,Image,26,Satellite artificiel / 1957 / Espace,thumbs/inventions_majeures/26.webp,full/inventions_majeures/26.jpg,raster,200,150,6198,raster,554,904,904,554,141165,21
issue,low_resolution|possible_mismatch,jo_ete,1,Image,1,1896 / Athènes / 🇬🇷 Grèce,thumbs/jo_ete/1.webp,full/jo_ete/1.jpg,raster,111,160,4200,raster,500,931,931,500,44761,39
issue,low_resolution|possible_mismatch,jo_ete,4,Image,4,1906 / Athènes / 🇬🇷 Grèce,thumbs/jo_ete/4.webp,full/jo_ete/4.jpg,raster,90,160,3510,raster,409,500,500,409,65484,27
issue,low_resolution|possible_mismatch,jo_ete,5,Image,5,1908 / Londres / 🇬🇧 Royaume-Uni,thumbs/jo_ete/5.webp,full/jo_ete/5.jpg,raster,284,160,6466,raster,590,884,884,590,115315,36
issue,low_resolution|low_bytes,jo_ete,9,Image,9,1928 / Amsterdam / 🇳🇱 Pays-Bas,thumbs/jo_ete/9.webp,full/jo_ete/9.jpg,raster,103,160,4836,raster,274,363,363,274,29620,24
issue,low_resolution|low_bytes,jo_ete,11,Image,11,1936 / Berlin / 🇩🇪 Allemagne,thumbs/jo_ete/11.webp,full/jo_ete/11.webp,raster,132,160,4382,raster,464,560,560,464,25436,0
issue,low_resolution|low_bytes,jo_ete,12,Image,12,1948 / Londres / 🇬🇧 Royaume-Uni,thumbs/jo_ete/12.webp,full/jo_ete/12.webp,raster,123,160,4522,raster,431,560,560,431,25888,5
issue,low_resolution|possible_mismatch,jo_ete,13,Image,13,1952 / Helsinki / 🇫🇮 Finlande,thumbs/jo_ete/13.webp,full/jo_ete/13.jpg,raster,160,160,3164,raster,500,776,776,500,40932,40
issue,low_resolution|low_bytes,jo_ete,14,Image,14,1956 / Melbourne / 🇦🇺 Australie,thumbs/jo_ete/14.webp,full/jo_ete/14.webp,raster,97,160,6090,raster,339,560,560,339,29634,3
issue,low_resolution|low_bytes|possible_mismatch,jo_ete,17,Image,17,1968 / Mexico / 🇲🇽 Mexique,thumbs/jo_ete/17.webp,full/jo_ete/17.webp,raster,200,105,7802,raster,560,319,560,319,4980,31
issue,low_resolution|low_bytes,jo_ete,21,Image,21,1984 / Los Angeles / 🇺🇸 États-Unis,thumbs/jo_ete/21.webp,full/jo_ete/21.webp,raster,240,160,2038,raster,560,371,560,371,6600,0
issue,low_resolution|low_bytes,jo_ete,24,Image,24,1996 / Atlanta / 🇺🇸 États-Unis,thumbs/jo_ete/24.webp,full/jo_ete/24.webp,raster,90,160,2444,raster,316,560,560,316,11628,7
issue,low_resolution|low_bytes,jo_ete,28,Image,28,2012 / Londres / 🇬🇧 Royaume-Uni,thumbs/jo_ete/28.webp,full/jo_ete/28.webp,raster,284,160,6466,raster,560,315,560,315,17426,0
issue,low_resolution|low_bytes,jo_ete,30,Image,30,2020 / Tokyo / 🇯🇵 Japon,thumbs/jo_ete/30.webp,full/jo_ete/30.webp,raster,295,160,13490,raster,560,301,560,301,31814,1
issue,low_resolution|low_bytes,jo_hiver,4,Image,4,1936 / Garmisch-Partenkirchen / 🇩🇪 Allemagne,thumbs/jo_hiver/4.webp,full/jo_hiver/4.webp,raster,160,160,6964,raster,560,560,560,560,29308,3
issue,low_resolution|possible_mismatch,jo_hiver,5,Image,5,1948 / Saint-Moritz / 🇨🇭 Suisse,thumbs/jo_hiver/5.webp,full/jo_hiver/5.jpg,raster,239,160,4112,raster,1200,473,1200,473,129031,40
issue,low_bytes,jo_hiver,9,Image,9,1964 / Innsbruck / 🇦🇹 Autriche,thumbs/jo_hiver/9.webp,full/jo_hiver/9.jpg,raster,170,170,116,raster,1200,1200,1200,1200,8721,0
issue,low_resolution|low_bytes,jo_hiver,11,Image,11,1972 / Sapporo / 🇯🇵 Japon,thumbs/jo_hiver/11.webp,full/jo_hiver/11.webp,raster,240,160,5172,raster,560,371,560,371,24282,1
issue,low_resolution,jo_hiver,12,Image,12,1976 / Innsbruck / 🇦🇹 Autriche,thumbs/jo_hiver/12.webp,full/jo_hiver/12.webp,raster,150,160,7032,raster,525,560,560,525,37990,2
issue,low_resolution|low_bytes,jo_hiver,13,Image,13,1980 / Lake Placid / 🇺🇸 États-Unis,thumbs/jo_hiver/13.webp,full/jo_hiver/13.webp,raster,216,160,2614,raster,560,413,560,413,11008,0
issue,low_resolution|low_bytes,jo_hiver,16,Image,16,1992 / Albertville / 🇫🇷 France,thumbs/jo_hiver/16.webp,full/jo_hiver/16.webp,raster,213,160,5360,raster,560,420,560,420,33218,0
issue,low_resolution,litterature,3,Image,3,L'Énéide / Virgile / Rome antique,thumbs/litterature/3.webp,full/litterature/3.jpg,raster,200,139,7386,raster,1050,729,1050,729,144667,0
issue,low_resolution|low_bytes|possible_mismatch,litterature,4,Image,4,Les Métamorphoses / Ovide / Rome antique,thumbs/litterature/4.webp,full/litterature/4.webp,raster,112,150,3216,raster,180,289,289,180,1670,46
issue,low_resolution|low_bytes,litterature,5,Image,5,La Divine Comédie / Dante Alighieri / 🇮🇹 Italie,thumbs/litterature/5.webp,full/litterature/5.jpg,raster,186,150,9456,raster,500,780,780,500,19000,23
issue,low_resolution|possible_mismatch,litterature,9,Image,9,Roméo et Juliette / William Shakespeare / 🇬🇧 Angleterre,thumbs/litterature/9.webp,full/litterature/9.jpg,raster,103,150,5612,raster,361,468,468,361,56149,30
issue,low_resolution,litterature,16,Image,16,La Chartreuse de Parme / Stendhal / 🇫🇷 France,thumbs/litterature/16.webp,full/litterature/16.jpg,raster,84,150,2432,raster,514,920,920,514,55397,0
issue,low_resolution,litterature,20,Image,20,Les Frères Karamazov / Fiodor Dostoïevski / 🇷🇺 Russie,thumbs/litterature/20.webp,full/litterature/20.jpg,raster,106,160,2780,raster,636,783,783,636,160590,18
issue,low_resolution|possible_mismatch,litterature,24,Image,24,Les Aventures de Huckleberry Finn / Mark Twain / 🇺🇸 États-Unis,thumbs/litterature/24.webp,full/litterature/24.jpg,raster,101,160,4740,raster,918,1000,1000,918,331110,37
issue,low_resolution,litterature,29,Image,29,À la recherche du temps perdu / Marcel Proust / 🇫🇷 France,thumbs/litterature/29.webp,full/litterature/29.jpg,raster,200,133,5768,raster,506,337,506,337,61501,0
issue,low_resolution,litterature,30,Image,30,Ulysse / James Joyce / 🇮🇪 Irlande,thumbs/litterature/30.webp,full/litterature/30.jpg,raster,119,150,1800,raster,444,562,562,444,92109,1
issue,low_resolution,litterature,33,Image,33,L'Étranger / Albert Camus / 🇫🇷 France,thumbs/litterature/33.webp,full/litterature/33.jpg,raster,96,150,1846,raster,601,935,935,601,71834,1
issue,low_resolution|low_bytes|possible_mismatch,litterature,34,Image,34,La Nausée / Jean-Paul Sartre / 🇫🇷 France,thumbs/litterature/34.webp,full/litterature/34.webp,raster,115,150,4014,raster,180,272,272,180,426,37
issue,low_resolution|low_bytes|possible_mismatch,litterature,35,Image,35,Le Procès / Franz Kafka / 🇨🇿 Tchécoslovaquie,thumbs/litterature/35.webp,full/litterature/35.webp,raster,102,150,4724,raster,180,240,240,180,3028,31
issue,low_resolution|possible_mismatch,litterature,37,Image,37,1984 / George Orwell / 🇬🇧 Angleterre,thumbs/litterature/37.webp,full/litterature/37.jpg,raster,104,160,2522,raster,679,449,679,449,54226,50
issue,low_resolution,litterature,38,Image,38,La Ferme des animaux / George Orwell / 🇬🇧 Angleterre,thumbs/litterature/38.webp,full/litterature/38.jpg,raster,94,160,3366,raster,543,799,799,543,79867,19
issue,low_resolution|low_bytes|possible_mismatch,litterature,39,Image,39,Le Meilleur des mondes / Aldous Huxley / 🇬🇧 Angleterre,thumbs/litterature/39.webp,full/litterature/39.jpg,raster,97,160,3138,raster,220,327,327,220,26964,35
issue,low_resolution|low_bytes,litterature,40,Image,40,Fahrenheit 451 / Ray Bradbury / 🇺🇸 États-Unis,thumbs/litterature/40.webp,full/litterature/40.webp,raster,103,160,3594,raster,180,278,278,180,8112,0
issue,low_resolution|low_bytes,litterature,41,Image,41,Le Seigneur des anneaux / J.R.R. Tolkien / 🇬🇧 Angleterre,thumbs/litterature/41.webp,full/litterature/41.webp,raster,160,160,5948,raster,180,179,180,179,7204,1
issue,low_resolution|low_bytes|possible_mismatch,litterature,44,Image,44,Cent ans de solitude / Gabriel García Márquez / 🇨🇴 Colombie,thumbs/litterature/44.webp,full/litterature/44.webp,raster,100,150,3466,raster,180,120,180,120,4656,29
issue,low_resolution|low_bytes,litterature,46,Image,46,Lolita / Vladimir Nabokov / 🇺🇸 États-Unis,thumbs/litterature/46.webp,full/litterature/46.webp,raster,95,150,1738,raster,180,312,312,180,2886,21
issue,low_resolution|low_bytes|possible_mismatch,litterature,49,Image,49,Le Nom de la rose / Umberto Eco / 🇮🇹 Italie,thumbs/litterature/49.webp,full/litterature/49.webp,raster,100,150,3038,raster,180,270,270,180,2076,53
issue,low_resolution,litterature,50,Image,50,Les Raisins de la colère / John Steinbeck / 🇺🇸 États-Unis,thumbs/litterature/50.webp,full/litterature/50.jpg,raster,96,160,3110,raster,702,1041,1041,702,220866,11
issue,low_resolution|low_bytes,litterature,52,Image,52,Voyage au bout de la nuit / Louis-Ferdinand Céline / 🇫🇷 France,thumbs/litterature/52.webp,full/litterature/52.webp,raster,110,150,2960,raster,180,298,298,180,4522,13
issue,low_resolution|low_bytes|possible_mismatch,litterature,53,Image,53,La Condition humaine / André Malraux / 🇫🇷 France,thumbs/litterature/53.webp,full/litterature/53.webp,raster,101,150,2846,raster,180,302,302,180,4172,37
issue,low_resolution|possible_mismatch,litterature,54,Image,54,Dune / Frank Herbert / 🇺🇸 États-Unis,thumbs/litterature/54.webp,full/litterature/54.jpg,raster,101,160,3346,raster,773,1147,1147,773,274978,35
issue,low_resolution|low_bytes|possible_mismatch,litterature,55,Image,55,Fondation / Isaac Asimov / 🇺🇸 États-Unis,thumbs/litterature/55.webp,full/litterature/55.webp,raster,103,150,3750,raster,180,295,295,180,4874,28
issue,low_resolution,litterature,56,Image,56,Le Guide du voyageur galactique / Douglas Adams / 🇬🇧 Angleterre,thumbs/litterature/56.webp,full/litterature/56.webp,raster,106,160,6556,raster,332,500,500,332,53152,0
issue,low_resolution|low_bytes|possible_mismatch,litterature,57,Image,57,Harry Potter (série) / J.K. Rowling / 🇬🇧 Angleterre,thumbs/litterature/57.webp,full/litterature/57.jpg,raster,106,160,2742,raster,1200,435,1200,435,9028,39
issue,low_resolution|possible_mismatch,litterature,58,Image,58,L'Alchimiste / Paulo Coelho / 🇧🇷 Brésil,thumbs/litterature/58.webp,full/litterature/58.jpg,raster,122,160,4778,raster,516,770,770,516,82359,35
issue,low_resolution|possible_mismatch,litterature,59,Image,59,L'Assommoir / Émile Zola / 🇫🇷 France,thumbs/litterature/59.webp,full/litterature/59.jpg,raster,102,160,2680,raster,465,854,854,465,40745,28
issue,low_resolution|low_bytes,litterature,60,Image,60,Invisible Man / Ralph Ellison / 🇺🇸 États-Unis,thumbs/litterature/60.webp,full/litterature/60.webp,raster,90,160,2888,raster,180,319,319,180,6854,0
issue,low_resolution|low_bytes,lunes,5,Image,5,Adrastée / Jupiter / 129 000,thumbs/lunes/5.webp,full/lunes/5.jpg,raster,200,95,1418,raster,860,410,860,410,20389,1
issue,low_resolution|possible_mismatch,lunes,9,Image,9,Europe / Jupiter / 671 100,thumbs/lunes/9.webp,full/lunes/9.jpg,raster,284,160,4606,raster,400,408,408,400,40246,40
issue,low_resolution|low_bytes,lunes,12,Image,12,Léda / Jupiter / 11 165 000,thumbs/lunes/12.webp,full/lunes/12.jpg,raster,160,160,8822,raster,419,425,425,419,17723,24
issue,low_resolution,lunes,13,Image,13,Himalia / Jupiter / 11 461 000,thumbs/lunes/13.webp,full/lunes/13.webp,raster,217,160,1000,raster,735,540,735,540,61832,0
issue,low_resolution|low_bytes|possible_mismatch,lunes,17,Image,17,Carme / Jupiter / 23 404 000,thumbs/lunes/17.webp,full/lunes/17.jpg,raster,160,160,3116,raster,750,750,750,750,27952,33
issue,low_resolution,lunes,22,Image,22,Prométhée / Saturne / 139 350,thumbs/lunes/22.webp,full/lunes/22.jpg,raster,160,160,900,raster,1020,1020,1020,1020,143645,19
issue,low_resolution,lunes,25,Image,25,Encelade / Saturne / 238 020,thumbs/lunes/25.webp,full/lunes/25.jpg,raster,135,160,3186,raster,1050,1050,1050,1050,122804,25
issue,low_resolution,lunes,26,Image,26,Téthys / Saturne / 294 660,thumbs/lunes/26.webp,full/lunes/26.jpg,raster,160,160,4334,raster,988,822,988,822,63552,4
issue,low_resolution|possible_mismatch,lunes,27,Image,27,Télescopé / Saturne / 294 660,thumbs/lunes/27.webp,full/lunes/27.jpg,raster,226,160,6022,raster,600,580,600,580,50884,28
issue,low_resolution,lunes,28,Image,28,Calypso / Saturne / 294 660,thumbs/lunes/28.webp,full/lunes/28.jpg,raster,187,160,486,raster,960,900,960,900,67236,20
issue,low_resolution|low_bytes,lunes,29,Image,29,Dioné / Saturne / 377 400,thumbs/lunes/29.webp,full/lunes/29.jpg,raster,209,160,2708,raster,600,420,600,420,16092,18
issue,low_resolution|low_bytes,lunes,30,Image,30,Hélène / Saturne / 377 400,thumbs/lunes/30.webp,full/lunes/30.jpg,raster,170,160,2338,raster,600,400,600,400,16210,23
issue,low_resolution|low_bytes,lunes,32,Image,32,Titan / Saturne / 1 221 870,thumbs/lunes/32.webp,full/lunes/32.jpg,raster,160,160,1042,raster,800,800,800,800,24612,18
issue,low_resolution|low_bytes,lunes,33,Image,33,Hypérion / Saturne / 1 481 010,thumbs/lunes/33.webp,full/lunes/33.jpg,raster,160,160,4724,raster,501,442,501,442,12046,8
issue,low_resolution,lunes,35,Image,35,Phœbé / Saturne / 12 947 780,thumbs/lunes/35.webp,full/lunes/35.jpg,raster,109,160,3796,raster,1151,1151,1151,1151,170877,17
issue,low_resolution,lunes,36,Image,36,Puck / Uranus / 86 000,thumbs/lunes/36.webp,full/lunes/36.jpg,raster,160,160,832,raster,620,620,620,620,37100,16
issue,low_resolution,lunes,37,Image,37,Miranda / Uranus / 129 900,thumbs/lunes/37.webp,full/lunes/37.jpg,raster,160,160,3598,raster,646,646,646,646,50010,9
issue,low_resolution|low_bytes,lunes,38,Image,38,Ariel / Uranus / 190 900,thumbs/lunes/38.webp,full/lunes/38.jpg,raster,160,160,2764,raster,350,350,350,350,17401,10
issue,low_resolution|low_bytes,lunes,39,Image,39,Umbriel / Uranus / 266 000,thumbs/lunes/39.webp,full/lunes/39.jpg,raster,154,160,1860,raster,510,510,510,510,14212,4
issue,low_resolution|low_bytes,lunes,40,Image,40,Titania / Uranus / 436 300,thumbs/lunes/40.webp,full/lunes/40.webp,raster,160,160,1502,raster,700,700,700,700,23158,0
issue,low_resolution|possible_mismatch,lunes,42,Image,42,Caliban / Uranus / 7 231 000,thumbs/lunes/42.webp,full/lunes/42.webp,raster,256,160,3362,raster,448,814,814,448,48210,27
issue,low_resolution|low_bytes,lunes,43,Image,43,Sycorax / Uranus / 12 179 000,thumbs/lunes/43.webp,full/lunes/43.jpg,raster,238,160,5108,raster,227,201,227,201,4591,8
issue,low_resolution,lunes,44,Image,44,Naïade / Neptune / 48 227,thumbs/lunes/44.webp,full/lunes/44.jpg,raster,256,160,2036,raster,836,840,840,836,48806,12
issue,low_resolution|low_bytes|possible_mismatch,lunes,45,Image,45,Thalassa / Neptune / 50 075,thumbs/lunes/45.webp,full/lunes/45.jpg,raster,207,160,6340,raster,320,226,320,226,3278,37
issue,low_resolution|low_bytes,lunes,46,Image,46,Despina / Neptune / 52 526,thumbs/lunes/46.webp,full/lunes/46.jpg,raster,150,150,1406,raster,320,320,320,320,2151,12
issue,low_resolution|low_bytes,lunes,48,Image,48,Larissa / Neptune / 73 548,thumbs/lunes/48.webp,full/lunes/48.jpg,raster,227,160,734,raster,535,480,535,480,13721,6
issue,low_resolution|low_bytes,lunes,50,Image,50,Triton / Neptune / 354 800,thumbs/lunes/50.webp,full/lunes/50.jpg,raster,160,160,1032,raster,336,336,336,336,15182,22
issue,low_resolution|low_bytes,lunes,51,Image,51,Nereide / Neptune / 5 513 400,thumbs/lunes/51.webp,full/lunes/51.jpg,raster,150,150,926,raster,500,500,500,500,18619,18
issue,low_bytes,lunes,52,Image,52,Charon / Pluton / 19 591,thumbs/lunes/52.webp,full/lunes/52.jpg,raster,160,160,4828,raster,1200,1200,1200,1200,32926,22
issue,low_resolution|low_bytes,lunes,53,Image,53,Styx / Pluton / 42 656,thumbs/lunes/53.webp,full/lunes/53.jpg,raster,160,160,492,raster,300,300,300,300,4440,0
issue,low_resolution|low_bytes,lunes,56,Image,56,Hydra / Pluton / 64 738,thumbs/lunes/56.webp,full/lunes/56.jpg,raster,160,160,824,raster,630,630,630,630,21852,15
issue,low_resolution,mers_oceans,1,Image,1,Océan Pacifique / 165 millions km² / Pacifique,thumbs/mers_oceans/1.webp,full/mers_oceans/1.jpg,raster,150,150,5670,raster,330,330,330,330,35937,0
issue,low_resolution|low_bytes,mers_oceans,2,Image,2,Océan Atlantique / 106 millions km² / Atlantique,thumbs/mers_oceans/2.webp,full/mers_oceans/2.jpg,raster,150,150,5356,raster,328,328,328,328,30979,1
issue,low_resolution|low_bytes,mers_oceans,3,Image,3,Océan Indien / 70 millions km² / Indien,thumbs/mers_oceans/3.webp,full/mers_oceans/3.jpg,raster,150,150,5132,raster,330,330,330,330,30202,0
issue,low_resolution,mers_oceans,4,Image,4,Océan Arctique / 14 millions km² / Arctique,thumbs/mers_oceans/4.webp,full/mers_oceans/4.jpg,raster,150,150,6258,raster,329,330,330,329,37003,0
issue,low_resolution,mers_oceans,12,Image,12,"Mer de Tasman / 2,3 millions km² / Pacifique",thumbs/mers_oceans/12.webp,full/mers_oceans/12.jpg,raster,200,140,4666,raster,919,642,919,642,103587,1
issue,low_resolution,mers_oceans,20,Image,20,Mer Égée / 214 000 km² / Méditerranée,thumbs/mers_oceans/20.webp,full/mers_oceans/20.jpg,raster,200,122,3848,raster,902,551,902,551,66065,1
issue,low_resolution|possible_mismatch,montagnes_monde,10,Image,10,Annapurna / 8 091 m / Himalaya,thumbs/montagnes_monde/10.webp,full/montagnes_monde/10.jpg,raster,298,160,18196,raster,1200,428,1200,428,186389,41
issue,low_resolution,montagnes_monde,23,Image,23,Fujiyama / 3 776 m,thumbs/montagnes_monde/23.webp,full/montagnes_monde/23.jpg,raster,240,160,3610,raster,1200,587,1200,587,77464,14
issue,low_resolution,montagnes_monde,25,Image,25,Aneto / 3 404 m / Pyrénées,thumbs/montagnes_monde/25.webp,full/montagnes_monde/25.jpg,raster,246,160,5448,raster,551,413,551,413,45525,21
issue,low_resolution|low_bytes|possible_mismatch,montagnes_monde,27,Image,27,Montagne Sainte-Hélène / 2 549 m / Cascades,thumbs/montagnes_monde/27.webp,full/montagnes_monde/27.jpg,raster,197,160,6662,raster,500,763,763,500,10214,35
issue,low_resolution,mouvements_peinture,5,Image,5,"Art byzantin / 330–1453 / Icônes dorées, hiératisme, symbolisme chrétien",thumbs/mouvements_peinture/5.webp,full/mouvements_peinture/5.jpg,raster,200,121,5302,raster,720,1077,1077,720,220388,19
issue,low_bytes,mouvements_peinture,33,Image,33,"Surréalisme / 1924–1950 / Inconscient, rêve, automatisme psychique",thumbs/mouvements_peinture/33.webp,full/mouvements_peinture/33.jpg,raster,95,170,656,raster,670,1200,1200,670,30081,4
issue,low_resolution|possible_mismatch,mouvements_peinture,38,Image,38,Hyperréalisme / 1968– / Reproduction ultra-précise de la photographie,thumbs/mouvements_peinture/38.webp,full/mouvements_peinture/38.jpg,raster,200,124,8908,raster,609,1200,1200,609,208339,35
issue,low_resolution,mouvements_peinture,39,Image,39,"Néo-expressionnisme / 1980– / Retour à la figure, couleurs crues",thumbs/mouvements_peinture/39.webp,full/mouvements_peinture/39.webp,raster,200,150,10062,raster,396,396,396,396,71860,23
issue,low_resolution|possible_mismatch,mouvements_peinture,41,Image,41,"Art numérique / 1990– / Ordinateur, algorithme, génératif",thumbs/mouvements_peinture/41.webp,full/mouvements_peinture/41.webp,raster,200,149,4730,raster,800,600,800,600,145536,27
issue,low_resolution,musees_monde,1,Image,1,Musée du Louvre / Paris / France,thumbs/musees_monde/1.webp,full/musees_monde/1.jpg,raster,200,84,3506,raster,800,336,800,336,70808,0
issue,low_resolution,musees_monde,6,Image,6,Galerie des Offices / Florence / Italie,thumbs/musees_monde/6.webp,full/musees_monde/6.jpg,raster,200,133,8616,raster,800,533,800,533,150733,0
issue,low_resolution|possible_mismatch,musees_monde,9,Image,9,Musée d’Orsay / Paris / France,thumbs/musees_monde/9.webp,full/musees_monde/9.jpg,raster,200,150,5910,raster,500,933,933,500,42594,31
issue,low_resolution|possible_mismatch,musees_monde,22,Image,22,Musée national de Tokyo / Tokyo / Japon,thumbs/musees_monde/22.webp,full/musees_monde/22.jpg,raster,200,133,6316,raster,1200,579,1200,579,257569,28
issue,low_resolution|possible_mismatch,musees_monde,24,Image,24,Museo del Bargello / Florence / Italie,thumbs/musees_monde/24.webp,full/musees_monde/24.jpg,raster,200,133,4798,raster,1200,249,1200,249,112619,45
issue,low_resolution|possible_mismatch,mythologie,4,Image,4,"Déméter / Déesse olympienne / Agriculture, moissons",thumbs/mythologie/4.webp,full/mythologie/4.jpg,raster,146,160,11820,raster,524,1200,1200,524,116200,37
issue,low_resolution,mythologie,8,Image,8,"Arès / Dieu olympien / Guerre, violence",thumbs/mythologie/8.webp,full/mythologie/8.jpg,raster,182,160,13506,raster,600,1200,1200,600,77196,17
issue,low_resolution|possible_mismatch,mythologie,11,Image,11,"Hermès / Dieu olympien / Commerce, messagers, voyageurs",thumbs/mythologie/11.webp,full/mythologie/11.jpg,raster,203,160,12568,raster,549,1200,1200,549,141693,34
issue,low_resolution,mythologie,12,Image,12,"Dionysos / Dieu olympien / Vin, fête, extase",thumbs/mythologie/12.webp,full/mythologie/12.jpg,raster,155,160,10844,raster,609,1200,1200,609,144645,23
issue,low_resolution,mythologie,15,Image,15,"Hestia / Déesse olympienne / Foyer, famille, État",thumbs/mythologie/15.webp,full/mythologie/15.jpg,raster,114,160,9682,raster,483,907,907,483,60773,26
issue,low_resolution|possible_mismatch,mythologie,21,Image,21,Hypnos / Dieu chthonien / Sommeil,thumbs/mythologie/22.webp,full/mythologie/21.jpg,raster,137,160,9640,raster,1152,768,1152,768,267696,30
issue,low_resolution,mythologie,22,Image,22,Charon / Passeur / Passeur des âmes au Styx,thumbs/mythologie/23.webp,full/mythologie/22.webp,raster,88,160,6266,raster,859,996,996,859,169032,21
issue,low_resolution|possible_mismatch,mythologie,27,Image,27,"Zagreus / Héros / Dieu / Prince des Enfers, protagoniste H1",thumbs/mythologie/28.webp,full/mythologie/27.jpg,raster,115,160,6940,raster,500,776,776,500,133193,27
issue,low_resolution|possible_mismatch,mythologie,28,Image,28,"Mélinoé / Déesse chthonienne / Fantômes, cauchemars, protagoniste H2",thumbs/mythologie/29.webp,full/mythologie/28.jpg,raster,150,160,9778,raster,500,821,821,500,140027,35
issue,low_resolution|possible_mismatch,mythologie,31,Image,31,"Tisiphone / Érinye / Vengeance, meurtre",thumbs/mythologie/32.webp,full/mythologie/31.jpg,raster,192,160,10902,raster,500,781,781,500,60188,34
issue,low_resolution,mythologie,38,Image,38,"Eurydice / Héroïne / Épouse d'Orphée, morte puis ramenée",thumbs/mythologie/39.webp,full/mythologie/38.webp,raster,94,160,9296,raster,662,893,893,662,101934,23
issue,low_resolution,mythologie,48,Image,48,"Pandore / Héroïne / Première femme, boîte des maux",thumbs/mythologie/49.webp,full/mythologie/48.jpg,raster,127,160,6238,raster,764,960,960,764,82067,0
issue,low_resolution|possible_mismatch,mythologie,49,Image,49,"Éris / Déesse / Discorde, chaos",thumbs/mythologie/50.webp,full/mythologie/49.jpg,raster,153,160,10112,raster,560,600,600,560,112181,39
issue,low_resolution,mythologie,50,Image,50,Hélios / Dieu titan / Soleil,thumbs/mythologie/51.webp,full/mythologie/50.jpg,raster,164,160,9294,raster,528,514,528,514,103847,0
issue,low_resolution|possible_mismatch,mythologie,53,Image,53,Éole / Dieu / Vents,thumbs/mythologie/54.webp,full/mythologie/53.webp,raster,245,160,10292,raster,960,720,960,720,134482,36
issue,low_resolution|low_bytes,mythologie,59,Image,59,Hypérion / Titan / Lumière céleste,thumbs/mythologie/60.webp,full/mythologie/59.webp,raster,128,160,1076,raster,146,142,146,142,6662,19
issue,low_resolution,os,1,Image,1,Frontal / Crâne / Central,thumbs/os/1.webp,full/os/1.webp,raster,160,160,3052,raster,600,600,600,600,48018,1
issue,low_resolution,os,2,Image,2,Pariétal / Crâne / Droit/Gauche,thumbs/os/2.webp,full/os/2.webp,raster,213,160,6242,raster,960,720,960,720,90228,1
issue,low_resolution,os,3,Image,3,Temporal / Crâne / Droit/Gauche,thumbs/os/3.webp,full/os/3.webp,raster,160,160,2626,raster,600,600,600,600,42414,0
issue,low_resolution,os,4,Image,4,Occipital / Crâne / Central,thumbs/os/4.webp,full/os/4.webp,raster,160,160,3060,raster,960,960,960,960,42548,0
issue,low_resolution,os,5,Image,5,Sphénoïde / Crâne / Central,thumbs/os/5.webp,full/os/5.webp,raster,160,160,3366,raster,600,600,600,600,51822,0
issue,low_resolution|low_bytes,os,6,Image,6,Ethmoïde / Crâne / Central,thumbs/os/6.webp,full/os/6.webp,raster,160,160,1620,raster,600,600,600,600,25706,0
issue,low_resolution|low_bytes,os,7,Image,7,Maxillaire / Face / Droit/Gauche,thumbs/os/7.webp,full/os/7.webp,raster,160,160,2020,raster,320,320,320,320,5958,0
issue,low_bytes,os,8,Image,8,Zygomatique / Face / Droit/Gauche,thumbs/os/8.webp,full/os/8.png,raster,213,160,2250,raster,1200,900,1200,900,31765,0
issue,low_resolution,os,9,Image,9,Nasal / Face / Droit/Gauche,thumbs/os/9.webp,full/os/9.webp,raster,281,160,5088,raster,800,455,800,455,45706,0
issue,low_resolution,os,10,Image,10,Lacrymal / Face / Droit/Gauche,thumbs/os/10.webp,full/os/10.png,raster,160,160,3100,raster,900,900,900,900,185319,0
issue,low_bytes,os,11,Image,11,Palatin / Face / Droit/Gauche,thumbs/os/11.webp,full/os/11.png,raster,213,160,1906,raster,1200,900,1200,900,25420,2
issue,low_resolution,os,12,Image,12,Cornet nasal inférieur / Face / Droit/Gauche,thumbs/os/12.webp,full/os/12.webp,raster,191,160,6480,raster,600,501,600,501,74004,0
issue,low_resolution|low_bytes,os,13,Image,13,Vomer / Face / Central,thumbs/os/13.webp,full/os/13.jpg,raster,214,160,6960,raster,350,261,350,261,34419,0
issue,low_resolution,os,14,Image,14,Mandibule / Face / Central,thumbs/os/14.webp,full/os/14.webp,raster,238,160,3316,raster,960,643,960,643,60002,0
issue,low_bytes,os,15,Image,15,Marteau / Oreille moyenne / Droit/Gauche,thumbs/os/15.webp,full/os/15.png,raster,213,160,2204,raster,1200,900,1200,900,31816,3
issue,low_bytes,os,16,Image,16,Enclume / Oreille moyenne / Droit/Gauche,thumbs/os/16.webp,full/os/16.webp,raster,213,160,2188,raster,1200,900,1200,900,32506,1
issue,low_resolution|low_bytes,os,17,Image,17,Étrier / Oreille moyenne / Droit/Gauche,thumbs/os/17.webp,full/os/17.webp,raster,282,160,4884,raster,313,177,313,177,7956,1
issue,low_bytes,os,18,Image,18,Os hyoïde / Gorge / Central,thumbs/os/18.webp,full/os/18.png,raster,213,160,2134,raster,1200,900,1200,900,34202,2
issue,low_resolution,os,20,Image,20,C2 Axis / Colonne - Cervicale / Central,thumbs/os/20.webp,full/os/20.webp,raster,160,160,3028,raster,900,900,900,900,58526,0
issue,low_resolution|low_bytes,os,22,Image,22,C4 / Colonne - Cervicale / Central,thumbs/os/22.webp,full/os/22.webp,raster,160,160,3298,raster,320,320,320,320,14888,0
issue,low_bytes,os,23,Image,23,C5 / Colonne - Cervicale / Central,thumbs/os/23.webp,full/os/23.webp,raster,213,160,1668,raster,1200,900,1200,900,28028,1
issue,low_bytes,os,24,Image,24,C6 / Colonne - Cervicale / Central,thumbs/os/24.webp,full/os/24.webp,raster,213,160,1688,raster,1200,900,1200,900,28202,1
issue,low_resolution,os,25,Image,25,C7 / Colonne - Cervicale / Central,thumbs/os/25.webp,full/os/25.webp,raster,160,160,7364,raster,960,960,960,960,69804,3
issue,low_bytes,os,26,Image,26,T1 / Colonne - Dorsale / Central,thumbs/os/26.webp,full/os/26.webp,raster,213,160,1612,raster,1200,900,1200,900,26508,1
issue,low_bytes,os,27,Image,27,T2 / Colonne - Dorsale / Central,thumbs/os/27.webp,full/os/27.webp,raster,213,160,1644,raster,1200,900,1200,900,26970,1
issue,low_bytes,os,28,Image,28,T3 / Colonne - Dorsale / Central,thumbs/os/28.webp,full/os/28.webp,raster,213,160,1674,raster,1200,900,1200,900,27210,1
issue,low_resolution,os,29,Image,29,T4 / Colonne - Dorsale / Central,thumbs/os/29.webp,full/os/29.webp,raster,160,160,7364,raster,960,960,960,960,69804,3
issue,low_bytes,os,30,Image,30,T5 / Colonne - Dorsale / Central,thumbs/os/30.webp,full/os/30.webp,raster,213,160,1638,raster,1200,900,1200,900,27020,2
issue,low_bytes,os,31,Image,31,T6 / Colonne - Dorsale / Central,thumbs/os/31.webp,full/os/31.webp,raster,213,160,1652,raster,1200,900,1200,900,27206,1
issue,low_bytes,os,32,Image,32,T7 / Colonne - Dorsale / Central,thumbs/os/32.webp,full/os/32.webp,raster,213,160,1626,raster,1200,900,1200,900,26858,2
issue,low_bytes,os,33,Image,33,T8 / Colonne - Dorsale / Central,thumbs/os/33.webp,full/os/33.webp,raster,213,160,1658,raster,1200,900,1200,900,27266,1
issue,low_bytes,os,34,Image,34,T9 / Colonne - Dorsale / Central,thumbs/os/34.webp,full/os/34.webp,raster,213,160,1646,raster,1200,900,1200,900,27062,1
issue,low_bytes,os,35,Image,35,T10 / Colonne - Dorsale / Central,thumbs/os/35.webp,full/os/35.webp,raster,213,160,1724,raster,1200,900,1200,900,27430,0
issue,low_bytes,os,36,Image,36,T11 / Colonne - Dorsale / Central,thumbs/os/36.webp,full/os/36.webp,raster,213,160,1664,raster,1200,900,1200,900,27096,2
issue,low_bytes,os,39,Image,39,L2 / Colonne - Lombaire / Central,thumbs/os/39.webp,full/os/39.webp,raster,213,160,1572,raster,1200,900,1200,900,27072,1
issue,low_resolution,os,42,Image,42,L5 / Colonne - Lombaire / Central,thumbs/os/42.webp,full/os/42.webp,raster,160,160,7364,raster,960,960,960,960,69804,3
issue,low_resolution|low_bytes,os,44,Image,44,Coccyx / Colonne - Sacrum / Central,thumbs/os/44.webp,full/os/44.webp,raster,160,160,3812,raster,360,360,360,360,19550,2
issue,low_resolution,os,45,Image,45,Sternum / Cage thoracique / Central,thumbs/os/45.webp,full/os/45.webp,raster,160,160,6216,raster,640,640,640,640,85546,0
issue,low_resolution|low_bytes,os,58,Image,58,Clavicule / Épaule / Droit/Gauche,thumbs/os/58.webp,full/os/58.webp,raster,160,160,6578,raster,200,200,200,200,13810,0
issue,low_resolution|low_bytes,os,60,Image,60,Humérus / Bras / Droit/Gauche,thumbs/os/60.webp,full/os/60.webp,raster,160,160,3770,raster,450,450,450,450,31460,2
issue,low_resolution,os,61,Image,61,Radius / Avant-bras / Droit/Gauche,thumbs/os/61.webp,full/os/61.webp,raster,160,160,4946,raster,450,450,450,450,45976,0
issue,low_bytes,os,73,Image,73,Métacarpien 3 / Main - Métacarpe / Droit/Gauche,thumbs/os/73.webp,full/os/73.webp,raster,213,160,2602,raster,1200,900,1200,900,34782,0
issue,low_resolution,os,90,Image,90,Ilium / Bassin / Droit/Gauche,thumbs/os/90.webp,full/os/90.webp,raster,213,160,4972,raster,960,718,960,718,47958,1
issue,low_resolution|low_bytes,os,91,Image,91,Ischium / Bassin / Droit/Gauche,thumbs/os/91.webp,full/os/91.webp,raster,160,160,2040,raster,960,960,960,960,31922,0
issue,low_resolution|low_bytes,os,92,Image,92,Pubis / Bassin / Droit/Gauche,thumbs/os/92.webp,full/os/92.webp,raster,160,160,5020,raster,320,320,320,320,19062,0
issue,low_resolution,os,94,Image,94,Patella (rotule) / Genou / Droit/Gauche,thumbs/os/94.webp,full/os/94.webp,raster,160,160,3030,raster,600,600,600,600,79306,0
issue,low_resolution,os,95,Image,95,Tibia / Jambe / Droit/Gauche,thumbs/os/95.webp,full/os/95.webp,raster,160,160,2428,raster,960,960,960,960,47550,0
issue,low_resolution|possible_mismatch,parcs_nationaux,8,Image,8,Kakadu / Australie / 1979,thumbs/parcs_nationaux/8.webp,full/parcs_nationaux/8.jpg,raster,96,150,4394,raster,674,525,674,525,56072,31
issue,low_resolution|possible_mismatch,parcs_nationaux,14,Image,14,Vanoise / France / 1963,thumbs/parcs_nationaux/14.webp,full/parcs_nationaux/14.jpg,raster,200,150,6362,raster,1200,607,1200,607,295261,31
issue,low_resolution,parcs_nationaux,21,Image,21,Denali / États-Unis / 1917,thumbs/parcs_nationaux/21.webp,full/parcs_nationaux/21.jpg,raster,200,133,6630,raster,660,993,993,660,278844,23
issue,low_resolution,parcs_nationaux,29,Image,29,Wrangell-Saint-Élias / États-Unis / 1980,thumbs/parcs_nationaux/29.webp,full/parcs_nationaux/29.jpg,raster,200,129,5740,raster,700,452,700,452,81901,0
issue,low_resolution|possible_mismatch,parcs_nationaux,30,Image,30,Dolomites / Italie / 2009,thumbs/parcs_nationaux/30.webp,full/parcs_nationaux/30.png,raster,200,138,7770,raster,960,1115,1115,960,1006823,29
issue,low_resolution|low_bytes,peintres,2,Image œuvre,2b,Sandro Botticelli / Quattrocento / 1445–1510,thumbs/peintres/2b.webp,full/peintres/2b.webp,raster,254,160,14536,raster,560,350,560,350,30024,0
issue,low_resolution|low_bytes,peintres,4,Image œuvre,4b,Albrecht Dürer / Renaissance nordique / 1471–1528,thumbs/peintres/4b.webp,full/peintres/4b.webp,raster,138,160,1768,raster,483,560,560,483,3626,0
issue,low_resolution|low_bytes,peintres,7,Image œuvre,7b,Titien / Renaissance vénitienne / 1488–1576,thumbs/peintres/7b.webp,full/peintres/7b.webp,raster,124,160,5798,raster,434,560,560,434,23848,0
issue,low_resolution,peintres,8,Image œuvre,8b,Pieter Bruegel l'Ancien / Maniérisme flamand / v.1525–1569,thumbs/peintres/8b.webp,full/peintres/8b.webp,raster,224,160,13578,raster,560,398,560,398,38106,0
issue,low_resolution|low_bytes,peintres,11,Image œuvre,11b,Nicolas Poussin / Classicisme / 1594–1665,thumbs/peintres/11b.webp,full/peintres/11b.webp,raster,114,160,4952,raster,399,560,560,399,18024,0
issue,low_resolution|low_bytes,peintres,14,Image œuvre,14b,Francisco de Goya / Néoclassicisme / Romantisme / 1746–1828,thumbs/peintres/14b.webp,full/peintres/14b.webp,raster,87,160,2580,raster,303,560,560,303,6616,0
issue,low_resolution|low_bytes,peintres,16,Image œuvre,16b,Caspar David Friedrich / Romantisme / 1774–1840,thumbs/peintres/16b.webp,full/peintres/16b.webp,raster,124,160,2686,raster,435,560,560,435,5256,0
issue,low_resolution|low_bytes,peintres,18,Image œuvre,18b,Gustave Courbet / Réalisme / 1819–1877,thumbs/peintres/18b.webp,full/peintres/18b.webp,raster,348,160,11226,raster,560,256,560,256,10974,0
issue,low_resolution|low_bytes,peintres,20,Image œuvre,20b,Edgar Degas / Impressionnisme / 1834–1917,thumbs/peintres/20b.webp,full/peintres/20b.webp,raster,139,160,6040,raster,486,560,560,486,23374,1
issue,low_resolution|low_bytes,peintres,22,Image œuvre,22b,Claude Monet / Impressionnisme / 1840–1926,thumbs/peintres/22b.webp,full/peintres/22b.webp,raster,466,160,29562,raster,560,190,560,190,20814,1
issue,low_resolution|low_bytes,peintres,23,Image œuvre,23b,Pierre-Auguste Renoir / Impressionnisme / 1841–1919,thumbs/peintres/23b.webp,full/peintres/23b.webp,raster,215,160,14010,raster,560,415,560,415,34568,1
issue,low_resolution|low_bytes,peintres,24,Image œuvre,24b,Paul Gauguin / Post-impressionnisme / 1848–1903,thumbs/peintres/24b.webp,full/peintres/24b.webp,raster,435,160,17806,raster,560,204,560,204,10318,0
issue,low_resolution,peintres,25,Image œuvre,25b,Vincent van Gogh / Post-impressionnisme / 1853–1890,thumbs/peintres/25b.webp,full/peintres/25b.webp,raster,202,160,11982,raster,560,441,560,441,46290,0
issue,low_resolution|low_bytes,peintres,26,Image œuvre,26b,Georges Seurat / Pointillisme / 1859–1891,thumbs/peintres/26b.webp,full/peintres/26b.webp,raster,240,160,11754,raster,560,371,560,371,32230,0
issue,low_resolution|low_bytes,peintres,27,Image œuvre,27b,Gustav Klimt / Symbolisme / Art nouveau / 1862–1918,thumbs/peintres/27b.webp,full/peintres/27b.webp,raster,128,160,3362,raster,448,560,560,448,7864,0
issue,low_resolution|low_bytes,peintres,28,Image œuvre,28b,Edvard Munch / Expressionnisme / 1863–1944,thumbs/peintres/28b.webp,full/peintres/28b.webp,raster,128,160,4500,raster,449,560,560,449,10726,2
issue,low_resolution|low_bytes,peintres,29,Image œuvre,29b,Vassily Kandinsky / Expressionnisme abstrait / 1866–1944,thumbs/peintres/29b.webp,full/peintres/29b.webp,raster,230,160,10556,raster,560,386,560,386,21240,1
issue,low_resolution|low_bytes,peintres,30,Image œuvre,30b,Henri Matisse / Fauvisme / 1869–1954,thumbs/peintres/30b.webp,full/peintres/30b.webp,raster,87,160,2930,raster,306,560,560,306,5640,1
issue,low_resolution|low_bytes,peintres,31,Image œuvre,31b,Paul Klee / Expressionnisme / Bauhaus / 1879–1940,thumbs/peintres/31b.webp,full/peintres/31b.webp,raster,117,160,3142,raster,411,560,560,411,11380,1
issue,low_resolution|possible_mismatch,peintres,32,Image œuvre,32b,Pablo Picasso / Cubisme / 1881–1973,thumbs/peintres/32b.webp,full/peintres/32b.webp,raster,153,160,6492,raster,464,211,464,211,41220,31
issue,low_resolution|low_bytes,peintres,33,Image œuvre,33b,Edward Hopper / Réalisme américain / 1882–1967,thumbs/peintres/33b.webp,full/peintres/33b.webp,raster,293,160,6828,raster,560,303,560,303,7202,0
issue,low_resolution|low_bytes,peintres,34,Image œuvre,34b,Amedeo Modigliani / École de Paris / 1884–1920,thumbs/peintres/34b.webp,full/peintres/34b.webp,raster,254,160,6802,raster,560,350,560,350,8970,0
issue,low_resolution|possible_mismatch,peintres,35,Image,35,Diego Rivera / Muralisme mexicain / 1886–1957,thumbs/peintres/35.webp,full/peintres/35.jpg,raster,114,160,1970,raster,960,1143,1143,960,170423,32
issue,low_resolution,peintres,36,Image œuvre,36b,Marcel Duchamp / Dadaïsme / 1887–1968,thumbs/peintres/36b.webp,full/peintres/36b.webp,raster,204,160,10720,raster,560,437,560,437,37012,1
issue,low_resolution|low_bytes,peintres,37,Image,37,Giorgio de Chirico / Métaphysique / 1888–1978,thumbs/peintres/37.webp,full/peintres/37.jpg,raster,129,160,4104,raster,290,358,358,290,34904,1
issue,low_resolution,peintres,37,Image œuvre,37b,Giorgio de Chirico / Métaphysique / 1888–1978,thumbs/peintres/37b.webp,full/peintres/37b.webp,raster,126,160,2172,raster,755,927,927,755,301244,12
issue,low_resolution|low_bytes,peintres,38,Image œuvre,38b,Joan Miró / Surréalisme / 1893–1983,thumbs/peintres/38b.webp,full/peintres/38b.webp,raster,100,160,4758,raster,350,560,560,350,18570,0
issue,low_resolution|low_bytes,peintres,39,Image œuvre,39b,Mark Rothko / Expressionnisme abstrait / 1903–1970,thumbs/peintres/39b.webp,full/peintres/39b.webp,raster,159,160,3760,raster,558,560,560,558,8470,0
issue,low_bytes,peintres,40,Image,40,Salvador Dalí / Surréalisme / 1904–1989,thumbs/peintres/40.webp,full/peintres/40.jpg,raster,124,160,2680,raster,815,1200,1200,815,18959,26
issue,low_resolution|low_bytes,peintres,40,Image œuvre,40b,Salvador Dalí / Surréalisme / 1904–1989,thumbs/peintres/40b.webp,full/peintres/40b.webp,raster,124,160,4636,raster,434,560,560,434,9844,0
issue,low_resolution|possible_mismatch,peintres,41,Image œuvre,41b,Frida Kahlo / Surréalisme / Art populaire / 1907–1954,thumbs/peintres/41b.webp,full/peintres/41b.webp,raster,106,160,3154,raster,315,317,317,315,41484,41
issue,low_resolution,peintres,42,Image œuvre,42b,Francis Bacon / Expressionnisme figuratif / 1909–1992,thumbs/peintres/42b.webp,full/peintres/42b.webp,raster,105,160,2602,raster,333,450,450,333,40820,17
issue,low_resolution|low_bytes,peintres,44,Image œuvre,44b,René Magritte / Surréalisme / 1898–1967,thumbs/peintres/44b.webp,full/peintres/44b.webp,raster,213,160,4860,raster,560,420,560,420,10380,0
issue,low_resolution|low_bytes,peintres,45,Image œuvre,45b,Andy Warhol / Pop Art / 1928–1987,thumbs/peintres/45b.webp,full/peintres/45b.webp,raster,275,160,13220,raster,560,324,560,324,26204,1
issue,low_resolution|possible_mismatch,peintres,46,Image œuvre,46b,Jean-Michel Basquiat / Néo-expressionnisme / 1960–1988,thumbs/peintres/46b.webp,full/peintres/46b.webp,raster,480,160,9016,raster,298,350,350,298,62218,47
issue,low_resolution|possible_mismatch,philosophes,8,Image,8,Saint Augustin / 354–430 / Philosophie chrétienne,thumbs/philosophes/8.webp,full/philosophes/8.jpg,raster,125,160,6094,raster,500,758,758,500,140587,28
issue,low_resolution|possible_mismatch,philosophes,15,Image,15,John Locke / 1632–1704 / Empirisme / Libéralisme,thumbs/philosophes/15.webp,full/philosophes/15.jpg,raster,114,160,2514,raster,500,851,851,500,75441,41
issue,low_bytes,philosophes,16,Image,16,Baruch Spinoza / 1632–1677 / Panthéisme / Rationalisme,thumbs/philosophes/16.webp,full/philosophes/16.jpg,raster,113,170,738,raster,800,1200,1200,800,25303,0
issue,low_resolution|possible_mismatch,philosophes,32,Image,32,Bertrand Russell / 1872–1970 / Philosophie analytique,thumbs/philosophes/32.webp,full/philosophes/32.jpg,raster,203,160,4230,raster,960,1047,1047,960,134670,31
issue,low_resolution,philosophes,34,Image,34,Martin Heidegger / 1889–1976 / Existentialisme,thumbs/philosophes/34.webp,full/philosophes/34.jpg,raster,120,160,2600,raster,322,422,422,322,42672,26
issue,low_resolution|low_bytes,philosophes,40,Image,40,Michel Foucault / 1926–1984 / Post-structuralisme,thumbs/philosophes/40.webp,full/philosophes/40.jpg,raster,121,160,2476,raster,318,418,418,318,29131,0
issue,low_resolution,philosophes,42,Image,42,Jacques Derrida / 1930–2004 / Déconstruction,thumbs/philosophes/42.webp,full/philosophes/42.jpg,raster,120,160,3500,raster,881,1174,1174,881,293133,1
issue,low_resolution|possible_mismatch,philosophes,44,Image,44,Jürgen Habermas / 1929– / Théorie critique,thumbs/philosophes/44.webp,full/philosophes/44.jpg,raster,240,160,5744,raster,900,674,900,674,105735,30
issue,low_bytes,philosophes,45,Image,45,Peter Singer / 1946– / Éthique utilitaire,thumbs/philosophes/45.webp,full/philosophes/45.jpg,raster,116,170,530,raster,820,1200,1200,820,34479,1
issue,low_resolution|possible_mismatch,revolutions,8,Image,8,Indépendance du Cône Sud / 1816-1818 / Argentine / Chili,thumbs/revolutions/8.webp,full/revolutions/8.jpg,raster,200,150,6340,raster,673,438,673,438,160758,33
issue,low_resolution,revolutions,12,Image,12,Révolte des Cipayes / 1857 / Inde,thumbs/revolutions/12.webp,full/revolutions/12.jpg,raster,200,150,11660,raster,640,459,640,459,55886,19
issue,low_resolution|possible_mismatch,revolutions,16,Image,16,Révolution russe / 1917 / Russie,thumbs/revolutions/16.webp,full/revolutions/16.jpg,raster,200,150,8722,raster,661,498,661,498,88684,36
issue,low_resolution,revolutions,17,Image,17,Révolution turque kémaliste / 1919-1923 / Turquie,thumbs/revolutions/17.webp,full/revolutions/17.jpg,raster,200,150,4122,raster,655,621,655,621,160674,23
issue,low_bytes,revolutions,18,Image,18,Révolution espagnole (IIe République) / 1931-1939 / Espagne,thumbs/revolutions/18.webp,full/revolutions/18.jpg,raster,200,150,1214,raster,1200,720,1200,720,34405,0
issue,low_resolution|low_bytes,revolutions,21,Image,21,Révolution algérienne / 1954-1962 / Algérie,thumbs/revolutions/21.webp,full/revolutions/21.webp,raster,200,150,11900,raster,450,355,450,355,15937,26
issue,low_resolution|possible_mismatch,revolutions,23,Image,23,Révolution des œillets / 1974 / Portugal,thumbs/revolutions/23.webp,full/revolutions/23.png,raster,200,150,9698,raster,960,1132,1132,960,1404111,35
issue,low_resolution,revolutions,24,Image,24,Révolution iranienne / 1979 / Iran,thumbs/revolutions/24.webp,full/revolutions/24.jpg,raster,200,150,7514,raster,766,522,766,522,144723,20
issue,low_resolution|possible_mismatch,revolutions,25,Image,25,Révolution sandiniste / 1979 / Nicaragua,thumbs/revolutions/25.webp,full/revolutions/25.png,raster,200,150,8276,raster,960,525,960,525,139108,32
issue,low_resolution,revolutions,27,Image,27,Chute du Mur de Berlin / 1989 / Allemagne,thumbs/revolutions/27.webp,full/revolutions/27.jpg,raster,200,150,12292,raster,661,498,661,498,102853,0
issue,low_resolution,revolutions,29,Image,29,Révolutions arabes / 2010-2012 / Monde arabe,thumbs/revolutions/29.webp,full/revolutions/29.jpg,raster,200,150,12314,raster,640,451,640,451,105224,1
issue,low_resolution|low_bytes,rois_france,2,Image,2,Clotaire Ier / 511–561 / Mérovingiens,thumbs/rois_france/2.webp,full/rois_france/2.jpg,raster,200,93,6296,raster,446,208,446,208,31289,0
issue,low_resolution|low_bytes,rois_france,3,Image,3,Chilpéric Ier / 561–584 / Mérovingiens,thumbs/rois_france/3.webp,full/rois_france/3.jpg,raster,122,160,2496,raster,286,326,326,286,29352,9
issue,low_resolution,rois_france,4,Image,4,Clotaire II / 584–629 / Mérovingiens,thumbs/rois_france/4.webp,full/rois_france/4.jpg,raster,158,160,10012,raster,533,537,537,533,109076,0
issue,low_resolution,rois_france,9,Image,9,Clovis IV / 691–695 / Mérovingiens,thumbs/rois_france/9.webp,full/rois_france/9.jpg,raster,131,160,2782,raster,618,1200,1200,618,280913,19
issue,low_resolution,rois_france,10,Image,10,Childebert III / 695–711 / Mérovingiens,thumbs/rois_france/10.webp,full/rois_france/10.jpg,raster,313,160,20316,raster,472,496,496,472,86609,19
issue,low_resolution|low_bytes,rois_france,11,Image,11,Dagobert III / 711–715 / Mérovingiens,thumbs/rois_france/11.webp,full/rois_france/11.jpg,raster,123,160,2554,raster,230,298,298,230,16879,0
issue,low_resolution,rois_france,12,Image,12,Chilpéric II / 715–721 / Mérovingiens,thumbs/rois_france/12.webp,full/rois_france/12.jpg,raster,151,150,7226,raster,433,431,433,431,62710,1
issue,low_resolution|low_bytes,rois_france,13,Image,13,Thierry IV / 721–737 / Mérovingiens,thumbs/rois_france/13.webp,full/rois_france/13.webp,raster,134,160,3092,raster,230,273,273,230,6958,0
issue,low_resolution,rois_france,17,Image,17,Louis Ier le Pieux / 814–840 / Carolingiens,thumbs/rois_france/17.webp,full/rois_france/17.jpg,raster,121,160,5640,raster,700,924,924,700,184252,0
issue,low_resolution,rois_france,19,Image,19,Louis II le Bègue / 877–879 / Carolingiens,thumbs/rois_france/19.webp,full/rois_france/19.jpg,raster,161,160,5744,raster,1200,597,1200,597,251772,18
issue,low_resolution|low_bytes,rois_france,22,Image,22,Charles III le Gros / 884–888 / Carolingiens,thumbs/rois_france/22.webp,full/rois_france/22.jpg,raster,166,160,4778,raster,302,291,302,291,27051,0
issue,low_resolution,rois_france,23,Image,23,Eudes Ier / 888–898 / Robertiens,thumbs/rois_france/23.webp,full/rois_france/23.webp,raster,161,160,5794,raster,560,553,560,553,58518,1
issue,low_resolution|possible_mismatch,rois_france,24,Image,24,Charles III le Simple / 898–922 / Carolingiens,thumbs/rois_france/24.webp,full/rois_france/24.jpg,raster,116,160,4092,raster,1200,599,1200,599,226805,31
issue,low_resolution|low_bytes,rois_france,25,Image,25,Robert Ier / 922–923 / Robertiens,thumbs/rois_france/25.webp,full/rois_france/25.jpg,raster,172,170,11804,raster,269,266,269,266,30310,0
issue,low_resolution,rois_france,29,Image,29,Louis V / 986–987 / Carolingiens,thumbs/rois_france/29.webp,full/rois_france/29.jpg,raster,154,160,4944,raster,758,730,758,730,97970,8
issue,low_resolution,rois_france,30,Image,30,Hugues Capet / 987–996 / Capétiens,thumbs/rois_france/30.webp,full/rois_france/30.jpg,raster,172,170,13464,raster,1024,1012,1024,1012,465253,0
issue,low_resolution,rois_france,31,Image,31,Robert II le Pieux / 996–1031 / Capétiens,thumbs/rois_france/31.webp,full/rois_france/31.jpg,raster,128,160,2316,raster,412,513,513,412,56007,0
issue,low_resolution|possible_mismatch,rois_france,32,Image,32,Henri Ier / 1031–1060 / Capétiens,thumbs/rois_france/32.webp,full/rois_france/32.jpg,raster,116,160,1486,raster,500,800,800,500,85016,33
issue,low_resolution,rois_france,34,Image,34,Louis VI le Gros / 1108–1137 / Capétiens,thumbs/rois_france/34.webp,full/rois_france/34.jpg,raster,151,160,3802,raster,544,574,574,544,79319,0
issue,low_resolution,rois_france,35,Image,35,Louis VII le Jeune / 1137–1180 / Capétiens,thumbs/rois_france/35.webp,full/rois_france/35.jpg,raster,158,160,3744,raster,568,574,574,568,77607,0
issue,low_resolution|possible_mismatch,rois_france,43,Image,43,Philippe V le Long / 1316–1322 / Capétiens,thumbs/rois_france/43.webp,full/rois_france/43.jpg,raster,117,160,1796,raster,427,602,602,427,84424,31
issue,low_resolution|low_bytes,rois_france,44,Image,44,Charles IV le Bel / 1322–1328 / Capétiens,thumbs/rois_france/44.webp,full/rois_france/44.jpg,raster,122,150,2822,raster,400,492,492,400,33376,0
issue,low_resolution,rois_france,45,Image,45,Philippe VI de Valois / 1328–1350 / Valois,thumbs/rois_france/45.webp,full/rois_france/45.jpg,raster,111,160,4210,raster,295,404,404,295,37281,5
issue,low_resolution|possible_mismatch,rois_france,48,Image,48,Charles VI le Fol / 1380–1422 / Valois,thumbs/rois_france/48.webp,full/rois_france/48.jpg,raster,135,160,2220,raster,848,1048,1048,848,198346,36
issue,low_resolution|low_bytes,rois_france,50,Image,50,Louis XI / 1461–1483 / Valois,thumbs/rois_france/50.webp,full/rois_france/50.webp,raster,91,150,1624,raster,340,560,560,340,4560,0
issue,low_resolution|low_bytes,rois_france,52,Image,52,Louis XII / 1498–1515 / Valois-Orléans,thumbs/rois_france/52.webp,full/rois_france/52.webp,raster,122,160,1230,raster,427,560,560,427,9666,0
issue,low_resolution|low_bytes,rois_france,67,Image,67,Napoléon III / 1852–1870 / Bonaparte,thumbs/rois_france/67.webp,full/rois_france/67.webp,raster,110,160,1490,raster,385,560,560,385,7810,1
issue,low_resolution|possible_mismatch,xixe,3,Image,3,1802 / Paix d'Amiens (France / Royaume-Uni) / Napoléon devient consul à vie,thumbs/xixe/3.webp,full/xixe/3.jpg,raster,233,160,11854,raster,500,800,800,500,154025,28
issue,low_resolution|possible_mismatch,xixe,10,Image,10,1809 / Bataille de Wagram (victoire napoléonienne) / Naissance de Darwin,thumbs/xixe/10.webp,full/xixe/10.jpg,raster,216,160,8534,raster,500,802,802,500,42034,37
issue,low_resolution,xixe,14,Image,14,1813 / Bataille de Leipzig : défaite de Napoléon,thumbs/xixe/14.webp,full/xixe/14.jpg,raster,96,160,3240,raster,1200,625,1200,625,235878,19
issue,low_resolution|possible_mismatch,xixe,18,Image,18,1818 / Indépendance du Chili / Mary Shelley publie Frankenstein,thumbs/xixe/18.webp,full/xixe/18.jpg,raster,213,160,8774,raster,479,342,479,342,53134,53
issue,low_resolution,xixe,19,Image,19,1819 / Massacre de Peterloo (Royaume-Uni) / Indépendance de la Grande Colombie (Bolívar),thumbs/xixe/19.webp,full/xixe/19.webp,raster,240,160,13120,raster,960,640,960,640,271626,0
issue,low_resolution|low_bytes|possible_mismatch,xixe,20,Image,20,1820 / Révolution libérale en Espagne et au Portugal / Découverte de l'Antarctique,thumbs/xixe/20.webp,full/xixe/20.webp,raster,245,160,8644,raster,448,560,560,448,5406,38
issue,low_resolution,xixe,33,Image,33,1836 / Texas déclare son indépendance du Mexique / Bataille d'Alamo,thumbs/xixe/33.webp,full/xixe/33.jpg,raster,202,160,7236,raster,883,1111,1111,883,185606,24
issue,low_resolution,xixe,35,Image,35,1839 / Première Guerre de l'opium (Chine / Royaume-Uni) / Invention de la photographie (Daguerre),thumbs/xixe/35.webp,full/xixe/35.jpg,raster,231,160,11890,raster,1040,681,1040,681,162782,9
issue,low_resolution,xixe,36,Image,36,1840 / Traité de Waitangi : Nouvelle-Zélande colonie britannique,thumbs/xixe/36.webp,full/xixe/36.jpg,raster,85,160,1656,raster,641,1200,1200,641,134484,1
issue,low_resolution|possible_mismatch,xixe,37,Image,37,1842 / Traité de Nankin : Hong Kong cédé au Royaume-Uni,thumbs/xixe/37.webp,full/xixe/37.jpg,raster,148,160,5722,raster,1200,600,1200,600,215535,41
issue,low_resolution,xixe,38,Image,38,1845 / Grande Famine en Irlande,thumbs/xixe/38.webp,full/xixe/38.jpg,raster,115,160,6306,raster,405,560,560,405,119202,0
issue,low_resolution,xixe,39,Image,39,1846 / Guerre américano-mexicaine / Découverte de Neptune,thumbs/xixe/39.webp,full/xixe/39.jpg,raster,244,160,8504,raster,529,421,529,421,71715,14
issue,low_resolution,xixe,41,Image,41,1849 / Ruée vers l'or en Californie,thumbs/xixe/41.webp,full/xixe/41.webp,raster,256,160,14556,raster,960,600,960,600,279866,0
issue,low_resolution,xixe,48,Image,48,1860 / Expédition des Mille (Garibaldi) / Lincoln élu président des États-Unis,thumbs/xixe/48.webp,full/xixe/48.jpg,raster,240,160,10860,raster,545,362,545,362,50451,0
issue,low_resolution|possible_mismatch,xixe,53,Image,53,1865 / Fin de la Guerre de Sécession / Assassinat d'Abraham Lincoln,thumbs/xixe/53.webp,full/xixe/53.jpg,raster,166,160,10880,raster,500,931,931,500,44761,28
issue,low_resolution|possible_mismatch,xixe,55,Image,55,1867 / Achat de l'Alaska par les États-Unis / Création du Dominion du Canada,thumbs/xixe/55.webp,full/xixe/55.jpg,raster,115,160,4818,raster,1200,600,1200,600,172930,37
issue,low_resolution,xixe,66,Image,66,1885 / Invention de l'automobile (Benz),thumbs/xixe/66.webp,full/xixe/66.webp,raster,129,160,1788,raster,960,1190,1190,960,88630,0
issue,low_resolution|possible_mismatch,xxe,2,Image,2,1901 / Mort de la reine Victoria : fin de l'ère victorienne / Premier prix Nobel décerné,thumbs/xxe/2.webp,full/xxe/2.jpg,raster,195,160,8294,raster,798,544,798,544,73469,29
issue,low_resolution,xxe,8,Image,8,"1907 / Triple Entente : France, Royaume-Uni, Russie",thumbs/xxe/8.webp,full/xxe/8.webp,raster,269,160,9544,raster,960,571,960,571,78924,1
issue,low_resolution|possible_mismatch,xxe,11,Image,11,1910 / Révolution mexicaine / Union de l'Afrique du Sud (dominion britannique),thumbs/xxe/11.webp,full/xxe/11.jpg,raster,126,160,8312,raster,661,498,661,498,88684,27
issue,low_resolution,xxe,16,Image,16,1915 / Génocide arménien par l'Empire ottoman / Bataille de Gallipoli,thumbs/xxe/16.webp,full/xxe/16.webp,raster,234,160,13832,raster,960,656,960,656,270800,0
issue,low_resolution,xxe,17,Image,17,1916 / Bataille de Verdun (700 000 morts) / Bataille de la Somme,thumbs/xxe/17.webp,full/xxe/17.webp,raster,233,160,6920,raster,960,658,960,658,189384,0
issue,low_resolution,xxe,18,Image,18,1917 / Révolution russe : chute du tsar / bolchéviks au pouvoir / Entrée en guerre des États-Unis,thumbs/xxe/18.webp,full/xxe/18.webp,raster,249,160,12326,raster,606,389,606,389,75460,0
issue,low_resolution,xxe,19,Image,19,1918 / Fin de la Première Guerre mondiale (11 novembre) / Grippe espagnole (50 millions de morts),thumbs/xxe/19.webp,full/xxe/19.webp,raster,200,160,11872,raster,960,768,960,768,261304,0
issue,low_resolution,xxe,21,Image,21,1920 / Prohibition aux États-Unis / Traité de Sèvres : démembrement de l'Empire ottoman,thumbs/xxe/21.webp,full/xxe/21.webp,raster,263,160,14356,raster,960,584,960,584,269530,0
issue,low_resolution|low_bytes,xxe,22,Image,22,1921 / Fondation du Parti communiste chinois / NEP de Lénine en URSS,thumbs/xxe/22.webp,full/xxe/22.webp,raster,160,160,5886,raster,960,960,960,960,26220,7
issue,low_resolution,xxe,23,Image,23,1922 / Proclamation de l'URSS / Marche sur Rome : Mussolini au pouvoir,thumbs/xxe/23.webp,full/xxe/23.webp,raster,160,160,7216,raster,960,960,960,960,94728,2
issue,low_resolution,xxe,24,Image,24,1923 / Putsch de la Brasserie : tentative ratée de Hitler / Traité de Lausanne : frontières de la Turquie moderne,thumbs/xxe/24.webp,full/xxe/24.webp,raster,144,160,6272,raster,617,681,681,617,112546,0
issue,low_resolution,xxe,26,Image,26,1925 / Traités de Locarno : stabilisation européenne,thumbs/xxe/26.webp,full/xxe/26.webp,raster,190,160,4042,raster,960,808,960,808,59726,0
issue,low_resolution,xxe,27,Image,27,1926 / Grève générale au Royaume-Uni,thumbs/xxe/27.webp,full/xxe/27.webp,raster,219,160,10112,raster,420,306,420,306,36932,0
issue,low_resolution,xxe,29,Image,29,1928 / Traité Briand-Kellogg : renonciation à la guerre / Fleming découvre la pénicilline,thumbs/xxe/29.webp,full/xxe/29.webp,raster,200,160,5288,raster,960,766,960,766,235566,0
issue,low_resolution,xxe,30,Image,30,1929 / Krach de Wall Street : Grande Dépression / Traité du Latran : création du Vatican,thumbs/xxe/30.webp,full/xxe/30.webp,raster,112,160,6104,raster,718,1024,1024,718,252354,2
issue,low_resolution|low_bytes,xxe,31,Image,31,1930 / Gandhi mène la Marche du sel en Inde / Construction de l'Empire State Building commence,thumbs/xxe/31.webp,full/xxe/31.webp,raster,213,160,4636,raster,250,187,250,187,9140,0
issue,low_resolution,xxe,32,Image,32,1931 / Invasion japonaise de la Mandchourie / Proclamation de la République espagnole,thumbs/xxe/32.webp,full/xxe/32.webp,raster,152,160,8316,raster,651,685,685,651,169576,0
issue,low_resolution,xxe,34,Image,34,1933 / Hitler nommé chancelier d'Allemagne / Incendie du Reichstag,thumbs/xxe/34.webp,full/xxe/34.webp,raster,105,160,2896,raster,528,800,800,528,47658,0
issue,low_resolution|low_bytes,xxe,35,Image,35,1934 / Nuit des Longs Couteaux en Allemagne / La Longue Marche de Mao en Chine commence,thumbs/xxe/35.webp,full/xxe/35.webp,raster,156,160,4878,raster,960,982,982,960,31546,1
issue,low_resolution,xxe,36,Image,36,1935 / Lois de Nuremberg : législation antisémite / Invasion de l'Éthiopie par l'Italie,thumbs/xxe/36.webp,full/xxe/36.webp,raster,228,160,12606,raster,800,560,800,560,142180,0
issue,low_resolution,xxe,37,Image,37,1936 / Guerre civile espagnole commence / Réoccupation de la Rhénanie par l'Allemagne,thumbs/xxe/37.webp,full/xxe/37.webp,raster,137,160,7078,raster,644,750,750,644,153304,0
issue,low_resolution,xxe,38,Image,38,1937 / Massacre de Nankin par le Japon / Bombardement de Guernica,thumbs/xxe/38.webp,full/xxe/38.webp,raster,228,160,15914,raster,800,559,800,559,197892,0
issue,low_resolution,xxe,39,Image,39,1938 / Anschluss : annexion de l'Autriche par l'Allemagne / Accords de Munich : annexion des Sudètes,thumbs/xxe/39.webp,full/xxe/39.webp,raster,160,160,7672,raster,960,960,960,960,65966,10
issue,low_resolution,xxe,40,Image,40,1939 / Début de la Seconde Guerre mondiale (1er septembre) / Pacte germano-soviétique,thumbs/xxe/40.webp,full/xxe/40.webp,raster,209,160,6304,raster,960,732,960,732,213104,0
issue,low_resolution,xxe,41,Image,41,1940 / Blitzkrieg : France occupée en 6 semaines / Appel du 18 juin (de Gaulle),thumbs/xxe/41.webp,full/xxe/41.webp,raster,159,160,9236,raster,506,509,509,506,112496,1
issue,low_resolution,xxe,43,Image,43,1942 / Bataille de Stalingrad (tournant de la guerre) / Conférence de Wannsee : planification de la Shoah,thumbs/xxe/43.webp,full/xxe/43.webp,raster,144,160,7878,raster,743,823,823,743,221322,0
issue,low_resolution,xxe,46,Image,46,1945 / Fin de la 2e Guerre mondiale (8 mai / 2 sept.) / Bombes atomiques sur Hiroshima et Nagasaki,thumbs/xxe/46.webp,full/xxe/46.webp,raster,200,160,11872,raster,960,768,960,768,261304,0
issue,low_resolution,xxe,47,Image,47,1946 / Début de la Guerre froide / Procès de Nuremberg,thumbs/xxe/47.webp,full/xxe/47.webp,raster,314,160,9656,raster,960,488,960,488,52678,5
issue,low_resolution,xxe,48,Image,48,1947 / Indépendance et partition de l'Inde / Plan Marshall (aide américaine à l'Europe),thumbs/xxe/48.webp,full/xxe/48.webp,raster,234,160,11590,raster,601,410,601,410,77564,0
issue,low_resolution,xxe,49,Image,49,1948 / Création de l'État d'Israël / Blocus de Berlin par l'URSS,thumbs/xxe/49.webp,full/xxe/49.webp,raster,240,160,7992,raster,960,640,960,640,268252,0
issue,low_resolution,xxe,50,Image,50,1949 / Proclamation de la République populaire de Chine (Mao) / Création de l'OTAN,thumbs/xxe/50.webp,full/xxe/50.webp,raster,160,160,6464,raster,960,960,960,960,101304,5
issue,low_resolution,xxe,51,Image,51,1950 / Début de la Guerre de Corée,thumbs/xxe/51.webp,full/xxe/51.webp,raster,160,160,5902,raster,960,960,960,960,80920,7
issue,low_resolution|low_bytes,xxe,52,Image,52,1951 / Traité de Paris : naissance de la CECA (ancêtre de l'UE),thumbs/xxe/52.webp,full/xxe/52.webp,raster,240,160,3776,raster,960,640,960,640,19120,0
issue,low_resolution,xxe,53,Image,53,1952 / Bombe H américaine (première explosion) / Mort du roi George VI : avènement d'Elizabeth II,thumbs/xxe/53.webp,full/xxe/53.webp,raster,225,160,8650,raster,960,681,960,681,242646,0
issue,low_resolution,xxe,54,Image,54,1953 / Mort de Staline / Armistice en Corée,thumbs/xxe/54.webp,full/xxe/54.webp,raster,119,160,3200,raster,771,1033,1033,771,152864,0
issue,low_resolution,xxe,56,Image,56,1955 / Conférence de Bandung : mouvement des non-alignés / Pacte de Varsovie,thumbs/xxe/56.webp,full/xxe/56.webp,raster,314,160,10330,raster,960,488,960,488,55538,5
issue,low_resolution,xxe,58,Image,58,1957 / Lancement de Spoutnik (1er satellite artificiel) / Traité de Rome : naissance de la CEE,thumbs/xxe/58.webp,full/xxe/58.webp,raster,195,160,2542,raster,1094,896,1094,896,52426,0
issue,low_resolution,xxe,62,Image,62,1961 / Construction du mur de Berlin / Gagarine : premier homme dans l'espace,thumbs/xxe/62.webp,full/xxe/62.webp,raster,212,160,12546,raster,661,498,661,498,106816,0
issue,low_resolution,xxe,63,Image,63,1962 / Crise des missiles de Cuba / Indépendance de l'Algérie,thumbs/xxe/63.webp,full/xxe/63.webp,raster,165,160,11042,raster,1160,1121,1160,1121,445120,1
issue,low_resolution,xxe,64,Image,64,1963 / Assassinat de JFK / Marche sur Washington (discours I Have a Dream),thumbs/xxe/64.webp,full/xxe/64.webp,raster,213,160,13944,raster,960,720,960,720,229492,0
issue,low_resolution,xxe,65,Image,65,1964 / Guerre du Vietnam s'intensifie (golfe du Tonkin) / Loi sur les droits civiques aux USA,thumbs/xxe/65.webp,full/xxe/65.webp,raster,160,160,6018,raster,960,960,960,960,79860,14
issue,low_resolution,xxe,66,Image,66,1965 / Malcolm X assassiné,thumbs/xxe/66.webp,full/xxe/66.webp,raster,156,160,2754,raster,960,981,981,960,228000,0
issue,low_resolution|low_bytes,xxe,67,Image,67,1966 / Révolution culturelle en Chine,thumbs/xxe/67.webp,full/xxe/67.webp,raster,254,160,13336,raster,323,203,323,203,26024,0
issue,low_resolution,xxe,70,Image,70,1969 / Alunissage d'Apollo 11 (premier homme sur la Lune),thumbs/xxe/70.webp,full/xxe/70.webp,raster,158,160,10026,raster,960,969,969,960,187694,0
issue,low_resolution,xxe,71,Image,71,1971 / Bangladesh : guerre d'indépendance contre le Pakistan,thumbs/xxe/71.webp,full/xxe/71.webp,raster,213,160,10932,raster,960,720,960,720,248720,0
issue,low_resolution,xxe,72,Image,72,1972 / Nixon en Chine : normalisation des relations / Scandale du Watergate,thumbs/xxe/72.webp,full/xxe/72.webp,raster,240,160,5056,raster,800,532,800,532,57540,0
issue,low_resolution,xxe,73,Image,73,1973 / Coup d'État de Pinochet au Chili / Guerre du Kippour,thumbs/xxe/73.webp,full/xxe/73.webp,raster,220,160,7200,raster,960,698,960,698,105860,0
issue,low_resolution,xxe,75,Image,75,1975 / Fin de la guerre du Vietnam / Mort de Franco en Espagne,thumbs/xxe/75.webp,full/xxe/75.webp,raster,195,160,11388,raster,1188,974,1188,974,441860,0
issue,low_resolution,xxe,76,Image,76,1976 / Mort de Mao Zedong / Soulèvement de Soweto en Afrique du Sud,thumbs/xxe/76.webp,full/xxe/76.webp,raster,115,160,3614,raster,740,1024,1024,740,185276,0
issue,low_resolution,xxe,77,Image,77,1978 / Accords de Camp David (Égypte-Israël) / Naissance du premier bébé éprouvette,thumbs/xxe/77.webp,full/xxe/77.webp,raster,178,160,20818,raster,960,860,960,860,231092,11
issue,low_resolution|low_bytes,xxe,79,Image,79,1980 / Solidarność en Pologne (Walesa) / Guerre Iran-Irak,thumbs/xxe/79.webp,full/xxe/79.webp,raster,403,160,17050,raster,960,381,960,381,31672,6
issue,low_resolution,xxe,85,Image,85,1987 / Traité INF : réduction des armes nucléaires / Krach boursier (Black Monday),thumbs/xxe/85.webp,full/xxe/85.webp,raster,259,160,7484,raster,960,592,960,592,155234,0
issue,low_resolution,xxe,87,Image,87,1989 / Chute du mur de Berlin / Massacre de Tiananmen,thumbs/xxe/87.webp,full/xxe/87.webp,raster,212,160,12546,raster,661,498,661,498,106816,0
issue,low_resolution,xxe,88,Image,88,1990 / Réunification de l'Allemagne / Libération de Nelson Mandela,thumbs/xxe/88.webp,full/xxe/88.webp,raster,241,160,9946,raster,736,487,736,487,97370,0
issue,low_resolution,xxe,89,Image,89,1991 / Dissolution de l'URSS / Guerre du Golfe,thumbs/xxe/89.webp,full/xxe/89.webp,raster,106,160,4314,raster,358,538,538,358,61702,0
issue,low_resolution,xxe,90,Image,90,1992 / Traité de Maastricht : naissance de l'UE / Guerre en ex-Yougoslavie,thumbs/xxe/90.webp,full/xxe/90.webp,raster,155,160,4784,raster,960,989,989,960,125702,0
issue,low_resolution,xxe,92,Image,92,1994 / Génocide au Rwanda (800 000 morts) / Fin de l'apartheid : Mandela président,thumbs/xxe/92.webp,full/xxe/92.webp,raster,240,160,4988,raster,960,638,960,638,115384,0
issue,low_resolution,xxe,95,Image,95,1997 / Rétrocession de Hong Kong à la Chine / Mort de Lady Diana,thumbs/xxe/95.webp,full/xxe/95.webp,raster,219,160,3998,raster,960,701,960,701,37936,0
issue,low_resolution,xxe,97,Image,97,1999 / Guerre du Kosovo / Euro : monnaie unique européenne introduite,thumbs/xxe/97.webp,full/xxe/97.webp,raster,216,160,8542,raster,960,711,960,711,247220,0
ok,,architectes_majeurs,1,Image,1,Filippo Brunelleschi / Renaissance / Italie,thumbs/architectes_majeurs/1.webp,full/architectes_majeurs/1.jpg,raster,136,170,5732,raster,961,1200,1200,961,345296,0
ok,,architectes_majeurs,2,Image,2,Andrea Palladio / Renaissance / Italie,thumbs/architectes_majeurs/2.webp,full/architectes_majeurs/2.jpg,raster,200,150,5810,raster,1045,1200,1200,1045,275290,20
ok,,architectes_majeurs,3,Image,3,Antoni Gaudí / Modernisme / Espagne,thumbs/architectes_majeurs/3.webp,full/architectes_majeurs/3.jpg,raster,103,150,4498,raster,882,1200,1200,882,189549,19
ok,,architectes_majeurs,4,Image,4,Frank Lloyd Wright / XXe siècle / États-Unis,thumbs/architectes_majeurs/4.webp,full/architectes_majeurs/4.jpg,raster,133,170,5540,raster,941,1200,1200,941,239243,0
ok,,architectes_majeurs,5,Image,5,Le Corbusier / XXe siècle / France,thumbs/architectes_majeurs/5.webp,full/architectes_majeurs/5.jpg,raster,220,147,6114,raster,1200,803,1200,803,197827,1
ok,,architectes_majeurs,6,Image,6,Ludwig Mies van der Rohe / XXe siècle / Allemagne,thumbs/architectes_majeurs/6.webp,full/architectes_majeurs/6.jpg,raster,200,134,5202,raster,915,1200,1200,915,90844,20
ok,,architectes_majeurs,7,Image,7,Zaha Hadid / Contemporain / Royaume-Uni,thumbs/architectes_majeurs/7.webp,full/architectes_majeurs/7.jpg,raster,220,147,7728,raster,1200,800,1200,800,161145,0
ok,,architectes_majeurs,8,Image,8,I. M. Pei / Contemporain / États-Unis,thumbs/architectes_majeurs/8.webp,full/architectes_majeurs/8.jpg,raster,200,133,6686,raster,898,1200,1200,898,178606,24
ok,,architectes_majeurs,10,Image,10,Christopher Wren / Baroque / Angleterre,thumbs/architectes_majeurs/10.webp,full/architectes_majeurs/10.jpg,raster,186,170,9916,raster,1200,1098,1200,1098,323623,0
ok,,architectes_majeurs,11,Image,11,Balthasar Neumann / Baroque / Allemagne,thumbs/architectes_majeurs/11.webp,full/architectes_majeurs/11.jpg,raster,95,150,4598,raster,791,1200,1200,791,325323,21
ok,,architectes_majeurs,12,Image,12,Charles Garnier / Éclectisme / France,thumbs/architectes_majeurs/12.webp,full/architectes_majeurs/12.jpg,raster,200,134,8442,raster,889,1200,1200,889,179324,26
ok,,architectes_majeurs,13,Image,13,Victor Horta / Art Nouveau / Belgique,thumbs/architectes_majeurs/13.webp,full/architectes_majeurs/13.jpg,raster,95,150,4652,raster,900,1200,1200,900,112660,20
ok,,architectes_majeurs,15,Image,15,Alvar Aalto / Modernisme / Finlande,thumbs/architectes_majeurs/15.webp,full/architectes_majeurs/15.jpg,raster,200,90,5020,raster,1200,900,1200,900,358739,23
ok,,architectes_majeurs,17,Image,17,Louis Kahn / Modernisme / États-Unis,thumbs/architectes_majeurs/17.webp,full/architectes_majeurs/17.jpg,raster,200,150,5632,raster,1200,813,1200,813,138935,25
ok,,architectes_majeurs,18,Image,18,Renzo Piano / Contemporain / Italie,thumbs/architectes_majeurs/18.webp,full/architectes_majeurs/18.jpg,raster,113,170,5916,raster,800,1200,1200,800,289929,0
ok,,architectes_majeurs,19,Image,19,Norman Foster / High-tech / Royaume-Uni,thumbs/architectes_majeurs/19.webp,full/architectes_majeurs/19.jpg,raster,112,150,4980,raster,952,1200,1200,952,187373,22
ok,,architectes_majeurs,21,Image,21,Tadao Ando / Contemporain / Japon,thumbs/architectes_majeurs/21.webp,full/architectes_majeurs/21.jpg,raster,220,147,5184,raster,1200,800,1200,800,148006,0
ok,,architectes_majeurs,22,Image,22,Jean Nouvel / Contemporain / France,thumbs/architectes_majeurs/22.webp,full/architectes_majeurs/22.jpg,raster,200,133,7654,raster,1200,800,1200,800,84148,21
ok,,architectes_majeurs,23,Image,23,Rem Koolhaas / Déconstructivisme / Pays-Bas,thumbs/architectes_majeurs/23.webp,full/architectes_majeurs/23.jpg,raster,220,147,4034,raster,1200,800,1200,800,85396,0
ok,,architectes_majeurs,24,Image,24,Santiago Calatrava / Contemporain / Espagne,thumbs/architectes_majeurs/24.webp,full/architectes_majeurs/24.jpg,raster,126,170,5188,raster,890,1200,1200,890,395247,0
ok,,architectes_majeurs,25,Image,25,Herzog & de Meuron / Contemporain / Suisse,thumbs/architectes_majeurs/25.webp,full/architectes_majeurs/25.jpg,raster,200,90,6200,raster,1200,800,1200,800,319727,25
ok,,architectes_majeurs,26,Image,26,Kengo Kuma / Contemporain / Japon,thumbs/architectes_majeurs/26.webp,full/architectes_majeurs/26.jpg,raster,220,146,16318,raster,1200,798,1200,798,372756,0
ok,,architectes_majeurs,29,Image,29,Richard Rogers / High-tech / Royaume-Uni,thumbs/architectes_majeurs/29.webp,full/architectes_majeurs/29.jpg,raster,107,150,5002,raster,1200,800,1200,800,283914,12
ok,,batailles_decisives,1,Image,1,Marathon / 490 av. J.-C. / Grèce,thumbs/batailles_decisives/1.webp,full/batailles_decisives/1.jpg,raster,200,150,11454,raster,1200,787,1200,787,277973,1
ok,,batailles_decisives,2,Image,2,Hastings / 1066 / Angleterre,thumbs/batailles_decisives/2.webp,full/batailles_decisives/2.jpg,raster,195,170,15254,raster,1200,1045,1200,1045,508059,0
ok,,batailles_decisives,6,Image,6,Stalingrad / 1942-1943 / URSS,thumbs/batailles_decisives/6.webp,full/batailles_decisives/6.jpg,raster,158,170,8762,raster,1116,1200,1200,1116,219124,1
ok,,batailles_decisives,7,Image,7,Midway / 1942 / Pacifique,thumbs/batailles_decisives/7.webp,full/batailles_decisives/7.jpg,raster,200,150,5434,raster,1200,947,1200,947,159591,0
ok,,batailles_decisives,8,Image,8,Diên Biên Phu / 1954 / Vietnam,thumbs/batailles_decisives/8.webp,full/batailles_decisives/8.jpg,raster,200,150,6304,raster,1200,729,1200,729,151417,8
ok,,batailles_decisives,9,Image,9,Gaugamèles / 331 av. J.-C. / Perse (Irak actuel),thumbs/batailles_decisives/9.webp,full/batailles_decisives/9.jpg,raster,220,153,11430,raster,1200,833,1200,833,276211,1
ok,,batailles_decisives,10,Image,10,Cannæ / 216 av. J.-C. / Italie du Sud,thumbs/batailles_decisives/10.webp,full/batailles_decisives/10.jpg,raster,200,150,7916,raster,1200,839,1200,839,281160,0
ok,,batailles_decisives,11,Image,11,Actium / 31 av. J.-C. / Grèce,thumbs/batailles_decisives/11.webp,full/batailles_decisives/11.jpg,raster,200,150,11312,raster,1200,916,1200,916,323510,1
ok,,batailles_decisives,15,Image,15,Lépante / 1571 / Méditerranée,thumbs/batailles_decisives/15.webp,full/batailles_decisives/15.jpg,raster,200,150,7272,raster,1200,740,1200,740,304632,0
ok,,batailles_decisives,17,Image,17,Poltava / 1709 / Ukraine,thumbs/batailles_decisives/17.webp,full/batailles_decisives/17.jpg,raster,200,150,9456,raster,1200,754,1200,754,340931,2
ok,,batailles_decisives,18,Image,18,Plassey / 1757 / Inde,thumbs/batailles_decisives/18.webp,full/batailles_decisives/18.jpg,raster,200,150,8348,raster,1200,935,1200,935,260865,1
ok,,batailles_decisives,19,Image,19,Yorktown / 1781 / États-Unis,thumbs/batailles_decisives/19.webp,full/batailles_decisives/19.jpg,raster,200,150,9146,raster,1148,1200,1200,1148,325170,20
ok,,batailles_decisives,20,Image,20,Valmy / 1792 / France,thumbs/batailles_decisives/20.webp,full/batailles_decisives/20.jpg,raster,200,150,7984,raster,1200,732,1200,732,188803,1
ok,,batailles_decisives,25,Image,25,La Somme / 1916 / France,thumbs/batailles_decisives/25.webp,full/batailles_decisives/25.jpg,raster,200,150,8404,raster,1200,919,1200,919,261599,2
ok,,batailles_decisives,26,Image,26,El-Alamein / 1942 / Égypte,thumbs/batailles_decisives/26.webp,full/batailles_decisives/26.jpg,raster,200,150,6844,raster,1200,1190,1200,1190,238667,22
ok,,batailles_decisives,28,Image,28,Normandie (D-Day) / 1944 / France,thumbs/batailles_decisives/28.webp,full/batailles_decisives/28.jpg,raster,200,150,4936,raster,1200,966,1200,966,201665,0
ok,,batailles_decisives,30,Image,30,Inchon / 1950 / Corée,thumbs/batailles_decisives/30.webp,full/batailles_decisives/30.jpg,raster,200,150,8200,raster,1200,972,1200,972,328920,0
ok,,batailles_decisives,31,Image,31,Kippour / 1973 / Moyen-Orient,thumbs/batailles_decisives/31.webp,full/batailles_decisives/31.jpg,raster,200,150,5118,raster,798,1200,1200,798,101142,1
ok,,batailles_decisives,33,Image,33,Golfe Persique / 1991 / Iraëk,thumbs/batailles_decisives/33.webp,full/batailles_decisives/33.jpg,raster,220,140,5070,raster,1200,764,1200,764,114418,0
ok,,chefs_etat,1,Image,1,Louis XVI (monarchie absolue) / 1774–1791 / Monarchie absolue,thumbs/chefs_etat/1.webp,full/chefs_etat/1.jpg,raster,127,170,6806,raster,1346,1800,1800,1346,692454,0
ok,,chefs_etat,2,Image,2,Louis XVI (roi constitutionnel) / 1791–1792 / Monarchie constitutionnelle,thumbs/chefs_etat/2.webp,full/chefs_etat/2.jpg,raster,127,170,6806,raster,1346,1800,1800,1346,692454,0
ok,,chefs_etat,4,Image,4,Le Directoire / 1795–1799 / Ire République,thumbs/chefs_etat/4.webp,full/chefs_etat/4.jpg,raster,122,170,5980,raster,864,1200,1200,864,342501,0
ok,,chefs_etat,5,Image,5,Napoléon Bonaparte (Premier consul) / 1799–1804 / Consulat,thumbs/chefs_etat/5.webp,full/chefs_etat/5.jpg,raster,96,160,3240,raster,812,1200,1200,812,182831,24
ok,,chefs_etat,6,Image,6,Napoléon Ier (Empereur) / 1804–1814 / Premier Empire,thumbs/chefs_etat/6.webp,full/chefs_etat/6.jpg,raster,102,170,4036,raster,1082,1800,1800,1082,400673,0
ok,,chefs_etat,7,Image,7,Louis XVIII (1ère Restauration) / 1814–1815 / Restauration,thumbs/chefs_etat/7.webp,full/chefs_etat/7.jpg,raster,118,170,6036,raster,887,1280,1280,887,366159,0
ok,,chefs_etat,8,Image,8,Napoléon Ier (Cent-Jours) / 1815 / Premier Empire,thumbs/chefs_etat/8.webp,full/chefs_etat/8.jpg,raster,102,170,4036,raster,1082,1800,1800,1082,400673,0
ok,,chefs_etat,9,Image,9,Louis XVIII (2e Restauration) / 1815–1824 / Restauration,thumbs/chefs_etat/9.webp,full/chefs_etat/9.jpg,raster,118,170,6036,raster,887,1280,1280,887,366159,0
ok,,chefs_etat,10,Image,10,Charles X / 1824–1830 / Restauration,thumbs/chefs_etat/10.webp,full/chefs_etat/10.jpg,raster,119,170,4044,raster,1255,1800,1800,1255,528991,0
ok,,chefs_etat,11,Image,11,Louis-Philippe Ier / 1830–1848 / Monarchie de Juillet,thumbs/chefs_etat/11.webp,full/chefs_etat/11.jpg,raster,121,170,4358,raster,1283,1800,1800,1283,543707,0
ok,,chefs_etat,13,Image,13,Louis-Napoléon Bonaparte / 1848–1852 / IIe République,thumbs/chefs_etat/13.webp,full/chefs_etat/13.jpg,raster,117,170,3914,raster,1240,1800,1800,1240,503865,0
ok,,chefs_etat,14,Image,14,Napoléon III / 1852–1870 / Second Empire,thumbs/chefs_etat/14.webp,full/chefs_etat/14.jpg,raster,117,170,3914,raster,1240,1800,1800,1240,503865,0
ok,,chefs_etat,16,Image,16,Patrice de Mac-Mahon / 1873–1879 / IIIe République,thumbs/chefs_etat/16.webp,full/chefs_etat/16.jpg,raster,220,151,9132,raster,1200,824,1200,824,287619,0
ok,,chefs_etat,17,Image,17,Jules Grévy / 1879–1887 / IIIe République,thumbs/chefs_etat/17.webp,full/chefs_etat/17.jpg,raster,128,170,2052,raster,977,1296,1296,977,116103,1
ok,,chefs_etat,23,Image,23,Raymond Poincaré / 1913–1920 / IIIe République,thumbs/chefs_etat/23.webp,full/chefs_etat/23.jpg,raster,127,170,4130,raster,980,1316,1316,980,418257,0
ok,,chefs_etat,25,Image,25,Alexandre Millerand / 1920–1924 / IIIe République,thumbs/chefs_etat/25.webp,full/chefs_etat/25.jpg,raster,128,170,3968,raster,1360,1800,1800,1360,765601,0
ok,,chefs_etat,29,Image,29,Philippe Pétain / 1940–1944 / État français (Vichy),thumbs/chefs_etat/29.webp,full/chefs_etat/29.jpg,raster,111,170,3614,raster,990,1520,1520,990,350704,1
ok,,chefs_etat,30,Image,30,Charles de Gaulle (GPRF) / 1944–1946 / Gouvernement provisoire,thumbs/chefs_etat/30.webp,full/chefs_etat/30.jpg,raster,126,170,4352,raster,1332,1800,1800,1332,417891,0
ok,,chefs_etat,32,Image,32,Georges Bidault / 1946 / IVe République,thumbs/chefs_etat/32.webp,full/chefs_etat/32.webp,raster,120,160,2228,raster,960,1280,1280,960,128898,0
ok,,chefs_etat,36,Image,36,Charles de Gaulle / 1959–1969 / Ve République,thumbs/chefs_etat/36.webp,full/chefs_etat/36.webp,raster,118,160,3678,raster,960,1297,1297,960,217050,0
ok,,chefs_etat,38,Image,38,Valéry Giscard d'Estaing / 1974–1981 / Ve République,thumbs/chefs_etat/38.webp,full/chefs_etat/38.webp,raster,115,160,2708,raster,960,1331,1331,960,307824,0
ok,,chefs_etat,39,Image,39,François Mitterrand / 1981–1995 / Ve République,thumbs/chefs_etat/39.webp,full/chefs_etat/39.webp,raster,127,160,3250,raster,960,1209,1209,960,354206,0
ok,,chefs_etat,40,Image,40,Jacques Chirac / 1995–2007 / Ve République,thumbs/chefs_etat/40.webp,full/chefs_etat/40.jpg,raster,121,170,4036,raster,1225,1715,1715,1225,672747,0
ok,,chefs_etat,42,Image,42,François Hollande / 2012–2017 / Ve République,thumbs/chefs_etat/42.webp,full/chefs_etat/42.webp,raster,106,160,2978,raster,1066,1600,1600,1066,223902,0
ok,,chefs_etat,43,Image,43,Emmanuel Macron / 2017– / Ve République,thumbs/chefs_etat/43.webp,full/chefs_etat/43.webp,raster,115,160,3130,raster,1156,1600,1600,1156,356346,0
ok,,civilisations,1,Image,1,Mésopotamie / v. 3500–539 av. J.-C. / Croissant fertile,thumbs/civilisations/1.webp,full/civilisations/1.jpg,raster,220,147,7526,raster,1200,800,1200,800,268631,0
ok,,civilisations,4,Image,4,Dynastie Shang / v. 1600–1046 av. J.-C. / Chine,thumbs/civilisations/4.webp,full/civilisations/4.jpg,raster,124,170,7020,raster,873,1200,1200,873,216534,0
ok,,civilisations,6,Image,6,Rome antique / 753 av. J.-C.–476 / Méditerranée,thumbs/civilisations/6.webp,full/civilisations/6.jpg,raster,217,170,11284,raster,1200,938,1200,938,399012,0
ok,,civilisations,10,Image,10,Civilisation maya / v. 2000 av. J.-C.–XVIe siècle / Mésoamérique,thumbs/civilisations/10.webp,full/civilisations/10.jpg,raster,170,170,5230,raster,1200,1200,1200,1200,100747,0
ok,,civilisations,11,Image,11,Empire aztèque / XIVe–XVIe siècle / Mexique central,thumbs/civilisations/11.webp,full/civilisations/11.jpg,raster,220,134,6260,raster,1200,732,1200,732,169579,1
ok,,civilisations,12,Image,12,Empire inca / XVe–XVIe siècle / Andes,thumbs/civilisations/12.webp,full/civilisations/12.jpg,raster,156,170,8056,raster,1101,1200,1200,1101,438793,0
ok,,compositeurs,1,Image,1,Johann Sebastian Bach / Baroque / Allemande,thumbs/compositeurs/1.webp,full/compositeurs/1.jpg,raster,123,160,2954,raster,925,1200,1200,925,224288,0
ok,,compositeurs,2,Image,2,Antonio Vivaldi / Baroque / Italienne,thumbs/compositeurs/2.webp,full/compositeurs/2.jpg,raster,128,160,7364,raster,928,1200,1200,928,208728,24
ok,,compositeurs,4,Image,4,Joseph Haydn / Classicisme / Autrichienne,thumbs/compositeurs/4.webp,full/compositeurs/4.jpg,raster,170,170,10716,raster,1200,1200,1200,1200,440966,0
ok,,compositeurs,5,Image,5,Wolfgang Amadeus Mozart / Classicisme / Autrichienne,thumbs/compositeurs/5.webp,full/compositeurs/5.jpg,raster,137,170,4250,raster,964,1200,1200,964,365023,0
ok,,compositeurs,6,Image,6,Ludwig van Beethoven / Classicisme / romantisme / Allemande,thumbs/compositeurs/6.webp,full/compositeurs/6.jpg,raster,133,160,4658,raster,935,1200,1200,935,289584,23
ok,,compositeurs,7,Image,7,Franz Schubert / Romantisme / Autrichienne,thumbs/compositeurs/7.webp,full/compositeurs/7.jpg,raster,134,160,2814,raster,836,1200,1200,836,163414,21
ok,,compositeurs,8,Image,8,Frédéric Chopin / Romantisme / Polonaise,thumbs/compositeurs/8.webp,full/compositeurs/8.jpg,raster,111,160,4718,raster,1200,1200,1200,1200,381803,23
ok,,compositeurs,10,Image,10,Richard Wagner / Romantisme / Allemande,thumbs/compositeurs/10.webp,full/compositeurs/10.jpg,raster,115,160,4068,raster,987,1200,1200,987,130357,12
ok,,compositeurs,11,Image,11,Claude Debussy / Impressionnisme / Française,thumbs/compositeurs/11.webp,full/compositeurs/11.jpg,raster,114,160,2824,raster,929,1200,1200,929,203309,19
ok,,compositeurs,12,Image,12,Igor Stravinsky / XXe siècle / Russe,thumbs/compositeurs/12.webp,full/compositeurs/12.jpg,raster,122,160,3242,raster,997,1200,1200,997,257402,26
ok,,consoles,2,Image,2,1975 / Pong (console) / Atari,thumbs/consoles/2.webp,full/consoles/2.jpg,raster,91,150,2658,raster,1200,800,1200,800,209754,24
ok,,consoles,5,Image,5,1978 / Odyssey 2 / Magnavox,thumbs/consoles/5.webp,full/consoles/5.jpg,raster,267,160,4334,raster,1200,1016,1200,1016,159639,21
ok,,consoles,7,Image,7,1982 / ColecoVision / Coleco,thumbs/consoles/7.webp,full/consoles/7.jpg,raster,350,160,5800,raster,1200,897,1200,897,289767,21
ok,,consoles,8,Image,8,1982 / Atari 5200 / Atari,thumbs/consoles/8.webp,full/consoles/8.jpg,raster,302,160,3586,raster,1200,775,1200,775,90838,18
ok,,consoles,9,Image,9,1983 / Famicom / NES / Nintendo,thumbs/consoles/9.webp,full/consoles/9.jpg,raster,220,162,2780,raster,1200,884,1200,884,75048,0
ok,,consoles,11,Image,11,1985 / NES (sortie USA) / Nintendo,thumbs/consoles/11.webp,full/consoles/11.jpg,raster,294,160,6832,raster,1200,653,1200,653,73627,11
ok,,consoles,12,Image,12,1986 / Sega Master System / Sega,thumbs/consoles/12.webp,full/consoles/12.jpg,raster,220,120,3844,raster,1200,653,1200,653,80178,0
ok,,consoles,15,Image,15,1989 / Game Boy / Nintendo,thumbs/consoles/15.webp,full/consoles/15.jpg,raster,220,166,4170,raster,1200,908,1200,908,57302,0
ok,,consoles,16,Image,16,1990 / Super Famicom / SNES / Nintendo,thumbs/consoles/16.webp,full/consoles/16.jpg,raster,360,160,14698,raster,1200,788,1200,788,85344,26
ok,,consoles,17,Image,17,1991 / Mega Drive (USA/Europe) / Sega,thumbs/consoles/17.webp,full/consoles/17.jpg,raster,220,152,3558,raster,1200,829,1200,829,136574,0
ok,,consoles,18,Image,18,1993 / 3DO Interactive Multiplayer / 3DO Company,thumbs/consoles/18.webp,full/consoles/18.jpg,raster,220,134,3122,raster,1200,732,1200,732,77467,0
ok,,consoles,19,Image,19,1994 / Sega Saturn / Sega,thumbs/consoles/19.webp,full/consoles/19.jpg,raster,200,109,2548,raster,1200,900,1200,900,126955,26
ok,,consoles,20,Image,20,1994 / PlayStation / Sony,thumbs/consoles/20.webp,full/consoles/20.jpg,raster,200,87,2276,raster,1200,788,1200,788,85344,17
ok,,consoles,21,Image,21,1996 / Nintendo 64 / Nintendo,thumbs/consoles/21.webp,full/consoles/21.jpg,raster,220,134,2802,raster,1200,731,1200,731,114513,0
ok,,consoles,23,Image,23,1998 / Game Boy Color / Nintendo,thumbs/consoles/23.webp,full/consoles/23.jpg,raster,220,134,3122,raster,1200,732,1200,732,77467,0
ok,,consoles,24,Image,24,1998 / Dreamcast / Sega,thumbs/consoles/24.webp,full/consoles/24.jpg,raster,220,134,3046,raster,1200,732,1200,732,62596,0
ok,,consoles,25,Image,25,2000 / PlayStation 2 / Sony,thumbs/consoles/25.webp,full/consoles/25.jpg,raster,188,170,5288,raster,1200,1085,1200,1085,164287,0
ok,,consoles,29,Image,29,2004 / Nintendo DS / Nintendo,thumbs/consoles/29.webp,full/consoles/29.jpg,raster,220,146,6440,raster,1200,797,1200,797,200053,0
ok,,consoles,30,Image,30,2004 / PlayStation Portable (PSP) / Sony,thumbs/consoles/30.webp,full/consoles/30.jpg,raster,281,160,3094,raster,1200,675,1200,675,92183,26
ok,,constellations,1,Image,1,Orion / Céleste équatorial / Bételgeuse,thumbs/constellations/1.webp,full/constellations/1.jpg,raster,106,150,934,raster,967,1200,1200,967,165758,22
ok,,constellations,2,Image,2,Grande Ourse / Nord / Alioth,thumbs/constellations/2.webp,full/constellations/2.jpg,raster,196,170,6686,raster,1200,1043,1200,1043,162923,2
ok,,constellations,3,Image,3,Petite Ourse / Nord / Polaris,thumbs/constellations/3.webp,full/constellations/3.jpg,raster,153,170,3308,raster,1081,1200,1200,1081,113937,3
ok,,constellations,4,Image,4,Cassiopée / Nord / Schedar,thumbs/constellations/4.webp,full/constellations/4.jpg,raster,180,170,5570,raster,1200,1133,1200,1133,136178,1
ok,,constellations,5,Image,5,Cygne / Nord / Deneb,thumbs/constellations/5.webp,full/constellations/5.jpg,raster,125,170,3456,raster,880,1200,1200,880,404100,0
ok,,constellations,6,Image,6,Lyre / Nord / Véga,thumbs/constellations/6.webp,full/constellations/6.jpg,raster,200,133,1562,raster,976,1200,1200,976,120571,24
ok,,constellations,7,Image,7,Aigle / Céleste équatorial / Altaïr,thumbs/constellations/7.webp,full/constellations/7.jpg,raster,201,170,6406,raster,1200,1015,1200,1015,133571,5
ok,,constellations,8,Image,8,Scorpion / Sud / Antarès,thumbs/constellations/8.webp,full/constellations/8.jpg,raster,134,170,666,raster,948,1200,1200,948,133853,1
ok,,constellations,9,Image,9,Sagittaire / Sud / Kaus Australis,thumbs/constellations/9.webp,full/constellations/9.jpg,raster,105,150,1004,raster,1200,1055,1200,1055,134852,21
ok,,constellations,10,Image,10,Taureau / Nord / Aldébaran,thumbs/constellations/10.webp,full/constellations/10.jpg,raster,101,150,1058,raster,1200,1052,1200,1052,160500,23
ok,,constellations,11,Image,11,Gémeaux / Nord / Pollux,thumbs/constellations/11.webp,full/constellations/11.jpg,raster,154,170,8256,raster,1085,1200,1200,1085,583206,0
ok,,coupes_monde,1,Image,1,1930 / 🇺🇾 Uruguay / 🇺🇾 Uruguay,thumbs/coupes_monde/1.webp,full/coupes_monde/1.jpg,raster,127,170,2840,raster,900,1200,1200,900,229874,2
ok,,coupes_monde,4,Image,4,1950 / 🇧🇷 Brésil / 🇺🇾 Uruguay,thumbs/coupes_monde/4.webp,full/coupes_monde/4.jpg,raster,105,160,3958,raster,1200,1095,1200,1095,285183,22
ok,,coupes_monde,5,Image,5,1954 / 🇨🇭 Suisse / 🇩🇪 Allemagne,thumbs/coupes_monde/5.webp,full/coupes_monde/5.jpg,raster,200,120,8836,raster,900,1200,1200,900,247898,23
ok,,coupes_monde,6,Image,6,1958 / 🇸🇪 Suède / 🇧🇷 Brésil,thumbs/coupes_monde/6.webp,full/coupes_monde/6.jpg,raster,220,165,16448,raster,1200,900,1200,900,431987,0
ok,,coupes_monde,7,Image,7,1962 / 🇨🇱 Chili / 🇧🇷 Brésil,thumbs/coupes_monde/7.webp,full/coupes_monde/7.jpg,raster,132,160,7402,raster,1200,937,1200,937,228301,22
ok,,coupes_monde,9,Image,9,1970 / 🇲🇽 Mexique / 🇧🇷 Brésil,thumbs/coupes_monde/9.webp,full/coupes_monde/9.jpg,raster,220,141,13772,raster,1200,771,1200,771,390752,0
ok,,coupes_monde,10,Image,10,1974 / 🇩🇪 Allemagne / 🇩🇪 Allemagne,thumbs/coupes_monde/10.webp,full/coupes_monde/10.jpg,raster,134,170,6770,raster,943,1200,1200,943,190829,0
ok,,coupes_monde,12,Image,12,1982 / 🇪🇸 Espagne / 🇮🇹 Italie,thumbs/coupes_monde/12.webp,full/coupes_monde/12.jpg,raster,170,160,7086,raster,1200,827,1200,827,371190,22
ok,,coupes_monde,13,Image,13,1986 / 🇲🇽 Mexique / 🇦🇷 Argentine,thumbs/coupes_monde/13.webp,full/coupes_monde/13.jpg,raster,220,145,10308,raster,1200,790,1200,790,236864,0
ok,,coupes_monde,14,Image,14,1990 / 🇮🇹 Italie / 🇩🇪 Allemagne,thumbs/coupes_monde/14.webp,full/coupes_monde/14.jpg,raster,220,153,11308,raster,1200,835,1200,835,429001,1
ok,,coupes_monde,15,Image,15,1994 / 🇺🇸 États-Unis / 🇧🇷 Brésil,thumbs/coupes_monde/15.webp,full/coupes_monde/15.jpg,raster,187,170,12358,raster,1200,1088,1200,1088,409745,1
ok,,coupes_monde,16,Image,16,1998 / 🇫🇷 France / 🇫🇷 France,thumbs/coupes_monde/16.webp,full/coupes_monde/16.jpg,raster,200,150,9732,raster,1200,800,1200,800,141897,25
ok,,coupes_monde,17,Image,17,2002 / 🇯🇵 Corée/Japon / 🇧🇷 Brésil,thumbs/coupes_monde/17.webp,full/coupes_monde/17.jpg,raster,109,160,6386,raster,1200,800,1200,800,309962,23
ok,,coupes_monde,18,Image,18,2006 / 🇩🇪 Allemagne / 🇮🇹 Italie,thumbs/coupes_monde/18.webp,full/coupes_monde/18.jpg,raster,131,170,8036,raster,928,1200,1200,928,373752,1
ok,,coupes_monde,21,Image,21,2018 / 🇷🇺 Russie / 🇫🇷 France,thumbs/coupes_monde/21.webp,full/coupes_monde/21.jpg,raster,220,147,7630,raster,1200,801,1200,801,298477,0
ok,,decouvertes_scientifiques,1,Image,1,Héliocentrisme / 1543 / Astronomie,thumbs/decouvertes_scientifiques/1.webp,full/decouvertes_scientifiques/1.jpg,raster,178,150,7144,raster,1200,1035,1200,1035,487903,26
ok,,decouvertes_scientifiques,4,Image,4,Calcul différentiel et intégral / 1665-1684 / Mathématiques,thumbs/decouvertes_scientifiques/4.webp,full/decouvertes_scientifiques/4.jpg,raster,125,150,2068,raster,996,1200,1200,996,304527,0
ok,,decouvertes_scientifiques,5,Image,5,Gravitation universelle / 1687 / Physique,thumbs/decouvertes_scientifiques/5.webp,full/decouvertes_scientifiques/5.jpg,raster,170,170,4346,raster,1200,1200,1200,1200,94999,0
ok,,decouvertes_scientifiques,8,Image,8,Thermodynamique / 1842-1865 / Physique,thumbs/decouvertes_scientifiques/8.webp,full/decouvertes_scientifiques/8.jpg,raster,133,170,2940,raster,942,1200,1200,942,227124,0
ok,,decouvertes_scientifiques,9,Image,9,Évolution par sélection naturelle / 1859 / Biologie,thumbs/decouvertes_scientifiques/9.webp,full/decouvertes_scientifiques/9.jpg,raster,93,150,1360,raster,747,1200,1200,747,160877,1
ok,,decouvertes_scientifiques,10,Image,10,Ondes électromagnétiques / 1864 / Physique,thumbs/decouvertes_scientifiques/10.webp,full/decouvertes_scientifiques/10.jpg,raster,220,130,7290,raster,1200,711,1200,711,150231,0
ok,,decouvertes_scientifiques,11,Image,11,Tableau périodique / 1869 / Chimie,thumbs/decouvertes_scientifiques/11.webp,full/decouvertes_scientifiques/11.jpg,raster,220,119,6440,raster,1200,651,1200,651,133930,1
ok,,decouvertes_scientifiques,13,Image,13,Radioactivité / 1896 / Physique / Chimie,thumbs/decouvertes_scientifiques/13.webp,full/decouvertes_scientifiques/13.jpg,raster,110,150,1892,raster,883,1200,1200,883,125622,10
ok,,decouvertes_scientifiques,14,Image,14,Relativité restreinte / 1905 / Physique,thumbs/decouvertes_scientifiques/14.webp,full/decouvertes_scientifiques/14.jpg,raster,129,170,4060,raster,913,1200,1200,913,235918,0
ok,,decouvertes_scientifiques,16,Image,16,Mécanique quantique / 1925-1927 / Physique,thumbs/decouvertes_scientifiques/16.webp,full/decouvertes_scientifiques/16.jpg,raster,165,150,7176,raster,1200,1091,1200,1091,184389,2
ok,,decouvertes_scientifiques,17,Image,17,Pénicilline / 1928 / Médecine,thumbs/decouvertes_scientifiques/17.webp,full/decouvertes_scientifiques/17.jpg,raster,200,150,4262,raster,1200,900,1200,900,172456,0
ok,,decouvertes_scientifiques,19,Image,19,Structure de l’ADN / 1953 / Biologie,thumbs/decouvertes_scientifiques/19.webp,full/decouvertes_scientifiques/19.jpg,raster,171,170,10028,raster,1200,1190,1200,1190,273824,0
ok,,decouvertes_scientifiques,20,Image,20,Big Bang (preuves) / 1964 / Cosmologie,thumbs/decouvertes_scientifiques/20.webp,full/decouvertes_scientifiques/20.jpg,raster,200,132,6522,raster,1200,792,1200,792,215545,0
ok,,decouvertes_scientifiques,22,Image,22,Exoplanètes / 1992-1995 / Astronomie,thumbs/decouvertes_scientifiques/22.webp,full/decouvertes_scientifiques/22.jpg,raster,200,133,2312,raster,1200,716,1200,716,80906,15
ok,,departements,1,Image,1,thumbs/departements/1b.svg / Ain / Bourg-en-Bresse,thumbs/departements/1.webp,full/departements/1.svg,raster,143,160,4752,svg,,,,,96930,
ok,,departements,1,Localisation,1b,thumbs/departements/1b.svg / Ain / Bourg-en-Bresse,thumbs/departements/1b.svg,full/departements/1b.svg,svg,,,2349265,svg,,,,,2349265,
ok,,departements,2,Image,2,thumbs/departements/2b.svg / Aisne / Laon,thumbs/departements/2.webp,full/departements/2.svg,raster,147,160,3546,svg,,,,,21267,
ok,,departements,2,Localisation,2b,thumbs/departements/2b.svg / Aisne / Laon,thumbs/departements/2b.svg,full/departements/2b.svg,svg,,,2349267,svg,,,,,2349267,
ok,,departements,3,Image,3,thumbs/departements/3b.svg / Allier / Moulins,thumbs/departements/3.webp,full/departements/3.svg,raster,147,160,4262,svg,,,,,3283,
ok,,departements,3,Localisation,3b,thumbs/departements/3b.svg / Allier / Moulins,thumbs/departements/3b.svg,full/departements/3b.svg,svg,,,2349268,svg,,,,,2349268,
ok,,departements,4,Image,4,thumbs/departements/4b.svg / Alpes-de-Haute-Provence / Digne-les-Bains,thumbs/departements/4.webp,full/departements/4.svg,raster,137,160,1556,svg,,,,,2901,
ok,,departements,4,Localisation,4b,thumbs/departements/4b.svg / Alpes-de-Haute-Provence / Digne-les-Bains,thumbs/departements/4b.svg,full/departements/4b.svg,svg,,,2349285,svg,,,,,2349285,
ok,,departements,5,Image,5,thumbs/departements/5b.svg / Hautes-Alpes / Gap,thumbs/departements/5.webp,full/departements/5.svg,raster,160,160,7434,svg,,,,,17673,
ok,,departements,5,Localisation,5b,thumbs/departements/5b.svg / Hautes-Alpes / Gap,thumbs/departements/5b.svg,full/departements/5b.svg,svg,,,2349274,svg,,,,,2349274,
ok,,departements,6,Image,6,thumbs/departements/6b.svg / Alpes-Maritimes / Nice,thumbs/departements/6.webp,full/departements/6.svg,raster,133,160,2890,svg,,,,,28099,
ok,,departements,6,Localisation,6b,thumbs/departements/6b.svg / Alpes-Maritimes / Nice,thumbs/departements/6b.svg,full/departements/6b.svg,svg,,,2349277,svg,,,,,2349277,
ok,,departements,7,Image,7,thumbs/departements/7b.svg / Ardèche / Privas,thumbs/departements/7.webp,full/departements/7.svg,raster,147,160,5050,svg,,,,,6195,
ok,,departements,7,Localisation,7b,thumbs/departements/7b.svg / Ardèche / Privas,thumbs/departements/7b.svg,full/departements/7b.svg,svg,,,2349270,svg,,,,,2349270,
ok,,departements,8,Localisation,8b,thumbs/departements/8b.svg / Ardennes / Charleville-Mézières,thumbs/departements/8b.svg,full/departements/8b.svg,svg,,,2349270,svg,,,,,2349270,
ok,,departements,9,Localisation,9b,thumbs/departements/9b.svg / Ariège / Foix,thumbs/departements/9b.svg,full/departements/9b.svg,svg,,,2349269,svg,,,,,2349269,
ok,,departements,10,Localisation,10b,thumbs/departements/10b.svg / Aube / Troyes,thumbs/departements/10b.svg,full/departements/10b.svg,svg,,,2349266,svg,,,,,2349266,
ok,,departements,11,Localisation,11b,thumbs/departements/11b.svg / Aude / Carcassonne,thumbs/departements/11b.svg,full/departements/11b.svg,svg,,,2349266,svg,,,,,2349266,
ok,,departements,12,Localisation,12b,thumbs/departements/12b.svg / Aveyron / Rodez,thumbs/departements/12b.svg,full/departements/12b.svg,svg,,,2349269,svg,,,,,2349269,
ok,,departements,13,Localisation,13b,thumbs/departements/13b.svg / Bouches-du-Rhône / Marseille,thumbs/departements/13b.svg,full/departements/13b.svg,svg,,,2349279,svg,,,,,2349279,
ok,,departements,14,Localisation,14b,thumbs/departements/14b.svg / Calvados / Caen,thumbs/departements/14b.svg,full/departements/14b.svg,svg,,,2349270,svg,,,,,2349270,
ok,,departements,15,Localisation,15b,thumbs/departements/15b.svg / Cantal / Aurillac,thumbs/departements/15b.svg,full/departements/15b.svg,svg,,,2349268,svg,,,,,2349268,
ok,,departements,16,Localisation,16b,thumbs/departements/16b.svg / Charente / Angoulême,thumbs/departements/16b.svg,full/departements/16b.svg,svg,,,2349270,svg,,,,,2349270,
ok,,departements,17,Localisation,17b,thumbs/departements/17b.svg / Charente-Maritime / La Rochelle,thumbs/departements/17b.svg,full/departements/17b.svg,svg,,,2349279,svg,,,,,2349279,
ok,,departements,18,Localisation,18b,thumbs/departements/18b.svg / Cher / Bourges,thumbs/departements/18b.svg,full/departements/18b.svg,svg,,,2349266,svg,,,,,2349266,
ok,,departements,19,Localisation,19b,thumbs/departements/19b.svg / Corrèze / Tulle,thumbs/departements/19b.svg,full/departements/19b.svg,svg,,,2349270,svg,,,,,2349270,
ok,,departements,20,Localisation,20b,thumbs/departements/20b.svg / Corse-du-Sud / Ajaccio,thumbs/departements/20b.svg,full/departements/20b.svg,svg,,,2349274,svg,,,,,2349274,
ok,,departements,21,Localisation,21b,thumbs/departements/21b.svg / Haute-Corse / Bastia,thumbs/departements/21b.svg,full/departements/21b.svg,svg,,,2349273,svg,,,,,2349273,
ok,,departements,22,Localisation,22b,thumbs/departements/22b.svg / Côte-d'Or / Dijon,thumbs/departements/22b.svg,full/departements/22b.svg,svg,,,2349272,svg,,,,,2349272,
ok,,departements,23,Localisation,23b,thumbs/departements/23b.svg / Côtes-d'Armor / Saint-Brieuc,thumbs/departements/23b.svg,full/departements/23b.svg,svg,,,2349276,svg,,,,,2349276,
ok,,departements,24,Localisation,24b,thumbs/departements/24b.svg / Creuse / Guéret,thumbs/departements/24b.svg,full/departements/24b.svg,svg,,,2349268,svg,,,,,2349268,
ok,,departements,25,Localisation,25b,thumbs/departements/25b.svg / Dordogne / Périgueux,thumbs/departements/25b.svg,full/departements/25b.svg,svg,,,2349270,svg,,,,,2349270,
ok,,departements,26,Localisation,26b,thumbs/departements/26b.svg / Doubs / Besançon,thumbs/departements/26b.svg,full/departements/26b.svg,svg,,,2349267,svg,,,,,2349267,
ok,,departements,27,Localisation,27b,thumbs/departements/27b.svg / Drôme / Valence,thumbs/departements/27b.svg,full/departements/27b.svg,svg,,,2349268,svg,,,,,2349268,
ok,,departements,28,Localisation,28b,thumbs/departements/28b.svg / Eure / Évreux,thumbs/departements/28b.svg,full/departements/28b.svg,svg,,,2349266,svg,,,,,2349266,
ok,,departements,29,Localisation,29b,thumbs/departements/29b.svg / Eure-et-Loir / Chartres,thumbs/departements/29b.svg,full/departements/29b.svg,svg,,,2349274,svg,,,,,2349274,
ok,,departements,30,Localisation,30b,thumbs/departements/30b.svg / Finistère / Quimper,thumbs/departements/30b.svg,full/departements/30b.svg,svg,,,2349272,svg,,,,,2349272,
ok,,departements,31,Localisation,31b,thumbs/departements/31b.svg / Gard / Nîmes,thumbs/departements/31b.svg,full/departements/31b.svg,svg,,,2349266,svg,,,,,2349266,
ok,,departements,32,Localisation,32b,thumbs/departements/32b.svg / Haute-Garonne / Toulouse,thumbs/departements/32b.svg,full/departements/32b.svg,svg,,,2349275,svg,,,,,2349275,
ok,,departements,33,Image,33,thumbs/departements/33b.svg / Gers / Auch,thumbs/departements/33.webp,full/departements/33.svg,raster,144,160,3624,svg,,,,,20886,
ok,,departements,33,Localisation,33b,thumbs/departements/33b.svg / Gers / Auch,thumbs/departements/33b.svg,full/departements/33b.svg,svg,,,2349266,svg,,,,,2349266,
ok,,departements,34,Localisation,34b,thumbs/departements/34b.svg / Gironde / Bordeaux,thumbs/departements/34b.svg,full/departements/34b.svg,svg,,,2349269,svg,,,,,2349269,
ok,,departements,35,Localisation,35b,thumbs/departements/35b.svg / Hérault / Montpellier,thumbs/departements/35b.svg,full/departements/35b.svg,svg,,,2349270,svg,,,,,2349270,
ok,,departements,36,Localisation,36b,thumbs/departements/36b.svg / Ille-et-Vilaine / Rennes,thumbs/departements/36b.svg,full/departements/36b.svg,svg,,,2349277,svg,,,,,2349277,
ok,,departements,37,Localisation,37b,thumbs/departements/37b.svg / Indre / Châteauroux,thumbs/departements/37b.svg,full/departements/37b.svg,svg,,,2349267,svg,,,,,2349267,
ok,,departements,38,Localisation,38b,thumbs/departements/38b.svg / Indre-et-Loire / Tours,thumbs/departements/38b.svg,full/departements/38b.svg,svg,,,2349276,svg,,,,,2349276,
ok,,departements,39,Localisation,39b,thumbs/departements/39b.svg / Isère / Grenoble,thumbs/departements/39b.svg,full/departements/39b.svg,svg,,,2349268,svg,,,,,2349268,
ok,,departements,40,Localisation,40b,thumbs/departements/40b.svg / Jura / Lons-le-Saunier,thumbs/departements/40b.svg,full/departements/40b.svg,svg,,,2349266,svg,,,,,2349266,
ok,,departements,41,Localisation,41b,thumbs/departements/41b.svg / Landes / Mont-de-Marsan,thumbs/departements/41b.svg,full/departements/41b.svg,svg,,,2349268,svg,,,,,2349268,
ok,,departements,42,Image,42,thumbs/departements/42b.svg / Loir-et-Cher / Blois,thumbs/departements/42.webp,full/departements/42.svg,raster,144,160,2870,svg,,,,,4847,
ok,,departements,42,Localisation,42b,thumbs/departements/42b.svg / Loir-et-Cher / Blois,thumbs/departements/42b.svg,full/departements/42b.svg,svg,,,2349274,svg,,,,,2349274,
ok,,departements,43,Localisation,43b,thumbs/departements/43b.svg / Loire / Saint-Étienne,thumbs/departements/43b.svg,full/departements/43b.svg,svg,,,2349267,svg,,,,,2349267,
ok,,departements,44,Localisation,44b,thumbs/departements/44b.svg / Haute-Loire / Le Puy-en-Velay,thumbs/departements/44b.svg,full/departements/44b.svg,svg,,,2349273,svg,,,,,2349273,
ok,,departements,45,Localisation,45b,thumbs/departements/45b.svg / Loire-Atlantique / Nantes,thumbs/departements/45b.svg,full/departements/45b.svg,svg,,,2349278,svg,,,,,2349278,
ok,,departements,46,Localisation,46b,thumbs/departements/46b.svg / Loiret / Orléans,thumbs/departements/46b.svg,full/departements/46b.svg,svg,,,2349268,svg,,,,,2349268,
ok,,departements,47,Localisation,47b,thumbs/departements/47b.svg / Lot / Cahors,thumbs/departements/47b.svg,full/departements/47b.svg,svg,,,2349265,svg,,,,,2349265,
ok,,departements,48,Localisation,48b,thumbs/departements/48b.svg / Lot-et-Garonne / Agen,thumbs/departements/48b.svg,full/departements/48b.svg,svg,,,2349276,svg,,,,,2349276,
ok,,departements,49,Localisation,49b,thumbs/departements/49b.svg / Lozère / Mende,thumbs/departements/49b.svg,full/departements/49b.svg,svg,,,2349269,svg,,,,,2349269,
ok,,departements,50,Localisation,50b,thumbs/departements/50b.svg / Maine-et-Loire / Angers,thumbs/departements/50b.svg,full/departements/50b.svg,svg,,,2349276,svg,,,,,2349276,
ok,,departements,51,Localisation,51b,thumbs/departements/51b.svg / Manche / Saint-Lô,thumbs/departements/51b.svg,full/departements/51b.svg,svg,,,2349268,svg,,,,,2349268,
ok,,departements,52,Localisation,52b,thumbs/departements/52b.svg / Marne / Châlons-en-Champagne,thumbs/departements/52b.svg,full/departements/52b.svg,svg,,,2349267,svg,,,,,2349267,
ok,,departements,53,Localisation,53b,thumbs/departements/53b.svg / Haute-Marne / Chaumont,thumbs/departements/53b.svg,full/departements/53b.svg,svg,,,2349273,svg,,,,,2349273,
ok,,departements,54,Localisation,54b,thumbs/departements/54b.svg / Mayenne / Laval,thumbs/departements/54b.svg,full/departements/54b.svg,svg,,,2349269,svg,,,,,2349269,
ok,,departements,55,Image,55,thumbs/departements/55b.svg / Meurthe-et-Moselle / Nancy,thumbs/departements/55.webp,full/departements/55.svg,raster,145,160,5684,svg,,,,,8655,
ok,,departements,55,Localisation,55b,thumbs/departements/55b.svg / Meurthe-et-Moselle / Nancy,thumbs/departements/55b.svg,full/departements/55b.svg,svg,,,2349280,svg,,,,,2349280,
ok,,departements,56,Localisation,56b,thumbs/departements/56b.svg / Meuse / Bar-le-Duc,thumbs/departements/56b.svg,full/departements/56b.svg,svg,,,2349267,svg,,,,,2349267,
ok,,departements,57,Localisation,57b,thumbs/departements/57b.svg / Morbihan / Vannes,thumbs/departements/57b.svg,full/departements/57b.svg,svg,,,2349270,svg,,,,,2349270,
ok,,departements,58,Image,58,thumbs/departements/58b.svg / Moselle / Metz,thumbs/departements/58.webp,full/departements/58.svg,raster,143,160,3964,svg,,,,,43668,
ok,,departements,58,Localisation,58b,thumbs/departements/58b.svg / Moselle / Metz,thumbs/departements/58b.svg,full/departements/58b.svg,svg,,,2349269,svg,,,,,2349269,
ok,,departements,59,Localisation,59b,thumbs/departements/59b.svg / Nièvre / Nevers,thumbs/departements/59b.svg,full/departements/59b.svg,svg,,,2349269,svg,,,,,2349269,
ok,,departements,60,Localisation,60b,thumbs/departements/60b.svg / Nord / Lille,thumbs/departements/60b.svg,full/departements/60b.svg,svg,,,2349266,svg,,,,,2349266,
ok,,departements,61,Localisation,61b,thumbs/departements/61b.svg / Oise / Beauvais,thumbs/departements/61b.svg,full/departements/61b.svg,svg,,,2349266,svg,,,,,2349266,
ok,,departements,62,Localisation,62b,thumbs/departements/62b.svg / Orne / Alençon,thumbs/departements/62b.svg,full/departements/62b.svg,svg,,,2349266,svg,,,,,2349266,
ok,,departements,63,Localisation,63b,thumbs/departements/63b.svg / Pas-de-Calais / Arras,thumbs/departements/63b.svg,full/departements/63b.svg,svg,,,2349275,svg,,,,,2349275,
ok,,departements,64,Localisation,64b,thumbs/departements/64b.svg / Puy-de-Dôme / Clermont-Ferrand,thumbs/departements/64b.svg,full/departements/64b.svg,svg,,,2349274,svg,,,,,2349274,
ok,,departements,65,Localisation,65b,thumbs/departements/65b.svg / Pyrénées-Atlantiques / Pau,thumbs/departements/65b.svg,full/departements/65b.svg,svg,,,2349284,svg,,,,,2349284,
ok,,departements,66,Localisation,66b,thumbs/departements/66b.svg / Hautes-Pyrénées / Tarbes,thumbs/departements/66b.svg,full/departements/66b.svg,svg,,,2349279,svg,,,,,2349279,
ok,,departements,67,Localisation,67b,thumbs/departements/67b.svg / Pyrénées-Orientales / Perpignan,thumbs/departements/67b.svg,full/departements/67b.svg,svg,,,2349283,svg,,,,,2349283,
ok,,departements,68,Localisation,68b,thumbs/departements/68b.svg / Bas-Rhin / Strasbourg,thumbs/departements/68b.svg,full/departements/68b.svg,svg,,,2349270,svg,,,,,2349270,
ok,,departements,69,Localisation,69b,thumbs/departements/69b.svg / Haut-Rhin / Colmar,thumbs/departements/69b.svg,full/departements/69b.svg,svg,,,2349271,svg,,,,,2349271,
ok,,departements,70,Localisation,70b,thumbs/departements/70b.svg / Rhône / Lyon,thumbs/departements/70b.svg,full/departements/70b.svg,svg,,,2349268,svg,,,,,2349268,
ok,,departements,71,Localisation,71b,thumbs/departements/71b.svg / Haute-Saône / Vesoul,thumbs/departements/71b.svg,full/departements/71b.svg,svg,,,2349274,svg,,,,,2349274,
ok,,departements,72,Localisation,72b,thumbs/departements/72b.svg / Saône-et-Loire / Mâcon,thumbs/departements/72b.svg,full/departements/72b.svg,svg,,,2349277,svg,,,,,2349277,
ok,,departements,73,Localisation,73b,thumbs/departements/73b.svg / Sarthe / Le Mans,thumbs/departements/73b.svg,full/departements/73b.svg,svg,,,2349268,svg,,,,,2349268,
ok,,departements,74,Localisation,74b,thumbs/departements/74b.svg / Savoie / Chambéry,thumbs/departements/74b.svg,full/departements/74b.svg,svg,,,2349268,svg,,,,,2349268,
ok,,departements,75,Localisation,75b,thumbs/departements/75b.svg / Haute-Savoie / Annecy,thumbs/departements/75b.svg,full/departements/75b.svg,svg,,,2349274,svg,,,,,2349274,
ok,,departements,76,Localisation,76b,thumbs/departements/76b.svg / Paris / Paris,thumbs/departements/76b.svg,full/departements/76b.svg,svg,,,2349267,svg,,,,,2349267,
ok,,departements,77,Localisation,77b,thumbs/departements/77b.svg / Seine-Maritime / Rouen,thumbs/departements/77b.svg,full/departements/77b.svg,svg,,,2349276,svg,,,,,2349276,
ok,,departements,78,Localisation,78b,thumbs/departements/78b.svg / Seine-et-Marne / Melun,thumbs/departements/78b.svg,full/departements/78b.svg,svg,,,2349276,svg,,,,,2349276,
ok,,departements,79,Localisation,79b,thumbs/departements/79b.svg / Yvelines / Versailles,thumbs/departements/79b.svg,full/departements/79b.svg,svg,,,2349270,svg,,,,,2349270,
ok,,departements,80,Image,80,thumbs/departements/80b.svg / Deux-Sèvres / Niort,thumbs/departements/80.webp,full/departements/80.svg,raster,146,160,2832,svg,,,,,4371,
ok,,departements,80,Localisation,80b,thumbs/departements/80b.svg / Deux-Sèvres / Niort,thumbs/departements/80b.svg,full/departements/80b.svg,svg,,,2349274,svg,,,,,2349274,
ok,,departements,81,Localisation,81b,thumbs/departements/81b.svg / Somme / Amiens,thumbs/departements/81b.svg,full/departements/81b.svg,svg,,,2349267,svg,,,,,2349267,
ok,,departements,82,Localisation,82b,thumbs/departements/82b.svg / Tarn / Albi,thumbs/departements/82b.svg,full/departements/82b.svg,svg,,,2349266,svg,,,,,2349266,
ok,,departements,83,Localisation,83b,thumbs/departements/83b.svg / Tarn-et-Garonne / Montauban,thumbs/departements/83b.svg,full/departements/83b.svg,svg,,,2349277,svg,,,,,2349277,
ok,,departements,84,Localisation,84b,thumbs/departements/84b.svg / Var / Toulon,thumbs/departements/84b.svg,full/departements/84b.svg,svg,,,2349265,svg,,,,,2349265,
ok,,departements,85,Localisation,85b,thumbs/departements/85b.svg / Vaucluse / Avignon,thumbs/departements/85b.svg,full/departements/85b.svg,svg,,,2349270,svg,,,,,2349270,
ok,,departements,86,Localisation,86b,thumbs/departements/86b.svg / Vendée / La Roche-sur-Yon,thumbs/departements/86b.svg,full/departements/86b.svg,svg,,,2349269,svg,,,,,2349269,
ok,,departements,87,Localisation,87b,thumbs/departements/87b.svg / Vienne / Poitiers,thumbs/departements/87b.svg,full/departements/87b.svg,svg,,,2349268,svg,,,,,2349268,
ok,,departements,88,Localisation,88b,thumbs/departements/88b.svg / Haute-Vienne / Limoges,thumbs/departements/88b.svg,full/departements/88b.svg,svg,,,2349274,svg,,,,,2349274,
ok,,departements,89,Localisation,89b,thumbs/departements/89b.svg / Vosges / Épinal,thumbs/departements/89b.svg,full/departements/89b.svg,svg,,,2349268,svg,,,,,2349268,
ok,,departements,90,Localisation,90b,thumbs/departements/90b.svg / Yonne / Auxerre,thumbs/departements/90b.svg,full/departements/90b.svg,svg,,,2349267,svg,,,,,2349267,
ok,,departements,91,Localisation,91b,thumbs/departements/91b.svg / Territoire de Belfort / Belfort,thumbs/departements/91b.svg,full/departements/91b.svg,svg,,,2349283,svg,,,,,2349283,
ok,,departements,92,Localisation,92b,thumbs/departements/92b.svg / Essonne / Évry-Courcouronnes,thumbs/departements/92b.svg,full/departements/92b.svg,svg,,,2349269,svg,,,,,2349269,
ok,,departements,93,Localisation,93b,thumbs/departements/93b.svg / Hauts-de-Seine / Nanterre,thumbs/departements/93b.svg,full/departements/93b.svg,svg,,,2349276,svg,,,,,2349276,
ok,,departements,94,Localisation,94b,thumbs/departements/94b.svg / Seine-Saint-Denis / Bobigny,thumbs/departements/94b.svg,full/departements/94b.svg,svg,,,2349279,svg,,,,,2349279,
ok,,departements,95,Localisation,95b,thumbs/departements/95b.svg / Val-de-Marne / Créteil,thumbs/departements/95b.svg,full/departements/95b.svg,svg,,,2349274,svg,,,,,2349274,
ok,,departements,96,Localisation,96b,thumbs/departements/96b.svg / Val-d'Oise / Cergy,thumbs/departements/96b.svg,full/departements/96b.svg,svg,,,2349272,svg,,,,,2349272,
ok,,departements,97,Localisation,97b,thumbs/departements/97b.svg / Guadeloupe / Basse-Terre,thumbs/departements/97b.svg,full/departements/97b.svg,svg,,,31243,svg,,,,,31243,
ok,,departements,98,Localisation,98b,thumbs/departements/98b.svg / Martinique / Fort-de-France,thumbs/departements/98b.svg,full/departements/98b.svg,svg,,,30720,svg,,,,,30720,
ok,,departements,99,Localisation,99b,thumbs/departements/99b.svg / Guyane / Cayenne,thumbs/departements/99b.svg,full/departements/99b.svg,svg,,,24124,svg,,,,,24124,
ok,,departements,100,Localisation,100b,thumbs/departements/100b.svg / La Réunion / Saint-Denis,thumbs/departements/100b.svg,full/departements/100b.svg,svg,,,11761,svg,,,,,11761,
ok,,departements,101,Localisation,101b,thumbs/departements/101b.svg / Mayotte / Mamoudzou,thumbs/departements/101b.svg,full/departements/101b.svg,svg,,,88171,svg,,,,,88171,
ok,,detroits_monde,1,Image,1,Gibraltar / Atlantique et Méditerranée / Europe et Afrique,thumbs/detroits_monde/1.webp,full/detroits_monde/1.jpg,raster,152,150,4800,raster,1200,1188,1200,1188,297105,1
ok,,detroits_monde,4,Image,4,Ormuz / Golfe Persique et golfe d’Oman / Iran et Oman,thumbs/detroits_monde/4.webp,full/detroits_monde/4.jpg,raster,187,150,5190,raster,1200,962,1200,962,213936,0
ok,,detroits_monde,7,Image,7,Magellan / Atlantique et Pacifique / Terre de Feu et continent,thumbs/detroits_monde/7.webp,full/detroits_monde/7.jpg,raster,115,150,5644,raster,923,1200,1200,923,334697,1
ok,,detroits_monde,8,Image,8,Bab-el-Mandeb / Mer Rouge et golfe d’Aden / Afrique et Arabie,thumbs/detroits_monde/8.webp,full/detroits_monde/8.jpg,raster,131,170,3576,raster,928,1200,1200,928,126355,1
ok,,detroits_monde,10,Image,10,Messine / Méditerranée et mer Tyrrhénienne / Sicile et Italie,thumbs/detroits_monde/10.webp,full/detroits_monde/10.jpg,raster,174,150,6486,raster,774,1200,1200,774,445054,25
ok,,detroits_monde,12,Image,12,Taïwan / Mer de Chine méridionale et orientale / Chine et Taïwan,thumbs/detroits_monde/12.webp,full/detroits_monde/12.jpg,raster,148,150,6982,raster,1187,1200,1200,1187,267771,2
ok,,detroits_monde,13,Image,13,Corée / Mer du Japon et mer de Chine orientale / Corée et Japon,thumbs/detroits_monde/13.webp,full/detroits_monde/13.jpg,raster,220,147,2842,raster,1200,800,1200,800,109130,0
ok,,detroits_monde,14,Image,14,Lombok / Mer de Java et mer de Flores / Bali et Lombok,thumbs/detroits_monde/14.webp,full/detroits_monde/14.jpg,raster,200,133,4386,raster,1200,800,1200,800,156998,0
ok,,detroits_monde,15,Image,15,Bass / Océan Indien et mer de Tasman / Australie et Tasmanie,thumbs/detroits_monde/15.webp,full/detroits_monde/15.jpg,raster,218,170,12532,raster,1200,937,1200,937,479523,0
ok,,detroits_monde,17,Image,17,Øresund / Kattegat et mer Baltique / Danemark et Suède,thumbs/detroits_monde/17.webp,full/detroits_monde/17.jpg,raster,127,170,3240,raster,895,1200,1200,895,105707,1
ok,,detroits_monde,19,Image,19,Singapour / Mer de Chine méridionale et détroit de Malacca / Malaisie et Singapour,thumbs/detroits_monde/19.webp,full/detroits_monde/19.jpg,raster,200,137,1520,raster,1200,822,1200,822,73064,0
ok,,detroits_monde,20,Image,20,Tokugawa (Tsugaru) / Mer du Japon et Pacifique / Honshu et Hokkaido,thumbs/detroits_monde/20.webp,full/detroits_monde/20.jpg,raster,220,150,7364,raster,1200,817,1200,817,306815,0
ok,,etats_usa,1,Image,1,thumbs/etats_usa/1b.svg / Alabama / Montgomery,thumbs/etats_usa/1.svg,full/etats_usa/1.svg,svg,,,181,svg,,,,,181,
ok,,etats_usa,1,Localisation,1b,thumbs/etats_usa/1b.svg / Alabama / Montgomery,thumbs/etats_usa/1b.svg,full/etats_usa/1b.svg,svg,,,36639,svg,,,,,36639,
ok,,etats_usa,2,Image,2,thumbs/etats_usa/2b.svg / Alaska / Juneau,thumbs/etats_usa/2.svg,full/etats_usa/2.svg,svg,,,1233,svg,,,,,1233,
ok,,etats_usa,2,Localisation,2b,thumbs/etats_usa/2b.svg / Alaska / Juneau,thumbs/etats_usa/2b.svg,full/etats_usa/2b.svg,svg,,,14608,svg,,,,,14608,
ok,,etats_usa,3,Image,3,thumbs/etats_usa/3b.svg / Arizona / Phoenix,thumbs/etats_usa/3.svg,full/etats_usa/3.svg,svg,,,443,svg,,,,,443,
ok,,etats_usa,3,Localisation,3b,thumbs/etats_usa/3b.svg / Arizona / Phoenix,thumbs/etats_usa/3b.svg,full/etats_usa/3b.svg,svg,,,36639,svg,,,,,36639,
ok,,etats_usa,4,Image,4,thumbs/etats_usa/4b.svg / Arkansas / Little Rock,thumbs/etats_usa/4.svg,full/etats_usa/4.svg,svg,,,6549,svg,,,,,6549,
ok,,etats_usa,4,Localisation,4b,thumbs/etats_usa/4b.svg / Arkansas / Little Rock,thumbs/etats_usa/4b.svg,full/etats_usa/4b.svg,svg,,,36640,svg,,,,,36640,
ok,,etats_usa,5,Image,5,thumbs/etats_usa/5b.svg / Californie / Sacramento,thumbs/etats_usa/5.svg,full/etats_usa/5.svg,svg,,,165633,svg,,,,,165633,
ok,,etats_usa,5,Localisation,5b,thumbs/etats_usa/5b.svg / Californie / Sacramento,thumbs/etats_usa/5b.svg,full/etats_usa/5b.svg,svg,,,36642,svg,,,,,36642,
ok,,etats_usa,6,Image,6,thumbs/etats_usa/6b.svg / Caroline du Nord / Raleigh,thumbs/etats_usa/6.svg,full/etats_usa/6.svg,svg,,,15387,svg,,,,,15387,
ok,,etats_usa,6,Localisation,6b,thumbs/etats_usa/6b.svg / Caroline du Nord / Raleigh,thumbs/etats_usa/6b.svg,full/etats_usa/6b.svg,svg,,,36646,svg,,,,,36646,
ok,,etats_usa,7,Image,7,thumbs/etats_usa/7b.svg / Caroline du Sud / Columbia,thumbs/etats_usa/7.svg,full/etats_usa/7.svg,svg,,,30836,svg,,,,,30836,
ok,,etats_usa,7,Localisation,7b,thumbs/etats_usa/7b.svg / Caroline du Sud / Columbia,thumbs/etats_usa/7b.svg,full/etats_usa/7b.svg,svg,,,36646,svg,,,,,36646,
ok,,etats_usa,8,Image,8,thumbs/etats_usa/8b.svg / Colorado / Denver,thumbs/etats_usa/8.svg,full/etats_usa/8.svg,svg,,,344,svg,,,,,344,
ok,,etats_usa,8,Localisation,8b,thumbs/etats_usa/8b.svg / Colorado / Denver,thumbs/etats_usa/8b.svg,full/etats_usa/8b.svg,svg,,,36640,svg,,,,,36640,
ok,,etats_usa,9,Image,9,thumbs/etats_usa/9b.svg / Connecticut / Hartford,thumbs/etats_usa/9.svg,full/etats_usa/9.svg,svg,,,82193,svg,,,,,82193,
ok,,etats_usa,9,Localisation,9b,thumbs/etats_usa/9b.svg / Connecticut / Hartford,thumbs/etats_usa/9b.svg,full/etats_usa/9b.svg,svg,,,36643,svg,,,,,36643,
ok,,etats_usa,10,Image,10,thumbs/etats_usa/10b.svg / Dakota du Nord / Bismarck,thumbs/etats_usa/10.svg,full/etats_usa/10.svg,svg,,,222026,svg,,,,,222026,
ok,,etats_usa,10,Localisation,10b,thumbs/etats_usa/10b.svg / Dakota du Nord / Bismarck,thumbs/etats_usa/10b.svg,full/etats_usa/10b.svg,svg,,,36644,svg,,,,,36644,
ok,,etats_usa,11,Image,11,thumbs/etats_usa/11b.svg / Dakota du Sud / Pierre,thumbs/etats_usa/11.svg,full/etats_usa/11.svg,svg,,,210716,svg,,,,,210716,
ok,,etats_usa,11,Localisation,11b,thumbs/etats_usa/11b.svg / Dakota du Sud / Pierre,thumbs/etats_usa/11b.svg,full/etats_usa/11b.svg,svg,,,36644,svg,,,,,36644,
ok,,etats_usa,12,Image,12,thumbs/etats_usa/12b.svg / Delaware / Dover,thumbs/etats_usa/12.svg,full/etats_usa/12.svg,svg,,,107207,svg,,,,,107207,
ok,,etats_usa,12,Localisation,12b,thumbs/etats_usa/12b.svg / Delaware / Dover,thumbs/etats_usa/12b.svg,full/etats_usa/12b.svg,svg,,,36640,svg,,,,,36640,
ok,,etats_usa,13,Image,13,thumbs/etats_usa/13b.svg / Floride / Tallahassee,thumbs/etats_usa/13.svg,full/etats_usa/13.svg,svg,,,214936,svg,,,,,214936,
ok,,etats_usa,13,Localisation,13b,thumbs/etats_usa/13b.svg / Floride / Tallahassee,thumbs/etats_usa/13b.svg,full/etats_usa/13b.svg,svg,,,36639,svg,,,,,36639,
ok,,etats_usa,14,Image,14,thumbs/etats_usa/14b.svg / Géorgie / Atlanta,thumbs/etats_usa/14.svg,full/etats_usa/14.svg,svg,,,46536,svg,,,,,46536,
ok,,etats_usa,14,Localisation,14b,thumbs/etats_usa/14b.svg / Géorgie / Atlanta,thumbs/etats_usa/14b.svg,full/etats_usa/14b.svg,svg,,,36639,svg,,,,,36639,
ok,,etats_usa,15,Image,15,thumbs/etats_usa/15b.svg / Hawaï / Honolulu,thumbs/etats_usa/15.svg,full/etats_usa/15.svg,svg,,,681,svg,,,,,681,
ok,,etats_usa,15,Localisation,15b,thumbs/etats_usa/15b.svg / Hawaï / Honolulu,thumbs/etats_usa/15b.svg,full/etats_usa/15b.svg,svg,,,936,svg,,,,,936,
ok,,etats_usa,16,Image,16,thumbs/etats_usa/16b.svg / Idaho / Boise,thumbs/etats_usa/16.svg,full/etats_usa/16.svg,svg,,,635725,svg,,,,,635725,
ok,,etats_usa,16,Localisation,16b,thumbs/etats_usa/16b.svg / Idaho / Boise,thumbs/etats_usa/16b.svg,full/etats_usa/16b.svg,svg,,,36637,svg,,,,,36637,
ok,,etats_usa,17,Image,17,thumbs/etats_usa/17b.svg / Illinois / Springfield,thumbs/etats_usa/17.svg,full/etats_usa/17.svg,svg,,,103521,svg,,,,,103521,
ok,,etats_usa,17,Localisation,17b,thumbs/etats_usa/17b.svg / Illinois / Springfield,thumbs/etats_usa/17b.svg,full/etats_usa/17b.svg,svg,,,36640,svg,,,,,36640,
ok,,etats_usa,18,Image,18,thumbs/etats_usa/18b.svg / Indiana / Indianapolis,thumbs/etats_usa/18.svg,full/etats_usa/18.svg,svg,,,6764,svg,,,,,6764,
ok,,etats_usa,18,Localisation,18b,thumbs/etats_usa/18b.svg / Indiana / Indianapolis,thumbs/etats_usa/18b.svg,full/etats_usa/18b.svg,svg,,,36639,svg,,,,,36639,
ok,,etats_usa,19,Image,19,thumbs/etats_usa/19b.svg / Iowa / Des Moines,thumbs/etats_usa/19.svg,full/etats_usa/19.svg,svg,,,131634,svg,,,,,131634,
ok,,etats_usa,19,Localisation,19b,thumbs/etats_usa/19b.svg / Iowa / Des Moines,thumbs/etats_usa/19b.svg,full/etats_usa/19b.svg,svg,,,36636,svg,,,,,36636,
ok,,etats_usa,20,Image,20,thumbs/etats_usa/20b.svg / Kansas / Topeka,thumbs/etats_usa/20.svg,full/etats_usa/20.svg,svg,,,246258,svg,,,,,246258,
ok,,etats_usa,20,Localisation,20b,thumbs/etats_usa/20b.svg / Kansas / Topeka,thumbs/etats_usa/20b.svg,full/etats_usa/20b.svg,svg,,,36638,svg,,,,,36638,
ok,,etats_usa,21,Image,21,thumbs/etats_usa/21b.svg / Kentucky / Frankfort,thumbs/etats_usa/21.svg,full/etats_usa/21.svg,svg,,,135074,svg,,,,,135074,
ok,,etats_usa,21,Localisation,21b,thumbs/etats_usa/21b.svg / Kentucky / Frankfort,thumbs/etats_usa/21b.svg,full/etats_usa/21b.svg,svg,,,36640,svg,,,,,36640,
ok,,etats_usa,22,Image,22,thumbs/etats_usa/22b.svg / Louisiane / Baton Rouge,thumbs/etats_usa/22.svg,full/etats_usa/22.svg,svg,,,644360,svg,,,,,644360,
ok,,etats_usa,22,Localisation,22b,thumbs/etats_usa/22b.svg / Louisiane / Baton Rouge,thumbs/etats_usa/22b.svg,full/etats_usa/22b.svg,svg,,,36641,svg,,,,,36641,
ok,,etats_usa,23,Image,23,thumbs/etats_usa/23b.svg / Maine / Augusta,thumbs/etats_usa/23.svg,full/etats_usa/23.svg,svg,,,235299,svg,,,,,235299,
ok,,etats_usa,23,Localisation,23b,thumbs/etats_usa/23b.svg / Maine / Augusta,thumbs/etats_usa/23b.svg,full/etats_usa/23b.svg,svg,,,36637,svg,,,,,36637,
ok,,etats_usa,24,Image,24,thumbs/etats_usa/24b.svg / Maryland / Annapolis,thumbs/etats_usa/24.svg,full/etats_usa/24.svg,svg,,,880,svg,,,,,880,
ok,,etats_usa,24,Localisation,24b,thumbs/etats_usa/24b.svg / Maryland / Annapolis,thumbs/etats_usa/24b.svg,full/etats_usa/24b.svg,svg,,,36640,svg,,,,,36640,
ok,,etats_usa,25,Image,25,thumbs/etats_usa/25b.svg / Massachusetts / Boston,thumbs/etats_usa/25.svg,full/etats_usa/25.svg,svg,,,127961,svg,,,,,127961,
ok,,etats_usa,25,Localisation,25b,thumbs/etats_usa/25b.svg / Massachusetts / Boston,thumbs/etats_usa/25b.svg,full/etats_usa/25b.svg,svg,,,36645,svg,,,,,36645,
ok,,etats_usa,26,Image,26,thumbs/etats_usa/26b.svg / Michigan / Lansing,thumbs/etats_usa/26.svg,full/etats_usa/26.svg,svg,,,249468,svg,,,,,249468,
ok,,etats_usa,26,Localisation,26b,thumbs/etats_usa/26b.svg / Michigan / Lansing,thumbs/etats_usa/26b.svg,full/etats_usa/26b.svg,svg,,,36640,svg,,,,,36640,
ok,,etats_usa,27,Image,27,thumbs/etats_usa/27b.svg / Minnesota / Saint Paul,thumbs/etats_usa/27.svg,full/etats_usa/27.svg,svg,,,539,svg,,,,,539,
ok,,etats_usa,27,Localisation,27b,thumbs/etats_usa/27b.svg / Minnesota / Saint Paul,thumbs/etats_usa/27b.svg,full/etats_usa/27b.svg,svg,,,36641,svg,,,,,36641,
ok,,etats_usa,28,Image,28,thumbs/etats_usa/28b.svg / Mississippi / Jackson,thumbs/etats_usa/28.svg,full/etats_usa/28.svg,svg,,,29014,svg,,,,,29014,
ok,,etats_usa,28,Localisation,28b,thumbs/etats_usa/28b.svg / Mississippi / Jackson,thumbs/etats_usa/28b.svg,full/etats_usa/28b.svg,svg,,,36643,svg,,,,,36643,
ok,,etats_usa,29,Image,29,thumbs/etats_usa/29b.svg / Missouri / Jefferson City,thumbs/etats_usa/29.svg,full/etats_usa/29.svg,svg,,,179879,svg,,,,,179879,
ok,,etats_usa,29,Localisation,29b,thumbs/etats_usa/29b.svg / Missouri / Jefferson City,thumbs/etats_usa/29b.svg,full/etats_usa/29b.svg,svg,,,36640,svg,,,,,36640,
ok,,etats_usa,30,Image,30,thumbs/etats_usa/30b.svg / Montana / Helena,thumbs/etats_usa/30.svg,full/etats_usa/30.svg,svg,,,100982,svg,,,,,100982,
ok,,etats_usa,30,Localisation,30b,thumbs/etats_usa/30b.svg / Montana / Helena,thumbs/etats_usa/30b.svg,full/etats_usa/30b.svg,svg,,,36639,svg,,,,,36639,
ok,,etats_usa,31,Image,31,thumbs/etats_usa/31b.svg / Nebraska / Lincoln,thumbs/etats_usa/31.svg,full/etats_usa/31.svg,svg,,,324779,svg,,,,,324779,
ok,,etats_usa,31,Localisation,31b,thumbs/etats_usa/31b.svg / Nebraska / Lincoln,thumbs/etats_usa/31b.svg,full/etats_usa/31b.svg,svg,,,36640,svg,,,,,36640,
ok,,etats_usa,32,Image,32,thumbs/etats_usa/32b.svg / Nevada / Carson City,thumbs/etats_usa/32.svg,full/etats_usa/32.svg,svg,,,131649,svg,,,,,131649,
ok,,etats_usa,32,Localisation,32b,thumbs/etats_usa/32b.svg / Nevada / Carson City,thumbs/etats_usa/32b.svg,full/etats_usa/32b.svg,svg,,,36638,svg,,,,,36638,
ok,,etats_usa,33,Image,33,thumbs/etats_usa/33b.svg / New Hampshire / Concord,thumbs/etats_usa/33.svg,full/etats_usa/33.svg,svg,,,105444,svg,,,,,105444,
ok,,etats_usa,33,Localisation,33b,thumbs/etats_usa/33b.svg / New Hampshire / Concord,thumbs/etats_usa/33b.svg,full/etats_usa/33b.svg,svg,,,36645,svg,,,,,36645,
ok,,etats_usa,34,Image,34,thumbs/etats_usa/34b.svg / New Jersey / Trenton,thumbs/etats_usa/34.svg,full/etats_usa/34.svg,svg,,,151858,svg,,,,,151858,
ok,,etats_usa,34,Localisation,34b,thumbs/etats_usa/34b.svg / New Jersey / Trenton,thumbs/etats_usa/34b.svg,full/etats_usa/34b.svg,svg,,,36642,svg,,,,,36642,
ok,,etats_usa,35,Image,35,thumbs/etats_usa/35b.svg / New Mexico / Santa Fe,thumbs/etats_usa/35.svg,full/etats_usa/35.svg,svg,,,441,svg,,,,,441,
ok,,etats_usa,35,Localisation,35b,thumbs/etats_usa/35b.svg / New Mexico / Santa Fe,thumbs/etats_usa/35b.svg,full/etats_usa/35b.svg,svg,,,36642,svg,,,,,36642,
ok,,etats_usa,36,Image,36,thumbs/etats_usa/36b.svg / New York / Albany,thumbs/etats_usa/36.svg,full/etats_usa/36.svg,svg,,,598139,svg,,,,,598139,
ok,,etats_usa,36,Localisation,36b,thumbs/etats_usa/36b.svg / New York / Albany,thumbs/etats_usa/36b.svg,full/etats_usa/36b.svg,svg,,,36640,svg,,,,,36640,
ok,,etats_usa,37,Image,37,thumbs/etats_usa/37b.svg / Ohio / Columbus,thumbs/etats_usa/37.svg,full/etats_usa/37.svg,svg,,,1328,svg,,,,,1328,
ok,,etats_usa,37,Localisation,37b,thumbs/etats_usa/37b.svg / Ohio / Columbus,thumbs/etats_usa/37b.svg,full/etats_usa/37b.svg,svg,,,36636,svg,,,,,36636,
ok,,etats_usa,38,Image,38,thumbs/etats_usa/38b.svg / Oklahoma / Oklahoma City,thumbs/etats_usa/38.svg,full/etats_usa/38.svg,svg,,,98310,svg,,,,,98310,
ok,,etats_usa,38,Localisation,38b,thumbs/etats_usa/38b.svg / Oklahoma / Oklahoma City,thumbs/etats_usa/38b.svg,full/etats_usa/38b.svg,svg,,,36640,svg,,,,,36640,
ok,,etats_usa,39,Image,39,thumbs/etats_usa/39b.svg / Oregon / Salem,thumbs/etats_usa/39.svg,full/etats_usa/39.svg,svg,,,169678,svg,,,,,169678,
ok,,etats_usa,39,Localisation,39b,thumbs/etats_usa/39b.svg / Oregon / Salem,thumbs/etats_usa/39b.svg,full/etats_usa/39b.svg,svg,,,36638,svg,,,,,36638,
ok,,etats_usa,40,Image,40,thumbs/etats_usa/40b.svg / Pennsylvanie / Harrisburg,thumbs/etats_usa/40.svg,full/etats_usa/40.svg,svg,,,480411,svg,,,,,480411,
ok,,etats_usa,40,Localisation,40b,thumbs/etats_usa/40b.svg / Pennsylvanie / Harrisburg,thumbs/etats_usa/40b.svg,full/etats_usa/40b.svg,svg,,,36644,svg,,,,,36644,
ok,,etats_usa,41,Image,41,thumbs/etats_usa/41b.svg / Rhode Island / Providence,thumbs/etats_usa/41.svg,full/etats_usa/41.svg,svg,,,5902,svg,,,,,5902,
ok,,etats_usa,41,Localisation,41b,thumbs/etats_usa/41b.svg / Rhode Island / Providence,thumbs/etats_usa/41b.svg,full/etats_usa/41b.svg,svg,,,36644,svg,,,,,36644,
ok,,etats_usa,42,Image,42,thumbs/etats_usa/42b.svg / Tennessee / Nashville,thumbs/etats_usa/42.svg,full/etats_usa/42.svg,svg,,,871,svg,,,,,871,
ok,,etats_usa,42,Localisation,42b,thumbs/etats_usa/42b.svg / Tennessee / Nashville,thumbs/etats_usa/42b.svg,full/etats_usa/42b.svg,svg,,,36641,svg,,,,,36641,
ok,,etats_usa,43,Image,43,thumbs/etats_usa/43b.svg / Texas / Austin,thumbs/etats_usa/43.svg,full/etats_usa/43.svg,svg,,,594,svg,,,,,594,
ok,,etats_usa,43,Localisation,43b,thumbs/etats_usa/43b.svg / Texas / Austin,thumbs/etats_usa/43b.svg,full/etats_usa/43b.svg,svg,,,36637,svg,,,,,36637,
ok,,etats_usa,44,Image,44,thumbs/etats_usa/44b.svg / Utah / Salt Lake City,thumbs/etats_usa/44.svg,full/etats_usa/44.svg,svg,,,2118,svg,,,,,2118,
ok,,etats_usa,44,Localisation,44b,thumbs/etats_usa/44b.svg / Utah / Salt Lake City,thumbs/etats_usa/44b.svg,full/etats_usa/44b.svg,svg,,,36636,svg,,,,,36636,
ok,,etats_usa,45,Image,45,thumbs/etats_usa/45b.svg / Vermont / Montpelier,thumbs/etats_usa/45.svg,full/etats_usa/45.svg,svg,,,366151,svg,,,,,366151,
ok,,etats_usa,45,Localisation,45b,thumbs/etats_usa/45b.svg / Vermont / Montpelier,thumbs/etats_usa/45b.svg,full/etats_usa/45b.svg,svg,,,36639,svg,,,,,36639,
ok,,etats_usa,46,Image,46,thumbs/etats_usa/46b.svg / Virginie / Richmond,thumbs/etats_usa/46.svg,full/etats_usa/46.svg,svg,,,396007,svg,,,,,396007,
ok,,etats_usa,46,Localisation,46b,thumbs/etats_usa/46b.svg / Virginie / Richmond,thumbs/etats_usa/46b.svg,full/etats_usa/46b.svg,svg,,,36640,svg,,,,,36640,
ok,,etats_usa,47,Image,47,thumbs/etats_usa/47b.svg / Virginie-Occidentale / Charleston,thumbs/etats_usa/47.svg,full/etats_usa/47.svg,svg,,,567504,svg,,,,,567504,
ok,,etats_usa,47,Localisation,47b,thumbs/etats_usa/47b.svg / Virginie-Occidentale / Charleston,thumbs/etats_usa/47b.svg,full/etats_usa/47b.svg,svg,,,36645,svg,,,,,36645,
ok,,etats_usa,48,Image,48,thumbs/etats_usa/48b.svg / Washington / Olympia,thumbs/etats_usa/48.svg,full/etats_usa/48.svg,svg,,,254629,svg,,,,,254629,
ok,,etats_usa,48,Localisation,48b,thumbs/etats_usa/48b.svg / Washington / Olympia,thumbs/etats_usa/48b.svg,full/etats_usa/48b.svg,svg,,,36642,svg,,,,,36642,
ok,,etats_usa,49,Image,49,thumbs/etats_usa/49b.svg / Wisconsin / Madison,thumbs/etats_usa/49.svg,full/etats_usa/49.svg,svg,,,205787,svg,,,,,205787,
ok,,etats_usa,49,Localisation,49b,thumbs/etats_usa/49b.svg / Wisconsin / Madison,thumbs/etats_usa/49b.svg,full/etats_usa/49b.svg,svg,,,36641,svg,,,,,36641,
ok,,etats_usa,50,Image,50,thumbs/etats_usa/50b.svg / Wyoming / Cheyenne,thumbs/etats_usa/50.svg,full/etats_usa/50.svg,svg,,,187330,svg,,,,,187330,
ok,,etats_usa,50,Localisation,50b,thumbs/etats_usa/50b.svg / Wyoming / Cheyenne,thumbs/etats_usa/50b.svg,full/etats_usa/50b.svg,svg,,,36639,svg,,,,,36639,
ok,,f1_champions,1,Image,1,1950 / Giuseppe Farina / Italie,thumbs/f1_champions/1.webp,full/f1_champions/1.jpg,raster,127,160,4258,raster,1200,862,1200,862,306273,17
ok,,f1_champions,2,Image,2,1951 / Juan Manuel Fangio / Argentine,thumbs/f1_champions/2.webp,full/f1_champions/2.jpg,raster,128,170,2362,raster,1350,1800,1800,1350,395121,0
ok,,f1_champions,3,Image,3,1952 / Alberto Ascari / Italie,thumbs/f1_champions/3.webp,full/f1_champions/3.jpg,raster,115,160,6922,raster,828,1200,1200,828,224902,20
ok,,f1_champions,4,Image,4,1953 / Alberto Ascari / Italie,thumbs/f1_champions/4.webp,full/f1_champions/4.webp,raster,115,160,6922,raster,1151,1600,1600,1151,515048,0
ok,,f1_champions,5,Image,5,1954 / Juan Manuel Fangio / Argentine,thumbs/f1_champions/5.webp,full/f1_champions/5.jpg,raster,120,160,2040,raster,1200,791,1200,791,243190,23
ok,,f1_champions,6,Image,6,1955 / Juan Manuel Fangio / Argentine,thumbs/f1_champions/6.webp,full/f1_champions/6.webp,raster,120,160,2040,raster,1200,1600,1600,1200,253478,0
ok,,f1_champions,7,Image,7,1956 / Juan Manuel Fangio / Argentine,thumbs/f1_champions/7.webp,full/f1_champions/7.jpg,raster,220,146,5076,raster,1200,796,1200,796,243905,0
ok,,f1_champions,8,Image,8,1957 / Juan Manuel Fangio / Argentine,thumbs/f1_champions/8.webp,full/f1_champions/8.jpg,raster,220,165,9402,raster,1200,900,1200,900,265021,0
ok,,f1_champions,10,Image,10,1959 / Jack Brabham / Australie,thumbs/f1_champions/10.webp,full/f1_champions/10.jpg,raster,220,146,6754,raster,1200,797,1200,797,150287,0
ok,,f1_champions,11,Image,11,1960 / Jack Brabham / Australie,thumbs/f1_champions/11.webp,full/f1_champions/11.jpg,raster,113,160,3744,raster,797,1200,1200,797,159702,18
ok,,f1_champions,12,Image,12,1961 / Phil Hill / États-Unis,thumbs/f1_champions/12.webp,full/f1_champions/12.jpg,raster,114,160,6444,raster,793,1200,1200,793,240540,22
ok,,f1_champions,13,Image,13,1962 / Graham Hill / Royaume-Uni,thumbs/f1_champions/13.webp,full/f1_champions/13.jpg,raster,124,170,5454,raster,873,1200,1200,873,249510,0
ok,,f1_champions,14,Image,14,1963 / Jim Clark / Royaume-Uni,thumbs/f1_champions/14.webp,full/f1_champions/14.jpg,raster,128,170,4434,raster,1350,1800,1800,1350,718987,0
ok,,f1_champions,15,Image,15,1964 / John Surtees / Royaume-Uni,thumbs/f1_champions/15.webp,full/f1_champions/15.jpg,raster,220,147,11300,raster,1200,800,1200,800,206282,0
ok,,f1_champions,17,Image,17,1966 / Jack Brabham / Australie,thumbs/f1_champions/17.webp,full/f1_champions/17.jpg,raster,113,170,5718,raster,797,1200,1200,797,294410,0
ok,,f1_champions,18,Image,18,1967 / Denny Hulme / Nouvelle-Zélande,thumbs/f1_champions/18.webp,full/f1_champions/18.jpg,raster,113,170,6008,raster,800,1200,1200,800,253207,0
ok,,f1_champions,19,Image,19,1968 / Graham Hill / Royaume-Uni,thumbs/f1_champions/19.webp,full/f1_champions/19.jpg,raster,105,160,3880,raster,1200,900,1200,900,252054,23
ok,,f1_champions,20,Image,20,1969 / Jackie Stewart / Royaume-Uni,thumbs/f1_champions/20.webp,full/f1_champions/20.jpg,raster,115,160,4958,raster,960,1200,1200,960,245213,25
ok,,f1_champions,21,Image,21,1970 / Jochen Rindt / Autriche,thumbs/f1_champions/21.webp,full/f1_champions/21.jpg,raster,119,160,5004,raster,1200,795,1200,795,149861,20
ok,,f1_champions,22,Image,22,1971 / Jackie Stewart / Royaume-Uni,thumbs/f1_champions/22.webp,full/f1_champions/22.jpg,raster,120,170,5080,raster,850,1200,1200,850,137261,0
ok,,f1_champions,24,Image,24,1973 / Jackie Stewart / Royaume-Uni,thumbs/f1_champions/24.webp,full/f1_champions/24.jpg,raster,115,160,4958,raster,1200,804,1200,804,246785,26
ok,,f1_champions,25,Image,25,1974 / Emerson Fittipaldi / Brésil,thumbs/f1_champions/25.webp,full/f1_champions/25.jpg,raster,220,149,6960,raster,1200,810,1200,810,174389,0
ok,,f1_champions,26,Image,26,1975 / Niki Lauda / Autriche,thumbs/f1_champions/26.webp,full/f1_champions/26.jpg,raster,220,165,10196,raster,1200,900,1200,900,310583,0
ok,,f1_champions,28,Image,28,1977 / Niki Lauda / Autriche,thumbs/f1_champions/28.webp,full/f1_champions/28.jpg,raster,113,170,5028,raster,800,1200,1200,800,141652,0
ok,,f1_champions,29,Image,29,1978 / Mario Andretti / États-Unis,thumbs/f1_champions/29.webp,full/f1_champions/29.jpg,raster,220,146,10076,raster,1200,797,1200,797,261871,0
ok,,f1_champions,31,Image,31,1980 / Alan Jones / Australie,thumbs/f1_champions/31.webp,full/f1_champions/31.jpg,raster,127,170,3564,raster,900,1200,1200,900,226499,0
ok,,f1_champions,32,Image,32,1981 / Nelson Piquet / Brésil,thumbs/f1_champions/32.webp,full/f1_champions/32.jpg,raster,220,147,9540,raster,1200,800,1200,800,247929,0
ok,,f1_champions,33,Image,33,1982 / Keke Rosberg / Finlande,thumbs/f1_champions/33.webp,full/f1_champions/33.webp,raster,106,160,5956,raster,960,1447,1447,960,587642,0
ok,,f1_champions,34,Image,34,1983 / Nelson Piquet / Brésil,thumbs/f1_champions/34.webp,full/f1_champions/34.webp,raster,127,160,3674,raster,960,1201,1201,960,211494,0
ok,,f1_champions,35,Image,35,1984 / Niki Lauda / Autriche,thumbs/f1_champions/35.webp,full/f1_champions/35.webp,raster,116,160,4542,raster,960,1319,1319,960,382804,0
ok,,f1_champions,36,Image,36,1985 / Alain Prost / France,thumbs/f1_champions/36.webp,full/f1_champions/36.webp,raster,106,160,3782,raster,960,1440,1440,960,252072,0
ok,,f1_champions,37,Image,37,1986 / Alain Prost / France,thumbs/f1_champions/37.webp,full/f1_champions/37.webp,raster,106,160,3782,raster,960,1440,1440,960,252072,0
ok,,f1_champions,38,Image,38,1987 / Nelson Piquet / Brésil,thumbs/f1_champions/38.webp,full/f1_champions/38.webp,raster,127,160,3674,raster,960,1201,1201,960,211494,0
ok,,f1_champions,40,Image,40,1989 / Alain Prost / France,thumbs/f1_champions/40.webp,full/f1_champions/40.webp,raster,106,160,3782,raster,960,1440,1440,960,252072,0
ok,,f1_champions,43,Image,43,1992 / Nigel Mansell / Royaume-Uni,thumbs/f1_champions/43.webp,full/f1_champions/43.webp,raster,124,160,4780,raster,960,1237,1237,960,216850,1
ok,,f1_champions,44,Image,44,1993 / Alain Prost / France,thumbs/f1_champions/44.webp,full/f1_champions/44.webp,raster,106,160,3782,raster,960,1440,1440,960,252072,0
ok,,f1_champions,59,Image,59,2008 / Lewis Hamilton / Royaume-Uni,thumbs/f1_champions/59.webp,full/f1_champions/59.webp,raster,120,160,2964,raster,1199,1600,1600,1199,477382,0
ok,,f1_champions,61,Image,61,2010 / Sebastian Vettel / Allemagne,thumbs/f1_champions/61.webp,full/f1_champions/61.webp,raster,98,160,2976,raster,922,1495,1495,922,99734,0
ok,,f1_champions,62,Image,62,2011 / Sebastian Vettel / Allemagne,thumbs/f1_champions/62.webp,full/f1_champions/62.webp,raster,98,160,2976,raster,922,1495,1495,922,99734,0
ok,,f1_champions,63,Image,63,2012 / Sebastian Vettel / Allemagne,thumbs/f1_champions/63.webp,full/f1_champions/63.webp,raster,98,160,2976,raster,922,1495,1495,922,99734,0
ok,,f1_champions,64,Image,64,2013 / Sebastian Vettel / Allemagne,thumbs/f1_champions/64.webp,full/f1_champions/64.webp,raster,98,160,2976,raster,922,1495,1495,922,99734,0
ok,,f1_champions,65,Image,65,2014 / Lewis Hamilton / Royaume-Uni,thumbs/f1_champions/65.webp,full/f1_champions/65.webp,raster,120,160,2964,raster,1199,1600,1600,1199,477382,0
ok,,f1_champions,66,Image,66,2015 / Lewis Hamilton / Royaume-Uni,thumbs/f1_champions/66.webp,full/f1_champions/66.webp,raster,120,160,2964,raster,1199,1600,1600,1199,477382,0
ok,,f1_champions,67,Image,67,2016 / Nico Rosberg / Allemagne,thumbs/f1_champions/67.webp,full/f1_champions/67.webp,raster,106,160,3060,raster,800,1200,1200,800,83232,0
ok,,f1_champions,68,Image,68,2017 / Lewis Hamilton / Royaume-Uni,thumbs/f1_champions/68.webp,full/f1_champions/68.webp,raster,120,160,2964,raster,1199,1600,1600,1199,477382,0
ok,,f1_champions,69,Image,69,2018 / Lewis Hamilton / Royaume-Uni,thumbs/f1_champions/69.webp,full/f1_champions/69.webp,raster,120,160,2964,raster,1199,1600,1600,1199,477382,0
ok,,f1_champions,70,Image,70,2019 / Lewis Hamilton / Royaume-Uni,thumbs/f1_champions/70.webp,full/f1_champions/70.webp,raster,120,160,2964,raster,1199,1600,1600,1199,477382,0
ok,,f1_champions,71,Image,71,2020 / Lewis Hamilton / Royaume-Uni,thumbs/f1_champions/71.webp,full/f1_champions/71.webp,raster,120,160,2964,raster,1199,1600,1600,1199,477382,0
ok,,f1_champions,72,Image,72,2021 / Max Verstappen / Pays-Bas,thumbs/f1_champions/72.webp,full/f1_champions/72.webp,raster,106,160,4524,raster,1066,1600,1600,1066,463706,1
ok,,f1_champions,73,Image,73,2022 / Max Verstappen / Pays-Bas,thumbs/f1_champions/73.webp,full/f1_champions/73.webp,raster,106,160,4524,raster,1066,1600,1600,1066,463706,1
ok,,f1_champions,74,Image,74,2023 / Max Verstappen / Pays-Bas,thumbs/f1_champions/74.webp,full/f1_champions/74.webp,raster,106,160,4524,raster,1066,1600,1600,1066,463706,1
ok,,f1_champions,75,Image,75,2024 / Max Verstappen / Pays-Bas,thumbs/f1_champions/75.webp,full/f1_champions/75.webp,raster,106,160,4524,raster,1066,1600,1600,1066,463706,1
ok,,films,1,Image,1,1895 / La Sortie de l'usine Lumière à Lyon / Louis et Auguste Lumière,thumbs/films/1.webp,full/films/1.jpg,raster,113,170,3160,raster,1000,1500,1500,1000,276898,0
ok,,films,2,Image,2,1895 / L'Arrivée d'un train en gare de La Ciotat / Louis et Auguste Lumière,thumbs/films/2.webp,full/films/2.jpg,raster,106,160,2714,raster,1200,1167,1200,1167,494594,21
ok,,films,3,Image,3,1895 / Le Repas de bébé / Louis et Auguste Lumière,thumbs/films/3.webp,full/films/3.jpg,raster,113,170,6952,raster,800,1200,1200,800,293034,0
ok,,films,4,Image,4,1896 / Le Manoir du diable / Georges Méliès,thumbs/films/4.webp,full/films/4.jpg,raster,127,170,7822,raster,900,1200,1200,900,312684,0
ok,,films,5,Image,5,1896 / L'Arroseur arrosé / Louis Lumière,thumbs/films/5.webp,full/films/5.jpg,raster,113,170,9020,raster,800,1200,1200,800,386246,0
ok,,films,6,Image,6,1896 / Carmencita / William K.L. Dickson,thumbs/films/6.webp,full/films/6.jpg,raster,112,170,8928,raster,791,1200,1200,791,307925,0
ok,,films,7,Image,7,1897 / La Fée aux choux / Alice Guy,thumbs/films/7.webp,full/films/7.jpg,raster,113,170,8032,raster,799,1200,1200,799,250351,2
ok,,films,8,Image,8,1897 / The Boxing Cats / W.K.L. Dickson,thumbs/films/8.webp,full/films/8.jpg,raster,220,161,8494,raster,1200,879,1200,879,266632,0
ok,,films,9,Image,9,1897 / Viaggio in una stella / Georges Méliès,thumbs/films/9.webp,full/films/9.jpg,raster,106,160,6042,raster,787,1200,1200,787,231842,25
ok,,films,10,Image,10,1898 / Cendrillon / Georges Méliès,thumbs/films/10.webp,full/films/10.jpg,raster,220,165,7578,raster,1200,900,1200,900,116476,0
ok,,films,11,Image,11,1898 / Come Along Do! / Robert W. Paul,thumbs/films/11.webp,full/films/11.jpg,raster,220,143,6986,raster,1200,782,1200,782,195548,0
ok,,films,13,Image,13,1899 / L'Affaire Dreyfus / Georges Méliès,thumbs/films/13.webp,full/films/13.jpg,raster,113,170,7814,raster,796,1200,1200,796,263194,0
ok,,films,14,Image,14,1899 / The Kiss in the Tunnel / George Albert Smith,thumbs/films/14.webp,full/films/14.jpg,raster,131,170,3822,raster,928,1200,1200,928,131867,0
ok,,films,15,Image,15,1899 / Le Christ marchant sur les eaux / Georges Méliès,thumbs/films/15.webp,full/films/15.jpg,raster,110,170,6178,raster,774,1200,1200,774,305128,1
ok,,films,16,Image,16,1900 / Le Livre magique / Georges Méliès,thumbs/films/16.webp,full/films/16.jpg,raster,220,147,13232,raster,1200,800,1200,800,343883,0
ok,,films,17,Image,17,1900 / Attack on a China Mission / James Williamson,thumbs/films/17.webp,full/films/17.jpg,raster,127,170,5232,raster,900,1200,1200,900,225848,0
ok,,films,18,Image,18,1900 / Scènes de la vie réelle / Alice Guy,thumbs/films/18.webp,full/films/18.jpg,raster,127,170,6858,raster,895,1200,1200,895,276051,0
ok,,films,19,Image,19,1901 / La Chrysalide et le papillon / Georges Méliès,thumbs/films/19.webp,full/films/19.jpg,raster,113,170,5790,raster,1200,1800,1800,1200,232005,0
ok,,films,20,Image,20,1901 / Grandma's Reading Glass / George Albert Smith,thumbs/films/20.webp,full/films/20.jpg,raster,220,147,6584,raster,1200,800,1200,800,134019,0
ok,,films,22,Image,22,1902 / Le Voyage dans la Lune / Georges Méliès,thumbs/films/22.webp,full/films/22.jpg,raster,110,170,6190,raster,774,1200,1200,774,278607,0
ok,,films,23,Image,23,1902 / La Vie d'un joueur / Pathé Frères,thumbs/films/23.webp,full/films/23.jpg,raster,113,170,7192,raster,800,1200,1200,800,295537,0
ok,,films,24,Image,24,1902 / Jack and the Beanstalk / Edwin S. Porter,thumbs/films/24.webp,full/films/24.jpg,raster,220,165,11984,raster,1200,900,1200,900,353770,0
ok,,films,26,Image,26,1903 / Alice in Wonderland / Cecil Hepworth,thumbs/films/26.webp,full/films/26.jpg,raster,112,170,6970,raster,788,1200,1200,788,277169,0
ok,,films,27,Image,27,1903 / Le Vol d'un tableau / Pathé Frères,thumbs/films/27.webp,full/films/27.jpg,raster,220,165,7662,raster,1200,900,1200,900,196084,1
ok,,films,28,Image,28,1904 / Le Royaume des fées / Georges Méliès,thumbs/films/28.webp,full/films/28.webp,raster,106,160,4054,raster,1000,1500,1500,1000,213062,0
ok,,films,29,Image,29,1904 / An Impossible Voyage / Georges Méliès,thumbs/films/29.webp,full/films/29.jpg,raster,220,147,10166,raster,1200,800,1200,800,323033,0
ok,,films,31,Image,31,1905 / Le Palais des mille et une nuits / Georges Méliès,thumbs/films/31.webp,full/films/31.jpg,raster,220,165,9822,raster,1200,900,1200,900,323018,0
ok,,films,33,Image,33,1905 / The Miller's Daughter / James Williamson,thumbs/films/33.webp,full/films/33.jpg,raster,106,160,3908,raster,900,1200,1200,900,237001,18
ok,,films,34,Image,34,1906 / The Story of the Kelly Gang / Charles Tait,thumbs/films/34.webp,full/films/34.webp,raster,114,160,6020,raster,1142,1600,1600,1142,288350,2
ok,,films,35,Image,35,1906 / Dream of a Rarebit Fiend / Edwin S. Porter,thumbs/films/35.webp,full/films/35.jpg,raster,116,170,6590,raster,816,1200,1200,816,430931,0
ok,,films,37,Image,37,1907 / Ben Hur / Sidney Olcott,thumbs/films/37.webp,full/films/37.jpg,raster,123,170,7256,raster,865,1200,1200,865,413194,0
ok,,films,38,Image,38,1907 / The Adventures of Dollie / D.W. Griffith,thumbs/films/38.webp,full/films/38.webp,raster,106,160,4100,raster,1000,1500,1500,1000,118630,0
ok,,films,39,Image,39,1907 / L'École des maris / André Calmettes,thumbs/films/39.webp,full/films/39.jpg,raster,220,147,5104,raster,1200,800,1200,800,170826,0
ok,,films,40,Image,40,1908 / L'Assassinat du duc de Guise / André Calmettes,thumbs/films/40.webp,full/films/40.webp,raster,106,160,5234,raster,1000,1500,1500,1000,139536,0
ok,,films,41,Image,41,1908 / The Last Days of Pompeii / Arturo Ambrosio,thumbs/films/41.webp,full/films/41.jpg,raster,220,165,3714,raster,1200,900,1200,900,109008,0
ok,,films,43,Image,43,1909 / A Corner in Wheat / D.W. Griffith,thumbs/films/43.webp,full/films/43.jpg,raster,106,160,6550,raster,1200,800,1200,800,415200,14
ok,,films,44,Image,44,1909 / Les Misérables / J. Stuart Blackton,thumbs/films/44.webp,full/films/44.webp,raster,108,160,3392,raster,960,1420,1420,960,659066,0
ok,,films,45,Image,45,1909 / The Count of Monte Cristo / Francis Boggs,thumbs/films/45.webp,full/films/45.webp,raster,106,160,3814,raster,1000,1500,1500,1000,258086,0
ok,,films,46,Image,46,1910 / Frankenstein / J. Searle Dawley,thumbs/films/46.webp,full/films/46.webp,raster,106,160,6392,raster,1000,1500,1500,1000,152230,0
ok,,films,47,Image,47,1910 / L'Avare / Georges Monca,thumbs/films/47.webp,full/films/47.webp,raster,118,160,4324,raster,1000,1350,1350,1000,101448,1
ok,,films,51,Image,51,1911 / Feat of Clay / Otis Turner,thumbs/films/51.webp,full/films/51.webp,raster,240,160,9022,raster,1536,1024,1536,1024,590288,0
ok,,films,52,Image,52,1912 / From the Manger to the Cross / Sidney Olcott,thumbs/films/52.webp,full/films/52.webp,raster,106,160,7426,raster,960,1440,1440,960,349694,0
ok,,films,55,Image,55,1913 / Quo Vadis / Enrico Guazzoni,thumbs/films/55.webp,full/films/55.webp,raster,106,160,6464,raster,919,1380,1380,919,452854,0
ok,,films,56,Image,56,1913 / The Battle at Elderbush Gulch / D.W. Griffith,thumbs/films/56.webp,full/films/56.webp,raster,106,160,7658,raster,1000,1500,1500,1000,344004,0
ok,,films,57,Image,57,1913 / Le Mystère des roches de Kador / Léonce Perret,thumbs/films/57.webp,full/films/57.webp,raster,107,160,4538,raster,1074,1600,1600,1074,260294,0
ok,,films,58,Image,58,1914 / Cabiria / Giovanni Pastrone,thumbs/films/58.webp,full/films/58.webp,raster,106,160,6028,raster,1066,1600,1600,1066,434978,0
ok,,films,60,Image,60,1914 / The Birth of a Nation / D.W. Griffith,thumbs/films/60.webp,full/films/60.webp,raster,106,160,7738,raster,1066,1600,1600,1066,604084,0
ok,,films,61,Image,61,1915 / Naissance d'une nation / D.W. Griffith,thumbs/films/61.webp,full/films/61.webp,raster,106,160,5314,raster,1000,1500,1500,1000,498954,0
ok,,films,62,Image,62,1915 / Les Vampires / Louis Feuillade,thumbs/films/62.webp,full/films/62.webp,raster,106,160,4610,raster,1000,1500,1500,1000,175584,0
ok,,films,64,Image,64,1916 / Intolerance / D.W. Griffith,thumbs/films/64.webp,full/films/64.webp,raster,106,160,6988,raster,1066,1600,1600,1066,584122,0
ok,,films,68,Image,68,1917 / Easy Street / Charles Chaplin,thumbs/films/68.webp,full/films/68.webp,raster,106,160,3002,raster,1000,1500,1500,1000,119530,0
ok,,films,71,Image,71,1918 / Hearts of the World / D.W. Griffith,thumbs/films/71.webp,full/films/71.webp,raster,106,160,3698,raster,960,1440,1440,960,223084,0
ok,,films,72,Image,72,1918 / The Whispering Chorus / Cecil B. DeMille,thumbs/films/72.webp,full/films/72.webp,raster,106,160,7228,raster,1066,1600,1600,1066,409558,0
ok,,films,73,Image,73,1919 / Broken Blossoms / D.W. Griffith,thumbs/films/73.webp,full/films/73.webp,raster,106,160,7494,raster,1066,1600,1600,1066,626414,0
ok,,films,74,Image,74,1919 / True Heart Susie / D.W. Griffith,thumbs/films/74.webp,full/films/74.webp,raster,106,160,6458,raster,1066,1600,1600,1066,468410,0
ok,,films,76,Image,76,1920 / Le Cabinet du docteur Caligari / Robert Wiene,thumbs/films/76.webp,full/films/76.webp,raster,106,160,6406,raster,1000,1500,1500,1000,254724,0
ok,,films,78,Image,78,1920 / Der Golem / Paul Wegener,thumbs/films/78.webp,full/films/78.webp,raster,106,160,4484,raster,1000,1500,1500,1000,284226,1
ok,,films,79,Image,79,1921 / The Kid / Charles Chaplin,thumbs/films/79.webp,full/films/79.webp,raster,106,160,3860,raster,1000,1500,1500,1000,450040,2
ok,,films,80,Image,80,1921 / Orphans of the Storm / D.W. Griffith,thumbs/films/80.webp,full/films/80.webp,raster,106,160,7330,raster,800,1200,1200,800,379368,0
ok,,films,81,Image,81,1921 / Nosferatu / F.W. Murnau,thumbs/films/81.webp,full/films/81.webp,raster,106,160,2938,raster,1066,1600,1600,1066,205446,0
ok,,films,82,Image,82,1922 / Dr. Mabuse le joueur / Fritz Lang,thumbs/films/82.webp,full/films/82.webp,raster,106,160,3836,raster,1066,1600,1600,1066,139712,0
ok,,films,83,Image,83,1922 / Nanook of the North / Robert J. Flaherty,thumbs/films/83.webp,full/films/83.webp,raster,106,160,7866,raster,1066,1600,1600,1066,494226,1
ok,,films,84,Image,84,1922 / Häxan / Benjamin Christensen,thumbs/films/84.webp,full/films/84.jpg,raster,113,170,5982,raster,1000,1500,1500,1000,235088,0
ok,,films,85,Image,85,1923 / La Roue / Abel Gance,thumbs/films/85.webp,full/films/85.webp,raster,106,160,4626,raster,1066,1600,1600,1066,271484,0
ok,,films,88,Image,88,1924 / Greed / Erich von Stroheim,thumbs/films/88.webp,full/films/88.webp,raster,106,160,4554,raster,1000,1500,1500,1000,250088,0
ok,,films,89,Image,89,1924 / The Thief of Bagdad / Raoul Walsh,thumbs/films/89.webp,full/films/89.webp,raster,106,160,5156,raster,1066,1600,1600,1066,340300,0
ok,,films,91,Image,91,1925 / La Ruée vers l'or / Charles Chaplin,thumbs/films/91.webp,full/films/91.webp,raster,106,160,3902,raster,800,1200,1200,800,150186,0
ok,,films,92,Image,92,1925 / Le Cuirassé Potemkine / Sergueï Eisenstein,thumbs/films/92.webp,full/films/92.webp,raster,120,160,7058,raster,1201,1600,1600,1201,415528,0
ok,,films,93,Image,93,1925 / Der letzte Mann / F.W. Murnau,thumbs/films/93.webp,full/films/93.webp,raster,106,160,7506,raster,1066,1600,1600,1066,468660,0
ok,,films,94,Image,94,1926 / A Page of Madness / Teinosuke Kinugasa,thumbs/films/94.webp,full/films/94.webp,raster,113,170,9228,raster,1066,1600,1600,1066,481060,0
ok,,films,96,Image,96,1926 / The General / Buster Keaton,thumbs/films/96.webp,full/films/96.webp,raster,106,160,4280,raster,1029,1544,1544,1029,497882,0
ok,,films,100,Image,100,1928 / La Passion de Jeanne d'Arc / Carl Th. Dreyer,thumbs/films/100.webp,full/films/100.webp,raster,106,160,3460,raster,1000,1500,1500,1000,174608,1
ok,,films,101,Image,101,1928 / Steamboat Willie / Walt Disney,thumbs/films/101.webp,full/films/101.webp,raster,106,160,6308,raster,1000,1500,1500,1000,175832,0
ok,,films,102,Image,102,1928 / The Circus / Charles Chaplin,thumbs/films/102.webp,full/films/102.webp,raster,106,160,3278,raster,1066,1600,1600,1066,119760,1
ok,,films,104,Image,104,1929 / Un chien andalou / Luis Buñuel,thumbs/films/104.webp,full/films/104.webp,raster,106,160,3208,raster,1000,1500,1500,1000,141760,0
ok,,films,105,Image,105,1929 / Broadway Melody / Harry Beaumont,thumbs/films/105.webp,full/films/105.webp,raster,106,160,5668,raster,1066,1600,1600,1066,243474,0
ok,,films,107,Image,107,1930 / All Quiet on the Western Front / Lewis Milestone,thumbs/films/107.webp,full/films/107.webp,raster,106,160,6782,raster,1066,1600,1600,1066,317742,0
ok,,films,108,Image,108,1930 / Morocco / Josef von Sternberg,thumbs/films/108.webp,full/films/108.webp,raster,106,160,6224,raster,962,1442,1442,962,266692,1
ok,,films,109,Image,109,1931 / M le Maudit / Fritz Lang,thumbs/films/109.webp,full/films/109.webp,raster,106,160,4060,raster,1000,1500,1500,1000,217854,0
ok,,films,111,Image,111,1931 / Frankenstein / James Whale,thumbs/films/111.webp,full/films/111.webp,raster,106,160,5284,raster,1066,1600,1600,1066,522316,0
ok,,films,112,Image,112,1932 / Freaks / Tod Browning,thumbs/films/112.webp,full/films/112.webp,raster,106,160,5962,raster,1066,1600,1600,1066,395604,0
ok,,films,113,Image,113,1932 / Scarface / Howard Hawks,thumbs/films/113.webp,full/films/113.webp,raster,106,160,7782,raster,1066,1600,1600,1066,591588,0
ok,,films,114,Image,114,1932 / A Nous la Liberté / René Clair,thumbs/films/114.webp,full/films/114.webp,raster,106,160,6250,raster,1066,1600,1600,1066,475506,0
ok,,films,115,Image,115,1933 / King Kong / Merian C. Cooper,thumbs/films/115.webp,full/films/115.webp,raster,106,160,5842,raster,1000,1500,1500,1000,225498,0
ok,,films,116,Image,116,1933 / Duck Soup / Leo McCarey,thumbs/films/116.webp,full/films/116.webp,raster,106,160,7712,raster,1066,1600,1600,1066,544290,0
ok,,films,118,Image,118,1934 / It Happened One Night / Frank Capra,thumbs/films/118.webp,full/films/118.webp,raster,106,160,6352,raster,1000,1500,1500,1000,475906,0
ok,,films,119,Image,119,1934 / L'Atalante / Jean Vigo,thumbs/films/119.webp,full/films/119.webp,raster,106,160,4920,raster,1066,1600,1600,1066,358308,0
ok,,films,120,Image,120,1934 / The Thin Man / W.S. Van Dyke,thumbs/films/120.webp,full/films/120.webp,raster,106,160,6220,raster,960,1440,1440,960,355004,1
ok,,films,121,Image,121,1935 / A Night at the Opera / Sam Wood,thumbs/films/121.webp,full/films/121.jpg,raster,113,170,8778,raster,1200,1800,1800,1200,523798,0
ok,,films,122,Image,122,1935 / Mutiny on the Bounty / Frank Lloyd,thumbs/films/122.webp,full/films/122.webp,raster,106,160,7726,raster,1066,1600,1600,1066,462194,1
ok,,films,123,Image,123,1935 / Top Hat / Mark Sandrich,thumbs/films/123.webp,full/films/123.webp,raster,106,160,5466,raster,1000,1500,1500,1000,229820,0
ok,,films,125,Image,125,1936 / Fury / Fritz Lang,thumbs/films/125.webp,full/films/125.jpg,raster,122,170,9420,raster,1288,1800,1800,1288,1001720,1
ok,,films,126,Image,126,1936 / Mr. Deeds Goes to Town / Frank Capra,thumbs/films/126.webp,full/films/126.webp,raster,105,160,8568,raster,1051,1600,1600,1051,517550,0
ok,,films,127,Image,127,1937 / La Grande Illusion / Jean Renoir,thumbs/films/127.webp,full/films/127.webp,raster,106,160,4386,raster,1066,1600,1600,1066,517142,1
ok,,films,128,Image,128,1937 / Blanche-Neige et les Sept Nains / Walt Disney,thumbs/films/128.webp,full/films/128.webp,raster,106,160,6566,raster,1066,1600,1600,1066,427468,1
ok,,films,130,Image,130,1938 / La Bête humaine / Jean Renoir,thumbs/films/130.webp,full/films/130.webp,raster,106,160,3108,raster,1066,1600,1600,1066,159164,2
ok,,films,133,Image,133,1939 / Autant en emporte le vent / Victor Fleming,thumbs/films/133.webp,full/films/133.webp,raster,106,160,6386,raster,1000,1500,1500,1000,303814,0
ok,,films,134,Image,134,1939 / Le Magicien d'Oz / Victor Fleming,thumbs/films/134.webp,full/films/134.webp,raster,106,160,3138,raster,1066,1600,1600,1066,233408,0
ok,,films,135,Image,135,1939 / La Règle du jeu / Jean Renoir,thumbs/films/135.webp,full/films/135.webp,raster,106,160,6456,raster,1000,1500,1500,1000,564870,0
ok,,films,136,Image,136,1940 / Le Dictateur / Charles Chaplin,thumbs/films/136.webp,full/films/136.webp,raster,106,160,4652,raster,800,1200,1200,800,107746,1
ok,,films,137,Image,137,1940 / Rebecca / Alfred Hitchcock,thumbs/films/137.webp,full/films/137.webp,raster,106,160,7590,raster,900,1350,1350,900,356346,0
ok,,films,138,Image,138,1940 / The Grapes of Wrath / John Ford,thumbs/films/138.webp,full/films/138.webp,raster,106,160,6912,raster,1000,1500,1500,1000,196834,0
ok,,films,139,Image,139,1941 / Citizen Kane / Orson Welles,thumbs/films/139.webp,full/films/139.webp,raster,106,160,5524,raster,1066,1600,1600,1066,285456,0
ok,,films,140,Image,140,1941 / The Maltese Falcon / John Huston,thumbs/films/140.webp,full/films/140.webp,raster,106,160,7018,raster,1066,1600,1600,1066,433164,1
ok,,films,141,Image,141,1941 / How Green Was My Valley / John Ford,thumbs/films/141.webp,full/films/141.webp,raster,120,160,2520,raster,1200,1600,1600,1200,221826,0
ok,,films,142,Image,142,1942 / Casablanca / Michael Curtiz,thumbs/films/142.webp,full/films/142.webp,raster,106,160,7392,raster,1066,1600,1600,1066,518636,0
ok,,films,143,Image,143,1942 / The Magnificent Ambersons / Orson Welles,thumbs/films/143.webp,full/films/143.webp,raster,106,160,6132,raster,1066,1600,1600,1066,469476,0
ok,,films,144,Image,144,1942 / Sullivan's Travels / Preston Sturges,thumbs/films/144.webp,full/films/144.webp,raster,106,160,5254,raster,1066,1600,1600,1066,281000,0
ok,,films,146,Image,146,1943 / Pour qui sonne le glas / Sam Wood,thumbs/films/146.webp,full/films/146.webp,raster,106,160,7916,raster,1066,1600,1600,1066,344230,0
ok,,films,147,Image,147,1943 / Ossessione / Luchino Visconti,thumbs/films/147.webp,full/films/147.webp,raster,106,160,5342,raster,1066,1600,1600,1066,363426,0
ok,,films,148,Image,148,1944 / Double Indemnity / Billy Wilder,thumbs/films/148.webp,full/films/148.webp,raster,106,160,4302,raster,1066,1600,1600,1066,313816,2
ok,,films,150,Image,150,1944 / Gaslight / George Cukor,thumbs/films/150.webp,full/films/150.webp,raster,105,160,5492,raster,1059,1599,1599,1059,414988,0
ok,,films,151,Image,151,1945 / Les Enfants du paradis / Marcel Carné,thumbs/films/151.webp,full/films/151.webp,raster,106,160,2808,raster,1066,1600,1600,1066,112512,2
ok,,films,152,Image,152,1945 / Roma città aperta / Roberto Rossellini,thumbs/films/152.webp,full/films/152.webp,raster,106,160,7200,raster,1066,1600,1600,1066,551546,0
ok,,films,153,Image,153,1945 / Brief Encounter / David Lean,thumbs/films/153.webp,full/films/153.webp,raster,106,160,2782,raster,1066,1600,1600,1066,86588,0
ok,,films,155,Image,155,1946 / It's a Wonderful Life / Frank Capra,thumbs/films/155.webp,full/films/155.webp,raster,106,160,6604,raster,1066,1600,1600,1066,398622,0
ok,,films,157,Image,157,1947 / Monsieur Verdoux / Charles Chaplin,thumbs/films/157.webp,full/films/157.webp,raster,106,160,2864,raster,1066,1600,1600,1066,114348,0
ok,,films,158,Image,158,1947 / Out of the Past / Jacques Tourneur,thumbs/films/158.webp,full/films/158.webp,raster,106,160,6868,raster,960,1440,1440,960,302458,1
ok,,films,161,Image,161,1948 / La Corde / Alfred Hitchcock,thumbs/films/161.webp,full/films/161.webp,raster,106,160,6584,raster,1000,1500,1500,1000,434484,0
ok,,films,162,Image,162,1948 / Hamlet / Laurence Olivier,thumbs/films/162.webp,full/films/162.webp,raster,106,160,7108,raster,1066,1600,1600,1066,412154,0
ok,,films,163,Image,163,1949 / Le Troisième Homme / Carol Reed,thumbs/films/163.webp,full/films/163.webp,raster,106,160,4186,raster,1066,1600,1600,1066,361344,0
ok,,films,164,Image,164,1949 / The Heiress / William Wyler,thumbs/films/164.webp,full/films/164.webp,raster,106,160,7102,raster,1066,1600,1600,1066,338474,1
ok,,films,165,Image,165,1949 / Kind Hearts and Coronets / Robert Hamer,thumbs/films/165.webp,full/films/165.webp,raster,113,160,5872,raster,1000,1414,1414,1000,173142,0
ok,,films,166,Image,166,1950 / Rashômon / Akira Kurosawa,thumbs/films/166.webp,full/films/166.webp,raster,106,160,6138,raster,1067,1600,1600,1067,409946,1
ok,,films,167,Image,167,1950 / Sunset Boulevard / Billy Wilder,thumbs/films/167.webp,full/films/167.webp,raster,106,160,7334,raster,1066,1600,1600,1066,361456,1
ok,,films,168,Image,168,1950 / All About Eve / Joseph L. Mankiewicz,thumbs/films/168.webp,full/films/168.webp,raster,106,160,3714,raster,1066,1600,1600,1066,204414,0
ok,,films,170,Image,170,1951 / A Streetcar Named Desire / Elia Kazan,thumbs/films/170.webp,full/films/170.webp,raster,106,160,7004,raster,1066,1600,1600,1066,472666,0
ok,,films,171,Image,171,1951 / The African Queen / John Huston,thumbs/films/171.webp,full/films/171.webp,raster,106,160,8024,raster,1066,1600,1600,1066,714650,0
ok,,films,172,Image,172,1952 / Umberto D. / Vittorio De Sica,thumbs/films/172.webp,full/films/172.webp,raster,106,160,4264,raster,1066,1600,1600,1066,224136,0
ok,,films,173,Image,173,"1952 / Singin' in the Rain / Stanley Donen, Gene Kelly",thumbs/films/173.webp,full/films/173.webp,raster,106,160,5286,raster,1066,1600,1600,1066,376946,0
ok,,films,174,Image,174,1952 / High Noon / Fred Zinnemann,thumbs/films/174.webp,full/films/174.webp,raster,106,160,6742,raster,1000,1500,1500,1000,374668,1
ok,,films,176,Image,176,1953 / Roman Holiday / William Wyler,thumbs/films/176.webp,full/films/176.webp,raster,106,160,3668,raster,1000,1500,1500,1000,185060,0
ok,,films,177,Image,177,1953 / From Here to Eternity / Fred Zinnemann,thumbs/films/177.webp,full/films/177.webp,raster,106,160,3374,raster,1000,1500,1500,1000,85668,1
ok,,films,178,Image,178,1954 / Les Sept Samouraïs / Akira Kurosawa,thumbs/films/178.webp,full/films/178.webp,raster,106,160,4202,raster,1000,1500,1500,1000,257922,1
ok,,films,179,Image,179,1954 / La Strada / Federico Fellini,thumbs/films/179.webp,full/films/179.webp,raster,113,160,4604,raster,1130,1600,1600,1130,524038,0
ok,,films,180,Image,180,1954 / Rear Window / Alfred Hitchcock,thumbs/films/180.webp,full/films/180.webp,raster,106,160,6814,raster,1066,1600,1600,1066,415948,0
ok,,films,181,Image,181,1955 / Pather Panchali / Satyajit Ray,thumbs/films/181.webp,full/films/181.webp,raster,113,170,2174,raster,1066,1600,1600,1066,67964,0
ok,,films,182,Image,182,1955 / Marty / Delbert Mann,thumbs/films/182.webp,full/films/182.webp,raster,106,160,2960,raster,1066,1600,1600,1066,171678,0
ok,,films,183,Image,183,1955 / East of Eden / Elia Kazan,thumbs/films/183.webp,full/films/183.webp,raster,106,160,5310,raster,1000,1500,1500,1000,501400,0
ok,,films,184,Image,184,1956 / Le Septième Sceau / Ingmar Bergman,thumbs/films/184.webp,full/films/184.webp,raster,106,160,1738,raster,1066,1600,1600,1066,67964,0
ok,,films,185,Image,185,1956 / Giant / George Stevens,thumbs/films/185.webp,full/films/185.webp,raster,106,160,5348,raster,1066,1600,1600,1066,263964,0
ok,,films,186,Image,186,1956 / Around the World in 80 Days / Michael Anderson,thumbs/films/186.webp,full/films/186.webp,raster,106,160,5628,raster,1000,1500,1500,1000,314288,0
ok,,films,187,Image,187,1957 / Les Fraises sauvages / Ingmar Bergman,thumbs/films/187.webp,full/films/187.webp,raster,120,160,5206,raster,1000,1333,1333,1000,304352,0
ok,,films,188,Image,188,1957 / Paths of Glory / Stanley Kubrick,thumbs/films/188.webp,full/films/188.webp,raster,106,160,6102,raster,1066,1600,1600,1066,186834,0
ok,,films,189,Image,189,1957 / The Bridge on the River Kwai / David Lean,thumbs/films/189.webp,full/films/189.webp,raster,106,160,6312,raster,1066,1600,1600,1066,421664,0
ok,,films,190,Image,190,1958 / Vertigo / Alfred Hitchcock,thumbs/films/190.webp,full/films/190.webp,raster,106,160,3210,raster,1066,1600,1600,1066,218234,0
ok,,films,192,Image,192,1958 / Mon oncle / Jacques Tati,thumbs/films/192.webp,full/films/192.webp,raster,106,160,6364,raster,1066,1600,1600,1066,314582,0
ok,,films,193,Image,193,1959 / Les 400 coups / François Truffaut,thumbs/films/193.webp,full/films/193.webp,raster,118,160,7080,raster,1187,1600,1600,1187,521076,0
ok,,films,194,Image,194,1959 / À bout de souffle / Jean-Luc Godard,thumbs/films/194.webp,full/films/194.webp,raster,106,160,4542,raster,1066,1600,1600,1066,229326,0
ok,,films,195,Image,195,1959 / Ben-Hur / William Wyler,thumbs/films/195.webp,full/films/195.webp,raster,106,160,6916,raster,1066,1600,1600,1066,596626,0
ok,,films,196,Image,196,1960 / La Dolce Vita / Federico Fellini,thumbs/films/196.webp,full/films/196.webp,raster,105,160,4026,raster,966,1466,1466,966,162774,0
ok,,films,197,Image,197,1960 / Psycho / Alfred Hitchcock,thumbs/films/197.webp,full/films/197.webp,raster,106,160,3120,raster,1066,1600,1600,1066,185846,2
ok,,films,198,Image,198,1960 / Tirez sur le pianiste / François Truffaut,thumbs/films/198.webp,full/films/198.webp,raster,106,160,5704,raster,1066,1600,1600,1066,524762,1
ok,,films,199,Image,199,1961 / Jules et Jim / François Truffaut,thumbs/films/199.webp,full/films/199.webp,raster,106,160,6730,raster,1000,1500,1500,1000,641144,0
ok,,films,200,Image,200,1961 / L'Année dernière à Marienbad / Alain Resnais,thumbs/films/200.webp,full/films/200.webp,raster,106,160,4740,raster,800,1200,1200,800,208818,0
ok,,films,201,Image,201,"1961 / West Side Story / Robert Wise, Jerome Robbins",thumbs/films/201.webp,full/films/201.webp,raster,106,160,6128,raster,1000,1500,1500,1000,236788,0
ok,,films,202,Image,202,1962 / Lawrence d'Arabie / David Lean,thumbs/films/202.webp,full/films/202.webp,raster,106,160,4740,raster,1066,1600,1600,1066,324170,1
ok,,films,203,Image,203,1962 / Le Procès / Orson Welles,thumbs/films/203.webp,full/films/203.webp,raster,106,160,5458,raster,1066,1600,1600,1066,596148,1
ok,,films,204,Image,204,1962 / Cléo de 5 à 7 / Agnès Varda,thumbs/films/204.webp,full/films/204.webp,raster,106,160,3482,raster,1066,1600,1600,1066,182678,0
ok,,films,205,Image,205,1963 / Le Guépard / Luchino Visconti,thumbs/films/205.webp,full/films/205.webp,raster,106,160,3704,raster,1000,1500,1500,1000,309878,0
ok,,films,206,Image,206,1963 / 8 et demi / Federico Fellini,thumbs/films/206.webp,full/films/206.webp,raster,106,160,4640,raster,1066,1600,1600,1066,615818,0
ok,,films,207,Image,207,1963 / The Great Escape / John Sturges,thumbs/films/207.webp,full/films/207.webp,raster,106,160,6636,raster,1066,1600,1600,1066,663934,1
ok,,films,208,Image,208,1964 / Dr. Strangelove / Stanley Kubrick,thumbs/films/208.webp,full/films/208.webp,raster,106,160,4884,raster,1000,1500,1500,1000,211928,0
ok,,films,209,Image,209,1964 / My Fair Lady / George Cukor,thumbs/films/209.webp,full/films/209.webp,raster,106,160,5558,raster,1066,1600,1600,1066,326094,0
ok,,films,210,Image,210,1964 / Marnie / Alfred Hitchcock,thumbs/films/210.webp,full/films/210.webp,raster,106,160,3648,raster,1000,1500,1500,1000,201800,0
ok,,films,211,Image,211,1965 / Le Docteur Jivago / David Lean,thumbs/films/211.webp,full/films/211.webp,raster,106,160,5752,raster,1066,1600,1600,1066,486798,0
ok,,films,212,Image,212,1965 / La Battaglia di Algeri / Gillo Pontecorvo,thumbs/films/212.webp,full/films/212.webp,raster,106,160,7774,raster,1066,1600,1600,1066,295192,0
ok,,films,213,Image,213,1965 / Pierrot le fou / Jean-Luc Godard,thumbs/films/213.webp,full/films/213.webp,raster,106,160,3554,raster,1066,1600,1600,1066,122972,0
ok,,films,214,Image,214,1966 / Au hasard Balthazar / Robert Bresson,thumbs/films/214.webp,full/films/214.webp,raster,106,160,2728,raster,1000,1500,1500,1000,137750,0
ok,,films,215,Image,215,"1966 / Le Bon, la Brute et le Truand / Sergio Leone",thumbs/films/215.webp,full/films/215.webp,raster,106,160,7326,raster,1066,1600,1600,1066,801504,1
ok,,films,216,Image,216,1966 / Blow-Up / Michelangelo Antonioni,thumbs/films/216.webp,full/films/216.webp,raster,120,160,2984,raster,1203,1600,1600,1203,321264,6
ok,,films,217,Image,217,1967 / Belle de jour / Luis Buñuel,thumbs/films/217.webp,full/films/217.webp,raster,106,160,2992,raster,1066,1600,1600,1066,653460,0
ok,,films,218,Image,218,1967 / The Graduate / Mike Nichols,thumbs/films/218.webp,full/films/218.webp,raster,106,160,5068,raster,1066,1600,1600,1066,366380,0
ok,,films,220,Image,220,1968 / 2001 : l'Odyssée de l'espace / Stanley Kubrick,thumbs/films/220.webp,full/films/220.webp,raster,106,160,3556,raster,1066,1600,1600,1066,167846,2
ok,,films,221,Image,221,1968 / Rosemary's Baby / Roman Polanski,thumbs/films/221.webp,full/films/221.webp,raster,113,160,3856,raster,1002,1417,1417,1002,255990,0
ok,,films,222,Image,222,1968 / Il était une fois dans l'Ouest / Sergio Leone,thumbs/films/222.webp,full/films/222.webp,raster,106,160,5422,raster,1000,1500,1500,1000,349100,0
ok,,films,223,Image,223,1969 / Easy Rider / Dennis Hopper,thumbs/films/223.webp,full/films/223.webp,raster,106,160,6058,raster,1066,1600,1600,1066,305446,0
ok,,films,224,Image,224,1969 / Midnight Cowboy / John Schlesinger,thumbs/films/224.webp,full/films/224.webp,raster,106,160,5738,raster,1066,1600,1600,1066,454224,1
ok,,films,225,Image,225,1969 / Z / Costa-Gavras,thumbs/films/225.webp,full/films/225.webp,raster,105,160,2980,raster,989,1500,1500,989,98868,0
ok,,films,226,Image,226,1970 / M*A*S*H / Robert Altman,thumbs/films/226.webp,full/films/226.webp,raster,106,160,3538,raster,1000,1500,1500,1000,143400,0
ok,,films,227,Image,227,1970 / Le Conformiste / Bernardo Bertolucci,thumbs/films/227.webp,full/films/227.webp,raster,106,160,3280,raster,1000,1500,1500,1000,94072,0
ok,,films,228,Image,228,1970 / Patton / Franklin J. Schaffner,thumbs/films/228.webp,full/films/228.webp,raster,106,160,5300,raster,1000,1500,1500,1000,240316,0
ok,,films,229,Image,229,1971 / A Clockwork Orange / Stanley Kubrick,thumbs/films/229.webp,full/films/229.webp,raster,106,160,3084,raster,1066,1600,1600,1066,121124,0
ok,,films,230,Image,230,1971 / The Last Picture Show / Peter Bogdanovich,thumbs/films/230.webp,full/films/230.webp,raster,106,160,5532,raster,1600,1200,1600,1200,656092,21
ok,,films,231,Image,231,1971 / Dirty Harry / Don Siegel,thumbs/films/231.webp,full/films/231.webp,raster,106,160,4316,raster,1066,1600,1600,1066,308824,1
ok,,films,232,Image,232,1972 / Le Parrain / Francis Ford Coppola,thumbs/films/232.webp,full/films/232.webp,raster,106,160,3262,raster,1066,1600,1600,1066,201094,2
ok,,films,234,Image,234,1972 / Cabaret / Bob Fosse,thumbs/films/234.webp,full/films/234.webp,raster,106,160,3822,raster,1000,1500,1500,1000,158874,0
ok,,films,235,Image,235,1973 / La Nuit américaine / François Truffaut,thumbs/films/235.webp,full/films/235.webp,raster,106,160,4456,raster,1066,1600,1600,1066,185006,0
ok,,films,236,Image,236,1973 / L'Exorciste / William Friedkin,thumbs/films/236.webp,full/films/236.webp,raster,106,160,2926,raster,1066,1600,1600,1066,240234,0
ok,,films,237,Image,237,1973 / Mean Streets / Martin Scorsese,thumbs/films/237.webp,full/films/237.webp,raster,106,160,6098,raster,1000,1500,1500,1000,362978,0
ok,,films,238,Image,238,1974 / Chinatown / Roman Polanski,thumbs/films/238.webp,full/films/238.webp,raster,106,160,5000,raster,1000,1500,1500,1000,190724,0
ok,,films,239,Image,239,1974 / Le Parrain II / Francis Ford Coppola,thumbs/films/239.webp,full/films/239.webp,raster,106,160,3238,raster,1000,1500,1500,1000,141030,1
ok,,films,240,Image,240,1974 / La Conversation / Francis Ford Coppola,thumbs/films/240.webp,full/films/240.webp,raster,106,160,3266,raster,1066,1600,1600,1066,496230,0
ok,,films,241,Image,241,1975 / Les Dents de la mer / Steven Spielberg,thumbs/films/241.webp,full/films/241.webp,raster,106,160,3198,raster,1066,1600,1600,1066,166824,0
ok,,films,242,Image,242,1975 / Vol au-dessus d'un nid de coucou / Milos Forman,thumbs/films/242.webp,full/films/242.webp,raster,106,160,4212,raster,1000,1500,1500,1000,239110,0
ok,,films,243,Image,243,1975 / Barry Lyndon / Stanley Kubrick,thumbs/films/243.webp,full/films/243.webp,raster,106,160,3586,raster,1000,1500,1500,1000,68298,0
ok,,films,244,Image,244,1976 / Taxi Driver / Martin Scorsese,thumbs/films/244.webp,full/films/244.webp,raster,106,160,4756,raster,1066,1600,1600,1066,392090,0
ok,,films,245,Image,245,1976 / Rocky / John G. Avildsen,thumbs/films/245.webp,full/films/245.webp,raster,106,160,2426,raster,1066,1600,1600,1066,116460,0
ok,,films,246,Image,246,1976 / Novecento / Bernardo Bertolucci,thumbs/films/246.webp,full/films/246.webp,raster,112,160,5606,raster,1000,1426,1426,1000,517572,0
ok,,films,247,Image,247,1977 / Annie Hall / Woody Allen,thumbs/films/247.webp,full/films/247.webp,raster,106,160,4700,raster,1000,1500,1500,1000,208904,0
ok,,films,248,Image,248,1977 / Star Wars / George Lucas,thumbs/films/248.webp,full/films/248.webp,raster,106,160,5442,raster,1000,1500,1500,1000,282274,0
ok,,films,249,Image,249,1977 / Le Camion / Marguerite Duras,thumbs/films/249.webp,full/films/249.webp,raster,106,160,2030,raster,1000,1500,1500,1000,577644,0
ok,,films,250,Image,250,1978 / Le Cerf-volant du bout du monde / Steven Spielberg,thumbs/films/250.webp,full/films/250.webp,raster,106,160,6328,raster,1000,1500,1500,1000,452616,0
ok,,films,251,Image,251,1978 / Midnight Express / Alan Parker,thumbs/films/251.webp,full/films/251.webp,raster,106,160,4096,raster,1066,1600,1600,1066,126282,1
ok,,films,252,Image,252,1978 / Deer Hunter / Michael Cimino,thumbs/films/252.webp,full/films/252.webp,raster,106,160,4258,raster,1066,1600,1600,1066,271404,0
ok,,films,253,Image,253,1979 / Apocalypse Now / Francis Ford Coppola,thumbs/films/253.webp,full/films/253.webp,raster,106,160,2784,raster,1000,1500,1500,1000,157178,0
ok,,films,254,Image,254,1979 / Alien / Ridley Scott,thumbs/films/254.webp,full/films/254.webp,raster,106,160,2446,raster,1066,1600,1600,1066,121476,0
ok,,films,255,Image,255,1979 / Manhattan / Woody Allen,thumbs/films/255.webp,full/films/255.webp,raster,106,160,5138,raster,1066,1600,1600,1066,496694,0
ok,,films,256,Image,256,1980 / Raging Bull / Martin Scorsese,thumbs/films/256.webp,full/films/256.webp,raster,106,160,4236,raster,1000,1500,1500,1000,172412,0
ok,,films,257,Image,257,1980 / Shining / Stanley Kubrick,thumbs/films/257.webp,full/films/257.webp,raster,106,160,4860,raster,1066,1600,1600,1066,391098,1
ok,,films,258,Image,258,1980 / L'Empire contre-attaque / Irvin Kershner,thumbs/films/258.webp,full/films/258.webp,raster,106,160,6098,raster,1000,1500,1500,1000,343840,0
ok,,films,259,Image,259,1981 / Les Chariots de feu / Hugh Hudson,thumbs/films/259.webp,full/films/259.webp,raster,106,160,3836,raster,1066,1600,1600,1066,189392,1
ok,,films,261,Image,261,1981 / Reds / Warren Beatty,thumbs/films/261.webp,full/films/261.webp,raster,106,160,4902,raster,1066,1600,1600,1066,344892,0
ok,,films,262,Image,262,1982 / E.T. l'extraterrestre / Steven Spielberg,thumbs/films/262.webp,full/films/262.webp,raster,106,160,3876,raster,1000,1500,1500,1000,225728,0
ok,,films,263,Image,263,1982 / Blade Runner / Ridley Scott,thumbs/films/263.webp,full/films/263.webp,raster,106,160,6366,raster,1066,1600,1600,1066,558010,0
ok,,films,264,Image,264,1982 / Fitzcarraldo / Werner Herzog,thumbs/films/264.webp,full/films/264.webp,raster,106,160,4292,raster,1066,1600,1600,1066,290436,0
ok,,films,265,Image,265,1983 / Fanny et Alexandre / Ingmar Bergman,thumbs/films/265.webp,full/films/265.webp,raster,106,160,4052,raster,1000,1500,1500,1000,367894,0
ok,,films,266,Image,266,1983 / Scarface / Brian De Palma,thumbs/films/266.webp,full/films/266.webp,raster,106,160,4762,raster,1066,1600,1600,1066,451588,0
ok,,films,267,Image,267,1983 / The Right Stuff / Philip Kaufman,thumbs/films/267.webp,full/films/267.webp,raster,106,160,4856,raster,800,1200,1200,800,165372,0
ok,,films,268,Image,268,"1984 / Paris, Texas / Wim Wenders",thumbs/films/268.webp,full/films/268.webp,raster,106,160,2946,raster,1066,1600,1600,1066,214620,0
ok,,films,269,Image,269,1984 / Once Upon a Time in America / Sergio Leone,thumbs/films/269.webp,full/films/269.webp,raster,106,160,4366,raster,1066,1600,1600,1066,329038,1
ok,,films,270,Image,270,1984 / Amadeus / Milos Forman,thumbs/films/270.webp,full/films/270.webp,raster,106,160,4516,raster,1066,1600,1600,1066,418400,0
ok,,films,271,Image,271,1985 / Le Sacrifice / Andrei Tarkovski,thumbs/films/271.webp,full/films/271.webp,raster,120,160,4762,raster,1200,1600,1600,1200,398384,0
ok,,films,272,Image,272,1985 / Ran / Akira Kurosawa,thumbs/films/272.webp,full/films/272.webp,raster,106,160,5108,raster,1066,1600,1600,1066,394110,0
ok,,films,273,Image,273,1985 / Out of Africa / Sydney Pollack,thumbs/films/273.webp,full/films/273.webp,raster,106,160,5222,raster,1066,1600,1600,1066,689366,0
ok,,films,274,Image,274,1986 / Platoon / Oliver Stone,thumbs/films/274.webp,full/films/274.webp,raster,106,160,3300,raster,1066,1600,1600,1066,261020,0
ok,,films,275,Image,275,1986 / Blue Velvet / David Lynch,thumbs/films/275.webp,full/films/275.webp,raster,106,160,2984,raster,1000,1500,1500,1000,118174,0
ok,,films,276,Image,276,1986 / Aliens / James Cameron,thumbs/films/276.webp,full/films/276.webp,raster,106,160,4582,raster,1066,1600,1600,1066,453472,0
ok,,films,277,Image,277,1987 / Full Metal Jacket / Stanley Kubrick,thumbs/films/277.webp,full/films/277.webp,raster,106,160,3696,raster,1000,1500,1500,1000,134998,0
ok,,films,278,Image,278,1987 / L'Empire du soleil / Steven Spielberg,thumbs/films/278.webp,full/films/278.webp,raster,106,160,2050,raster,1000,1500,1500,1000,67296,0
ok,,films,279,Image,279,1987 / The Last Emperor / Bernardo Bertolucci,thumbs/films/279.webp,full/films/279.webp,raster,106,160,5128,raster,1066,1600,1600,1066,284054,0
ok,,films,280,Image,280,1988 / Rain Man / Barry Levinson,thumbs/films/280.webp,full/films/280.webp,raster,106,160,4042,raster,1066,1600,1600,1066,499212,0
ok,,films,281,Image,281,1988 / Au revoir les enfants / Louis Malle,thumbs/films/281.webp,full/films/281.webp,raster,106,160,4550,raster,1066,1600,1600,1066,315994,0
ok,,films,282,Image,282,1988 / Die Hard / John McTiernan,thumbs/films/282.webp,full/films/282.webp,raster,106,160,4498,raster,1066,1600,1600,1066,424182,1
ok,,films,283,Image,283,1989 / Crimes and Misdemeanors / Woody Allen,thumbs/films/283.webp,full/films/283.webp,raster,106,160,3750,raster,1000,1500,1500,1000,118934,0
ok,,films,285,Image,285,1989 / Indiana Jones et la Dernière Croisade / Steven Spielberg,thumbs/films/285.webp,full/films/285.webp,raster,106,160,7048,raster,1066,1600,1600,1066,492558,0
ok,,films,286,Image,286,1990 / Goodfellas / Martin Scorsese,thumbs/films/286.webp,full/films/286.webp,raster,106,160,3976,raster,1000,1500,1500,1000,124454,0
ok,,films,287,Image,287,1990 / Edward Scissorhands / Tim Burton,thumbs/films/287.webp,full/films/287.webp,raster,106,160,6698,raster,1066,1600,1600,1066,751664,1
ok,,films,288,Image,288,1990 / Dances with Wolves / Kevin Costner,thumbs/films/288.webp,full/films/288.jpg,raster,113,170,6050,raster,1200,1800,1800,1200,470415,0
ok,,films,289,Image,289,1991 / The Silence of the Lambs / Jonathan Demme,thumbs/films/289.webp,full/films/289.webp,raster,106,160,3426,raster,1000,1500,1500,1000,391118,0
ok,,films,290,Image,290,1991 / Terminator 2 / James Cameron,thumbs/films/290.webp,full/films/290.webp,raster,106,160,4472,raster,1066,1600,1600,1066,396470,0
ok,,films,291,Image,291,1991 / Thelma et Louise / Ridley Scott,thumbs/films/291.webp,full/films/291.webp,raster,106,160,5922,raster,1066,1600,1600,1066,308826,0
ok,,films,292,Image,292,1992 / Impitoyable / Clint Eastwood,thumbs/films/292.webp,full/films/292.webp,raster,106,160,5182,raster,1066,1600,1600,1066,535090,0
ok,,films,293,Image,293,1992 / Les Nuits fauves / Cyril Collard,thumbs/films/293.webp,full/films/293.webp,raster,106,160,5502,raster,1066,1600,1600,1066,327838,1
ok,,films,294,Image,294,1992 / Reservoir Dogs / Quentin Tarantino,thumbs/films/294.webp,full/films/294.webp,raster,106,160,5478,raster,1066,1600,1600,1066,278256,2
ok,,films,295,Image,295,1993 / Schindler's List / Steven Spielberg,thumbs/films/295.webp,full/films/295.webp,raster,106,160,1724,raster,1066,1600,1600,1066,153270,0
ok,,films,296,Image,296,1993 / La Leçon de piano / Jane Campion,thumbs/films/296.webp,full/films/296.webp,raster,106,160,1896,raster,1066,1600,1600,1066,429288,0
ok,,films,298,Image,298,1994 / Pulp Fiction / Quentin Tarantino,thumbs/films/298.webp,full/films/298.webp,raster,106,160,6958,raster,1066,1600,1600,1066,316124,2
ok,,films,299,Image,299,1994 / The Shawshank Redemption / Frank Darabont,thumbs/films/299.webp,full/films/299.webp,raster,106,160,4082,raster,1000,1500,1500,1000,170512,0
ok,,films,300,Image,300,1994 / Forrest Gump / Robert Zemeckis,thumbs/films/300.webp,full/films/300.webp,raster,106,160,4240,raster,1066,1600,1600,1066,106488,3
ok,,films,301,Image,301,1995 / Heat / Michael Mann,thumbs/films/301.webp,full/films/301.webp,raster,106,160,4168,raster,1066,1600,1600,1066,262206,0
ok,,films,302,Image,302,1995 / Se7en / David Fincher,thumbs/films/302.webp,full/films/302.webp,raster,106,160,5782,raster,1066,1600,1600,1066,478900,0
ok,,films,303,Image,303,1995 / Casino / Martin Scorsese,thumbs/films/303.webp,full/films/303.webp,raster,106,160,3534,raster,1066,1600,1600,1066,295170,0
ok,,films,304,Image,304,1996 / Fargo / Joel et Ethan Coen,thumbs/films/304.webp,full/films/304.webp,raster,106,160,2450,raster,1066,1600,1600,1066,270500,0
ok,,films,305,Image,305,1996 / Secrets et mensonges / Mike Leigh,thumbs/films/305.webp,full/films/305.webp,raster,106,160,3744,raster,1000,1500,1500,1000,230320,0
ok,,films,306,Image,306,1996 / Breaking the Waves / Lars von Trier,thumbs/films/306.webp,full/films/306.webp,raster,106,160,5640,raster,1066,1600,1600,1066,438788,0
ok,,films,307,Image,307,1997 / Titanic / James Cameron,thumbs/films/307.webp,full/films/307.webp,raster,106,160,4358,raster,1067,1599,1599,1067,662380,1
ok,,films,308,Image,308,1997 / L.A. Confidential / Curtis Hanson,thumbs/films/308.webp,full/films/308.webp,raster,106,160,4684,raster,1066,1600,1600,1066,359726,0
ok,,films,309,Image,309,1997 / Funny Games / Michael Haneke,thumbs/films/309.webp,full/films/309.webp,raster,106,160,3602,raster,800,1200,1200,800,104550,1
ok,,films,310,Image,310,1998 / Saving Private Ryan / Steven Spielberg,thumbs/films/310.webp,full/films/310.webp,raster,106,160,3424,raster,1000,1500,1500,1000,353684,0
ok,,films,311,Image,311,1998 / La Vie est belle / Roberto Benigni,thumbs/films/311.webp,full/films/311.webp,raster,106,160,5774,raster,1066,1600,1600,1066,389778,0
ok,,films,312,Image,312,1998 / The Truman Show / Peter Weir,thumbs/films/312.webp,full/films/312.webp,raster,106,160,5140,raster,1066,1600,1600,1066,679962,0
ok,,films,313,Image,313,1999 / American Beauty / Sam Mendes,thumbs/films/313.webp,full/films/313.webp,raster,106,160,7484,raster,1000,1500,1500,1000,403486,1
ok,,films,314,Image,314,1999 / Fight Club / David Fincher,thumbs/films/314.webp,full/films/314.webp,raster,106,160,5782,raster,1066,1600,1600,1066,439400,0
ok,,films,315,Image,315,1999 / Eyes Wide Shut / Stanley Kubrick,thumbs/films/315.webp,full/films/315.webp,raster,120,160,5332,raster,1200,1600,1600,1200,513926,0
ok,,films,316,Image,316,2000 / Gladiator / Ridley Scott,thumbs/films/316.webp,full/films/316.webp,raster,106,160,5272,raster,1066,1600,1600,1066,525116,0
ok,,films,317,Image,317,2000 / Requiem for a Dream / Darren Aronofsky,thumbs/films/317.webp,full/films/317.webp,raster,106,160,4756,raster,1066,1600,1600,1066,426776,1
ok,,films,318,Image,318,2000 / Amores Perros / Alejandro González Iñárritu,thumbs/films/318.webp,full/films/318.webp,raster,106,160,4520,raster,1000,1500,1500,1000,152144,0
ok,,films,319,Image,319,2001 / Le Seigneur des Anneaux : La Communauté / Peter Jackson,thumbs/films/319.webp,full/films/319.webp,raster,106,160,5116,raster,1000,1500,1500,1000,605716,0
ok,,films,320,Image,320,2001 / Mulholland Drive / David Lynch,thumbs/films/320.webp,full/films/320.webp,raster,106,160,3716,raster,1066,1600,1600,1066,180334,1
ok,,films,321,Image,321,2001 / Memento / Christopher Nolan,thumbs/films/321.webp,full/films/321.webp,raster,106,160,4778,raster,1066,1600,1600,1066,385446,1
ok,,films,322,Image,322,2002 / Le Pianiste / Roman Polanski,thumbs/films/322.webp,full/films/322.webp,raster,106,160,2776,raster,1066,1600,1600,1066,185588,0
ok,,films,323,Image,323,2002 / City of God / Fernando Meirelles,thumbs/films/323.webp,full/films/323.webp,raster,106,160,5046,raster,1066,1600,1600,1066,410302,0
ok,,films,324,Image,324,2002 / The Hours / Stephen Daldry,thumbs/films/324.webp,full/films/324.webp,raster,106,160,4386,raster,1000,1500,1500,1000,132800,0
ok,,films,325,Image,325,2003 / Lost in Translation / Sofia Coppola,thumbs/films/325.webp,full/films/325.webp,raster,106,160,4858,raster,1066,1600,1600,1066,438542,1
ok,,films,326,Image,326,2003 / 21 Grammes / Alejandro González Iñárritu,thumbs/films/326.webp,full/films/326.webp,raster,106,160,5522,raster,1066,1600,1600,1066,549428,0
ok,,films,327,Image,327,2003 / Mystic River / Clint Eastwood,thumbs/films/327.webp,full/films/327.webp,raster,106,160,3556,raster,1000,1500,1500,1000,150996,0
ok,,films,328,Image,328,2004 / Eternal Sunshine of the Spotless Mind / Michel Gondry,thumbs/films/328.webp,full/films/328.webp,raster,106,160,4048,raster,1066,1600,1600,1066,599198,0
ok,,films,329,Image,329,2004 / Fahrenheit 9/11 / Michael Moore,thumbs/films/329.webp,full/films/329.webp,raster,106,160,4006,raster,1000,1500,1500,1000,549580,0
ok,,films,330,Image,330,2004 / Million Dollar Baby / Clint Eastwood,thumbs/films/330.webp,full/films/330.webp,raster,106,160,2850,raster,1066,1600,1600,1066,159478,0
ok,,films,331,Image,331,2005 / Le Secret de Brokeback Mountain / Ang Lee,thumbs/films/331.webp,full/films/331.webp,raster,120,160,5956,raster,1200,1600,1600,1200,717736,0
ok,,films,332,Image,332,2005 / A History of Violence / David Cronenberg,thumbs/films/332.webp,full/films/332.webp,raster,106,160,2384,raster,1066,1600,1600,1066,266416,0
ok,,films,334,Image,334,2006 / Le Labyrinthe de Pan / Guillermo del Toro,thumbs/films/334.webp,full/films/334.webp,raster,106,160,4938,raster,1066,1600,1600,1066,552210,0
ok,,films,335,Image,335,2006 / Babel / Alejandro González Iñárritu,thumbs/films/335.webp,full/films/335.webp,raster,106,160,4098,raster,1066,1600,1600,1066,287970,0
ok,,films,336,Image,336,2006 / The Departed / Martin Scorsese,thumbs/films/336.webp,full/films/336.webp,raster,106,160,4294,raster,1066,1600,1600,1066,438278,0
ok,,films,337,Image,337,2007 / No Country for Old Men / Joel et Ethan Coen,thumbs/films/337.webp,full/films/337.webp,raster,106,160,4000,raster,1066,1600,1600,1066,169440,0
ok,,films,338,Image,338,2007 / There Will Be Blood / Paul Thomas Anderson,thumbs/films/338.webp,full/films/338.webp,raster,106,160,3386,raster,1066,1600,1600,1066,224808,1
ok,,films,339,Image,339,"2007 / 4 Mois, 3 Semaines, 2 Jours / Cristian Mungiu",thumbs/films/339.webp,full/films/339.webp,raster,120,160,3784,raster,1200,1600,1600,1200,213950,0
ok,,films,340,Image,340,2008 / The Dark Knight / Christopher Nolan,thumbs/films/340.webp,full/films/340.webp,raster,106,160,4204,raster,1066,1600,1600,1066,583644,1
ok,,films,341,Image,341,2008 / Entre les murs / Laurent Cantet,thumbs/films/341.webp,full/films/341.webp,raster,106,160,5408,raster,1066,1600,1600,1066,470508,2
ok,,films,342,Image,342,2008 / Valse avec Bachir / Ari Folman,thumbs/films/342.webp,full/films/342.webp,raster,106,160,5050,raster,1066,1600,1600,1066,191054,0
ok,,films,343,Image,343,2009 / The Hurt Locker / Kathryn Bigelow,thumbs/films/343.webp,full/films/343.webp,raster,106,160,5220,raster,1000,1500,1500,1000,324806,0
ok,,films,344,Image,344,2009 / A Serious Man / Joel et Ethan Coen,thumbs/films/344.webp,full/films/344.webp,raster,106,160,2078,raster,1066,1600,1600,1066,126732,0
ok,,films,346,Image,346,2010 / Inception / Christopher Nolan,thumbs/films/346.webp,full/films/346.webp,raster,106,160,5418,raster,1066,1600,1600,1066,491872,0
ok,,films,347,Image,347,2010 / The Social Network / David Fincher,thumbs/films/347.webp,full/films/347.webp,raster,106,160,3802,raster,1066,1600,1600,1066,279388,0
ok,,films,348,Image,348,2010 / Des hommes et des dieux / Xavier Beauvois,thumbs/films/348.webp,full/films/348.webp,raster,106,160,3350,raster,1066,1600,1600,1066,384188,0
ok,,films,349,Image,349,2011 / The Artist / Michel Hazanavicius,thumbs/films/349.webp,full/films/349.webp,raster,106,160,2480,raster,1000,1500,1500,1000,65190,0
ok,,films,350,Image,350,2011 / Melancholia / Lars von Trier,thumbs/films/350.webp,full/films/350.webp,raster,106,160,4664,raster,1066,1600,1600,1066,386148,0
ok,,films,351,Image,351,2011 / The Tree of Life / Terrence Malick,thumbs/films/351.webp,full/films/351.webp,raster,106,160,3336,raster,1067,1600,1600,1067,246164,0
ok,,films,352,Image,352,2012 / Amour / Michael Haneke,thumbs/films/352.webp,full/films/352.webp,raster,106,160,3546,raster,1066,1600,1600,1066,227632,2
ok,,films,353,Image,353,2012 / Django Unchained / Quentin Tarantino,thumbs/films/353.webp,full/films/353.webp,raster,106,160,5972,raster,1000,1500,1500,1000,385754,0
ok,,films,354,Image,354,2012 / The Master / Paul Thomas Anderson,thumbs/films/354.webp,full/films/354.webp,raster,118,160,3536,raster,960,1290,1290,960,138738,0
ok,,films,355,Image,355,2013 / 12 Years a Slave / Steve McQueen,thumbs/films/355.webp,full/films/355.webp,raster,106,160,2890,raster,1066,1600,1600,1066,184568,0
ok,,films,356,Image,356,2013 / Her / Spike Jonze,thumbs/films/356.webp,full/films/356.webp,raster,106,160,3002,raster,1066,1600,1600,1066,174734,1
ok,,films,358,Image,358,2014 / Boyhood / Richard Linklater,thumbs/films/358.webp,full/films/358.webp,raster,106,160,6766,raster,1000,1500,1500,1000,768924,2
ok,,films,359,Image,359,2014 / Birdman / Alejandro González Iñárritu,thumbs/films/359.webp,full/films/359.webp,raster,106,160,3736,raster,1066,1600,1600,1066,378734,0
ok,,films,360,Image,360,2014 / Whiplash / Damien Chazelle,thumbs/films/360.webp,full/films/360.webp,raster,106,160,4254,raster,1066,1600,1600,1066,230904,0
ok,,films,361,Image,361,2015 / Mad Max : Fury Road / George Miller,thumbs/films/361.webp,full/films/361.webp,raster,106,160,5050,raster,1066,1600,1600,1066,397502,0
ok,,films,362,Image,362,2015 / Le Fils de Saul / László Nemes,thumbs/films/362.webp,full/films/362.webp,raster,106,160,3162,raster,1066,1600,1600,1066,354924,0
ok,,films,363,Image,363,2015 / The Revenant / Alejandro González Iñárritu,thumbs/films/363.webp,full/films/363.webp,raster,106,160,4434,raster,1066,1600,1600,1066,659554,0
ok,,films,364,Image,364,2016 / Moonlight / Barry Jenkins,thumbs/films/364.webp,full/films/364.webp,raster,106,160,3790,raster,1066,1600,1600,1066,546650,0
ok,,films,365,Image,365,2016 / La La Land / Damien Chazelle,thumbs/films/365.webp,full/films/365.webp,raster,106,160,3456,raster,1066,1600,1600,1066,404918,0
ok,,films,366,Image,366,2016 / Toni Erdmann / Maren Ade,thumbs/films/366.webp,full/films/366.webp,raster,106,160,4642,raster,1066,1600,1600,1066,513822,0
ok,,films,367,Image,367,2017 / Get Out / Jordan Peele,thumbs/films/367.webp,full/films/367.webp,raster,106,160,5974,raster,1066,1600,1600,1066,532158,0
ok,,films,368,Image,368,2017 / Faute d'amour / Andrey Zvyagintsev,thumbs/films/368.webp,full/films/368.jpg,raster,113,170,6494,raster,1200,1800,1800,1200,488770,1
ok,,films,369,Image,369,2017 / Farenheit / Ruben Östlund,thumbs/films/369.webp,full/films/369.webp,raster,106,160,4430,raster,1000,1500,1500,1000,226034,0
ok,,films,370,Image,370,2018 / Roma / Alfonso Cuarón,thumbs/films/370.webp,full/films/370.webp,raster,106,160,3718,raster,1066,1600,1600,1066,289924,0
ok,,films,371,Image,371,2018 / Cold War / Pawel Pawlikowski,thumbs/films/371.webp,full/films/371.webp,raster,106,160,2556,raster,1066,1600,1600,1066,155510,0
ok,,films,372,Image,372,2018 / Burning / Lee Chang-dong,thumbs/films/372.webp,full/films/372.webp,raster,106,160,3458,raster,1066,1600,1600,1066,273406,2
ok,,films,373,Image,373,2019 / Parasite / Bong Joon-ho,thumbs/films/373.webp,full/films/373.webp,raster,106,160,5514,raster,1066,1600,1600,1066,644976,0
ok,,films,374,Image,374,2019 / Once Upon a Time in Hollywood / Quentin Tarantino,thumbs/films/374.webp,full/films/374.webp,raster,106,160,4540,raster,1066,1600,1600,1066,343666,0
ok,,films,375,Image,375,2019 / Joker / Todd Phillips,thumbs/films/375.webp,full/films/375.webp,raster,106,160,4732,raster,1066,1600,1600,1066,415696,0
ok,,films,376,Image,376,2020 / Nomadland / Chloé Zhao,thumbs/films/376.webp,full/films/376.webp,raster,106,160,2812,raster,1000,1500,1500,1000,232528,2
ok,,films,378,Image,378,2020 / Drunk / Thomas Vinterberg,thumbs/films/378.webp,full/films/378.webp,raster,106,160,5190,raster,1066,1600,1600,1066,376916,0
ok,,films,379,Image,379,2021 / Drive My Car / Ryusuke Hamaguchi,thumbs/films/379.webp,full/films/379.webp,raster,106,160,4438,raster,1066,1600,1600,1066,377382,1
ok,,films,380,Image,380,2021 / The Power of the Dog / Jane Campion,thumbs/films/380.webp,full/films/380.webp,raster,107,160,4008,raster,1080,1600,1600,1080,670814,0
ok,,films,381,Image,381,2021 / Titane / Julia Ducournau,thumbs/films/381.webp,full/films/381.webp,raster,106,160,4348,raster,1066,1600,1600,1066,584094,0
ok,,films,382,Image,382,"2022 / Everything Everywhere All at Once / Daniel Scheinert, Daniel Kwan",thumbs/films/382.webp,full/films/382.webp,raster,106,160,6686,raster,1066,1600,1600,1066,325690,1
ok,,films,383,Image,383,2022 / Tár / Todd Field,thumbs/films/383.webp,full/films/383.webp,raster,106,160,2122,raster,1066,1600,1600,1066,236962,0
ok,,films,384,Image,384,2022 / The Fabelmans / Steven Spielberg,thumbs/films/384.webp,full/films/384.webp,raster,106,160,5780,raster,1066,1600,1600,1066,261038,0
ok,,films,385,Image,385,2023 / Oppenheimer / Christopher Nolan,thumbs/films/385.webp,full/films/385.webp,raster,106,160,6188,raster,1066,1600,1600,1066,467854,0
ok,,films,386,Image,386,2023 / Anatomy of a Fall / Justine Triet,thumbs/films/386.webp,full/films/386.webp,raster,106,160,3344,raster,1066,1600,1600,1066,277460,0
ok,,films,387,Image,387,2023 / Perfect Days / Wim Wenders,thumbs/films/387.webp,full/films/387.webp,raster,106,160,4200,raster,1064,1600,1600,1064,394688,0
ok,,films,388,Image,388,2024 / Anora / Sean Baker,thumbs/films/388.webp,full/films/388.webp,raster,106,160,5612,raster,1066,1600,1600,1066,378850,0
ok,,films,389,Image,389,2024 / The Brutalist / Brady Corbet,thumbs/films/389.webp,full/films/389.webp,raster,106,160,3340,raster,1066,1600,1600,1066,198584,0
ok,,films,390,Image,390,2024 / Emilia Pérez / Jacques Audiard,thumbs/films/390.webp,full/films/390.webp,raster,106,160,4404,raster,1066,1600,1600,1066,260964,0
ok,,fleuves_monde,1,Image,1,Nil / 6 650 km / Afrique,thumbs/fleuves_monde/1.webp,full/fleuves_monde/1.jpg,raster,220,151,7640,raster,1200,821,1200,821,221137,0
ok,,fleuves_monde,2,Image,2,Amazone / 6 400 km / Amérique du Sud,thumbs/fleuves_monde/2.webp,full/fleuves_monde/2.jpg,raster,170,170,11480,raster,1200,1200,1200,1200,658036,0
ok,,fleuves_monde,3,Image,3,Yangzi Jiang / 6 300 km / Asie,thumbs/fleuves_monde/3.webp,full/fleuves_monde/3.jpg,raster,200,150,7178,raster,1200,798,1200,798,152749,23
ok,,fleuves_monde,5,Image,5,Ienisseï / 5 539 km / Asie,thumbs/fleuves_monde/5.webp,full/fleuves_monde/5.jpg,raster,220,143,5764,raster,1200,780,1200,780,140980,0
ok,,fleuves_monde,6,Image,6,Huang He / 5 464 km / Asie,thumbs/fleuves_monde/6.webp,full/fleuves_monde/6.jpg,raster,149,170,13384,raster,1051,1200,1200,1051,492384,0
ok,,fleuves_monde,7,Image,7,Ob–Irtych / 5 410 km / Asie,thumbs/fleuves_monde/7.webp,full/fleuves_monde/7.jpg,raster,220,147,12502,raster,1200,800,1200,800,384365,0
ok,,fleuves_monde,9,Image,9,Congo / 4 700 km / Afrique,thumbs/fleuves_monde/9.webp,full/fleuves_monde/9.jpg,raster,220,165,1122,raster,1200,900,1200,900,84584,4
ok,,fleuves_monde,10,Image,10,Amour / 4 444 km / Asie,thumbs/fleuves_monde/10.webp,full/fleuves_monde/10.webp,raster,220,147,10682,raster,1800,1200,1800,1200,856826,0
ok,,fleuves_monde,11,Image,11,Léna / 4 400 km / Asie,thumbs/fleuves_monde/11.webp,full/fleuves_monde/11.jpg,raster,200,150,10222,raster,1200,1200,1200,1200,763389,11
ok,,fleuves_monde,12,Image,12,Mékong / 4 350 km / Asie,thumbs/fleuves_monde/12.webp,full/fleuves_monde/12.jpg,raster,220,152,5004,raster,1200,827,1200,827,165315,0
ok,,grandes_explorations,1,Image,1,Zheng He / 1405-1433 / Océan Indien,thumbs/grandes_explorations/1.webp,full/grandes_explorations/1.jpg,raster,141,170,4322,raster,992,1200,1200,992,283363,1
ok,,grandes_explorations,2,Image,2,Christophe Colomb / 1492 / Atlantique,thumbs/grandes_explorations/2.webp,full/grandes_explorations/2.jpg,raster,120,170,2642,raster,850,1200,1200,850,427984,1
ok,,grandes_explorations,5,Image,5,James Cook / 1768-1779 / Pacifique,thumbs/grandes_explorations/5.webp,full/grandes_explorations/5.jpg,raster,127,160,3796,raster,891,1200,1200,891,445523,25
ok,,grandes_explorations,7,Image,7,David Livingstone / 1841-1873 / Afrique australe,thumbs/grandes_explorations/7.webp,full/grandes_explorations/7.jpg,raster,156,170,4908,raster,1101,1200,1200,1101,647692,0
ok,,grandes_explorations,8,Image,8,Roald Amundsen / 1911 / Antarctique,thumbs/grandes_explorations/8.webp,full/grandes_explorations/8.jpg,raster,118,160,4654,raster,958,1200,1200,958,458413,20
ok,,grandes_explorations,9,Image,9,"Ibn Battuta / 1325–1354 / Afrique, Asie, Europe",thumbs/grandes_explorations/9.webp,full/grandes_explorations/9.jpg,raster,135,170,4226,raster,956,1200,1200,956,166831,0
ok,,grandes_explorations,11,Image,11,Amerigo Vespucci / 1499–1504 / Amériques,thumbs/grandes_explorations/11.webp,full/grandes_explorations/11.jpg,raster,115,160,3204,raster,965,1200,1200,965,180982,18
ok,,grandes_explorations,12,Image,12,Hernán Cortés / 1519–1521 / Mexique,thumbs/grandes_explorations/12.webp,full/grandes_explorations/12.jpg,raster,135,160,2046,raster,894,1200,1200,894,202394,25
ok,,grandes_explorations,13,Image,13,Francisco Pizarro / 1531–1533 / Pérou,thumbs/grandes_explorations/13.webp,full/grandes_explorations/13.jpg,raster,118,170,2942,raster,833,1200,1200,833,336311,0
ok,,grandes_explorations,14,Image,14,Jacques Cartier / 1534–1542 / Canada,thumbs/grandes_explorations/14.webp,full/grandes_explorations/14.jpg,raster,119,160,3344,raster,983,1200,1200,983,41052,25
ok,,grandes_explorations,15,Image,15,Francis Drake / 1577–1580 / Monde,thumbs/grandes_explorations/15.webp,full/grandes_explorations/15.jpg,raster,106,170,1426,raster,750,1200,1200,750,267382,0
ok,,grandes_explorations,17,Image,17,Abel Tasman / 1642–1644 / Océanie,thumbs/grandes_explorations/17.webp,full/grandes_explorations/17.jpg,raster,194,160,6324,raster,982,1200,1200,982,150933,20
ok,,grandes_explorations,19,Image,19,Lewis et Clark / 1804–1806 / Amérique du Nord,thumbs/grandes_explorations/19.webp,full/grandes_explorations/19.jpg,raster,140,170,3430,raster,991,1200,1200,991,249364,0
ok,,grandes_explorations,20,Image,20,René Caillié / 1827–1828 / Afrique,thumbs/grandes_explorations/20.webp,full/grandes_explorations/20.jpg,raster,115,160,3022,raster,1200,768,1200,768,197097,26
ok,,grandes_explorations,21,Image,21,Ernest Shackleton / 1914–1916 / Antarctique,thumbs/grandes_explorations/21.webp,full/grandes_explorations/21.jpg,raster,200,150,4728,raster,945,1200,1200,945,227521,20
ok,,grandes_explorations,22,Image,22,Edmund Hillary et Tenzing Norgay / 1953 / Himalaya,thumbs/grandes_explorations/22.webp,full/grandes_explorations/22.jpg,raster,199,170,11620,raster,1200,1027,1200,1027,308587,0
ok,,grandes_explorations,23,Image,23,Jacques Piccard et Don Walsh / 1960 / Fosse des Mariannes,thumbs/grandes_explorations/23.webp,full/grandes_explorations/23.jpg,raster,127,170,5988,raster,900,1200,1200,900,285688,0
ok,,grandes_explorations,24,Image,24,Neil Armstrong / 1969 / Lune,thumbs/grandes_explorations/24.webp,full/grandes_explorations/24.jpg,raster,128,160,5116,raster,960,1200,1200,960,204246,2
ok,,grandes_explorations,25,Image,25,Valentina Teréchkova / 1963 / Espace,thumbs/grandes_explorations/25.webp,full/grandes_explorations/25.jpg,raster,136,170,8838,raster,957,1200,1200,957,231082,0
ok,,grands_scientifiques,1,Image,1,Archimède / Mathématiques et physique / Grecque,thumbs/grands_scientifiques/1.webp,full/grands_scientifiques/1.jpg,raster,141,170,2818,raster,996,1200,1200,996,244497,0
ok,,grands_scientifiques,2,Image,2,Ibn al-Haytham / Optique / Arabe,thumbs/grands_scientifiques/2.webp,full/grands_scientifiques/2.jpg,raster,134,170,3354,raster,945,1200,1200,945,323242,0
ok,,grands_scientifiques,3,Image,3,Nicolas Copernic / Astronomie / Polonaise,thumbs/grands_scientifiques/3.webp,full/grands_scientifiques/3.jpg,raster,137,170,5224,raster,970,1200,1200,970,235665,0
ok,,grands_scientifiques,4,Image,4,Galilée / Astronomie et physique / Italienne,thumbs/grands_scientifiques/4.webp,full/grands_scientifiques/4.jpg,raster,125,160,2812,raster,956,1200,1200,956,206407,22
ok,,grands_scientifiques,5,Image,5,Isaac Newton / Physique et mathématiques / Anglaise,thumbs/grands_scientifiques/5.webp,full/grands_scientifiques/5.jpg,raster,106,170,414,raster,750,1200,1200,750,157017,2
ok,,grands_scientifiques,6,Image,6,Antoine Lavoisier / Chimie / Française,thumbs/grands_scientifiques/6.webp,full/grands_scientifiques/6.jpg,raster,102,170,2884,raster,723,1200,1200,723,145665,1
ok,,grands_scientifiques,7,Image,7,Charles Darwin / Biologie / Anglaise,thumbs/grands_scientifiques/7.webp,full/grands_scientifiques/7.jpg,raster,127,170,2914,raster,895,1200,1200,895,251090,0
ok,,grands_scientifiques,11,Image,11,Katherine Johnson / Mathématiques / Américaine,thumbs/grands_scientifiques/11.webp,full/grands_scientifiques/11.jpg,raster,240,160,6582,raster,868,1200,1200,868,252660,26
ok,,guerres,1,Image,1,Guerres médiques / 490–479 av. J.-C. / Grèce vs Perse,thumbs/guerres/1.webp,full/guerres/1.jpg,raster,172,170,9152,raster,1200,1185,1200,1185,335761,0
ok,,guerres,2,Image,2,Guerre du Péloponnèse / 431–404 av. J.-C. / Athènes vs Sparte,thumbs/guerres/2.webp,full/guerres/2.jpg,raster,172,170,13602,raster,1200,1188,1200,1188,455573,1
ok,,guerres,3,Image,3,Conquêtes d'Alexandre le Grand / 334–323 av. J.-C. / Macédoine vs Perse / Inde,thumbs/guerres/3.webp,full/guerres/3.jpg,raster,220,121,6828,raster,1200,661,1200,661,192674,1
ok,,guerres,5,Image,5,Croisades / 1096–1291 / Chrétiens d'Occident vs Musulmans / Byzance,thumbs/guerres/5.webp,full/guerres/5.jpg,raster,220,147,11334,raster,1200,800,1200,800,287622,0
ok,,guerres,6,Image,6,Guerres de conquête mongoles / 1206–1368 / Empire mongol vs Eurasie,thumbs/guerres/6.webp,full/guerres/6.jpg,raster,220,147,11122,raster,1200,800,1200,800,287491,0
ok,,guerres,8,Image,8,Guerres de religion en France / 1562–1598 / Catholiques vs Protestants,thumbs/guerres/8.webp,full/guerres/8.jpg,raster,216,170,13442,raster,1200,943,1200,943,228478,0
ok,,guerres,9,Image,9,Guerre de Trente Ans / 1618–1648 / Empires catholiques vs protestants européens,thumbs/guerres/9.webp,full/guerres/9.jpg,raster,235,160,3872,raster,1200,794,1200,794,237332,11
ok,,guerres,11,Image,11,Guerre d'Indépendance américaine / 1775–1783 / Colonies américaines vs Royaume-Uni,thumbs/guerres/11.webp,full/guerres/11.jpg,raster,220,145,12016,raster,1200,790,1200,790,428929,1
ok,,guerres,12,Image,12,Guerres napoléoniennes / 1803–1815 / France vs Coalitions européennes,thumbs/guerres/12.webp,full/guerres/12.jpg,raster,113,170,7938,raster,800,1200,1200,800,306533,0
ok,,guerres,13,Image,13,Guerre de Crimée / 1853–1856 / France/UK vs Russie,thumbs/guerres/13.webp,full/guerres/13.jpg,raster,222,160,5898,raster,1200,862,1200,862,327584,0
ok,,guerres,14,Image,14,Guerre de Sécession américaine / 1861–1865 / Union (Nord) vs Confédération (Sud),thumbs/guerres/14.webp,full/guerres/14.jpg,raster,220,124,8156,raster,1200,675,1200,675,191843,0
ok,,guerres,15,Image,15,Guerre franco-prussienne / 1870–1871 / France vs Prusse,thumbs/guerres/15.webp,full/guerres/15.jpg,raster,220,147,5448,raster,1200,803,1200,803,225926,0
ok,,guerres,16,Image,16,Guerre du Pacifique (Amérique du Sud) / 1879–1884 / Chili vs Pérou/Bolivie,thumbs/guerres/16.webp,full/guerres/16.jpg,raster,220,164,12546,raster,1200,897,1200,897,269581,0
ok,,guerres,18,Image,18,Guerres balkaniques / 1912–1913 / Ligue balkanique vs Empire ottoman,thumbs/guerres/18.webp,full/guerres/18.jpg,raster,201,160,7294,raster,1200,963,1200,963,268061,24
ok,,guerres,20,Image,20,Guerre civile russe / 1917–1922 / Bolchéviks (Rouges) vs Blancs,thumbs/guerres/20.webp,full/guerres/20.jpg,raster,220,140,5070,raster,1200,764,1200,764,114418,0
ok,,guerres,21,Image,21,Guerre d'indépendance irlandaise / 1919–1921 / IRA vs Royaume-Uni,thumbs/guerres/21.webp,full/guerres/21.jpg,raster,290,160,8178,raster,1200,800,1200,800,236248,18
ok,,guerres,22,Image,22,Guerre civile espagnole / 1936–1939 / Républicains vs Nationalistes (Franco),thumbs/guerres/22.webp,full/guerres/22.jpg,raster,220,143,6098,raster,1200,782,1200,782,163070,0
ok,,inventions_majeures,1,Image,1,Roue / v. 3500 av. J.-C. / Transport,thumbs/inventions_majeures/1.webp,full/inventions_majeures/1.jpg,raster,220,147,10536,raster,1200,800,1200,800,218860,0
ok,,inventions_majeures,2,Image,2,Écriture cunéiforme / v. 3400 av. J.-C. / Communication,thumbs/inventions_majeures/2.webp,full/inventions_majeures/2.jpg,raster,200,150,6054,raster,782,1200,1200,782,298162,21
ok,,inventions_majeures,3,Image,3,Lunettes / v. 1286 / Optique,thumbs/inventions_majeures/3.webp,full/inventions_majeures/3.jpg,raster,135,170,7836,raster,952,1200,1200,952,348301,0
ok,,inventions_majeures,4,Image,4,Presse à imprimer / 1450 / Communication,thumbs/inventions_majeures/4.webp,full/inventions_majeures/4.jpg,raster,139,170,7114,raster,982,1200,1200,982,281931,1
ok,,inventions_majeures,5,Image,5,Imprimerie à caractères mobiles / v. 1450 / Information,thumbs/inventions_majeures/5.webp,full/inventions_majeures/5.jpg,raster,116,170,560,raster,820,1200,1200,820,153120,0
ok,,inventions_majeures,6,Image,6,Thermomètre / 1592 / Mesure,thumbs/inventions_majeures/6.webp,full/inventions_majeures/6.jpg,raster,200,150,5272,raster,794,1200,1200,794,202956,25
ok,,inventions_majeures,7,Image,7,Télescope / 1608 / Optique,thumbs/inventions_majeures/7.webp,full/inventions_majeures/7.jpg,raster,170,170,11166,raster,1200,1200,1200,1200,399299,0
ok,,inventions_majeures,8,Image,8,Machine à calculer / 1642 / Calcul,thumbs/inventions_majeures/8.webp,full/inventions_majeures/8.jpg,raster,220,143,3194,raster,1200,778,1200,778,166578,0
ok,,inventions_majeures,9,Image,9,Machine à vapeur / 1769 / Énergie,thumbs/inventions_majeures/9.webp,full/inventions_majeures/9.jpg,raster,123,170,3922,raster,871,1200,1200,871,221370,0
ok,,inventions_majeures,10,Image,10,Vaccin / 1796 / Médecine,thumbs/inventions_majeures/10.webp,full/inventions_majeures/10.jpg,raster,122,170,4858,raster,864,1200,1200,864,287803,1
ok,,inventions_majeures,11,Image,11,Locomotive à vapeur / 1804 / Transport,thumbs/inventions_majeures/11.webp,full/inventions_majeures/11.jpg,raster,218,170,13156,raster,1200,936,1200,936,368194,1
ok,,inventions_majeures,12,Image,12,Photographie / 1826 / Image,thumbs/inventions_majeures/12.webp,full/inventions_majeures/12.jpg,raster,200,150,3536,raster,1200,1200,1200,1200,696987,26
ok,,inventions_majeures,13,Image,13,Dynamo électrique / 1831 / Énergie,thumbs/inventions_majeures/13.webp,full/inventions_majeures/13.jpg,raster,200,150,5914,raster,1200,864,1200,864,354689,24
ok,,inventions_majeures,14,Image,14,Télégraphe / 1837 / Communication,thumbs/inventions_majeures/14.webp,full/inventions_majeures/14.jpg,raster,220,165,5236,raster,1200,900,1200,900,171962,0
ok,,inventions_majeures,16,Image,16,Téléphone / 1876 / Communication,thumbs/inventions_majeures/16.webp,full/inventions_majeures/16.jpg,raster,200,150,2554,raster,1200,651,1200,651,215685,22
ok,,inventions_majeures,17,Image,17,Moteur à combustion interne / 1876 / Transport,thumbs/inventions_majeures/17.webp,full/inventions_majeures/17.jpg,raster,220,165,3260,raster,1200,900,1200,900,75679,0
ok,,inventions_majeures,18,Image,18,Ampoule électrique / 1879 / Éclairage,thumbs/inventions_majeures/18.webp,full/inventions_majeures/18.jpg,raster,196,170,12376,raster,1200,1041,1200,1041,493985,0
ok,,inventions_majeures,20,Image,20,Cinéma / 1895 / Audiovisuel,thumbs/inventions_majeures/20.webp,full/inventions_majeures/20.jpg,raster,220,165,5158,raster,1200,900,1200,900,163015,0
ok,,inventions_majeures,21,Image,21,Avion motorisé / 1903 / Transport,thumbs/inventions_majeures/21.webp,full/inventions_majeures/21.jpg,raster,170,170,4412,raster,1200,1200,1200,1200,160005,1
ok,,inventions_majeures,23,Image,23,Radar / 1935 / Détection,thumbs/inventions_majeures/23.webp,full/inventions_majeures/23.jpg,raster,200,150,9086,raster,1200,900,1200,900,216137,23
ok,,inventions_majeures,24,Image,24,Ordinateur programmable / 1936 / Informatique,thumbs/inventions_majeures/24.webp,full/inventions_majeures/24.jpg,raster,189,170,3968,raster,1200,1080,1200,1080,134045,0
ok,,inventions_majeures,25,Image,25,Transistor / 1947 / Électronique,thumbs/inventions_majeures/25.webp,full/inventions_majeures/25.jpg,raster,200,150,5742,raster,877,1200,1200,877,227462,25
ok,,inventions_majeures,27,Image,27,Laser / 1960 / Optique,thumbs/inventions_majeures/27.webp,full/inventions_majeures/27.jpg,raster,169,170,5752,raster,1195,1200,1200,1195,165067,0
ok,,inventions_majeures,28,Image,28,Internet / 1969 / Communication,thumbs/inventions_majeures/28.webp,full/inventions_majeures/28.jpg,raster,220,146,6894,raster,1200,795,1200,795,195802,1
ok,,inventions_majeures,29,Image,29,Web / 1989 / Informatique,thumbs/inventions_majeures/29.webp,full/inventions_majeures/29.jpg,raster,124,170,8182,raster,878,1200,1200,878,354983,1
ok,,inventions_majeures,30,Image,30,Boussole / IXe siècle / Navigation,thumbs/inventions_majeures/30.webp,full/inventions_majeures/30.jpg,raster,108,170,2312,raster,761,1200,1200,761,249711,0
ok,,inventions_majeures,31,Image,31,Poudre à canon / IXe siècle / Militaire,thumbs/inventions_majeures/31.webp,full/inventions_majeures/31.jpg,raster,220,165,9010,raster,1200,900,1200,900,268047,0
ok,,jo_ete,2,Image,2,1900 / Paris / 🇫🇷 France,thumbs/jo_ete/2.webp,full/jo_ete/2.jpg,raster,114,160,3684,raster,1200,799,1200,799,171934,25
ok,,jo_ete,3,Image,3,1904 / Saint-Louis / 🇺🇸 États-Unis,thumbs/jo_ete/3.webp,full/jo_ete/3.jpg,raster,102,160,4582,raster,766,1200,1200,766,298123,1
ok,,jo_ete,6,Image,6,1912 / Stockholm / 🇸🇪 Suède,thumbs/jo_ete/6.webp,full/jo_ete/6.jpg,raster,126,170,11458,raster,887,1200,1200,887,286784,0
ok,,jo_ete,7,Image,7,1920 / Anvers / 🇧🇪 Belgique,thumbs/jo_ete/7.webp,full/jo_ete/7.jpg,raster,127,170,6974,raster,900,1200,1200,900,251412,0
ok,,jo_ete,8,Image,8,1924 / Paris / 🇫🇷 France,thumbs/jo_ete/8.webp,full/jo_ete/8.jpg,raster,217,170,12656,raster,1200,940,1200,940,270087,0
ok,,jo_ete,10,Image,10,1932 / Los Angeles / 🇺🇸 États-Unis,thumbs/jo_ete/10.webp,full/jo_ete/10.jpg,raster,220,123,12882,raster,1200,671,1200,671,204903,2
ok,,jo_ete,15,Image,15,1960 / Rome / 🇮🇹 Italie,thumbs/jo_ete/15.webp,full/jo_ete/15.jpg,raster,200,160,6678,raster,1200,675,1200,675,90934,25
ok,,jo_ete,16,Image,16,1964 / Tokyo / 🇯🇵 Japon,thumbs/jo_ete/16.webp,full/jo_ete/16.jpg,raster,220,147,9086,raster,1200,800,1200,800,196687,0
ok,,jo_ete,18,Image,18,1972 / Munich / 🇩🇪 Allemagne,thumbs/jo_ete/18.webp,full/jo_ete/18.jpg,raster,220,165,12192,raster,1200,900,1200,900,317792,0
ok,,jo_ete,19,Image,19,1976 / Montréal / 🇨🇦 Canada,thumbs/jo_ete/19.webp,full/jo_ete/19.jpg,raster,132,160,7590,raster,991,1200,1200,991,66894,11
ok,,jo_ete,20,Image,20,1980 / Moscou / URSS,thumbs/jo_ete/20.webp,full/jo_ete/20.jpg,raster,120,170,2508,raster,850,1200,1200,850,139776,1
ok,,jo_ete,22,Image,22,1988 / Séoul / 🇰🇷 Corée du Sud,thumbs/jo_ete/22.webp,full/jo_ete/22.jpg,raster,269,160,9646,raster,1200,800,1200,800,135217,16
ok,,jo_ete,23,Image,23,1992 / Barcelone / 🇪🇸 Espagne,thumbs/jo_ete/23.webp,full/jo_ete/23.jpg,raster,203,170,8644,raster,1200,1003,1200,1003,275113,1
ok,,jo_ete,25,Image,25,2000 / Sydney / 🇦🇺 Australie,thumbs/jo_ete/25.webp,full/jo_ete/25.jpg,raster,320,160,4616,raster,1200,797,1200,797,342803,24
ok,,jo_ete,26,Image,26,2004 / Athènes / 🇬🇷 Grèce,thumbs/jo_ete/26.webp,full/jo_ete/26.jpg,raster,220,127,9990,raster,1200,694,1200,694,239920,1
ok,,jo_ete,27,Image,27,2008 / Pékin / 🇨🇳 Chine,thumbs/jo_ete/27.webp,full/jo_ete/27.jpg,raster,117,160,6734,raster,1200,673,1200,673,331223,26
ok,,jo_ete,29,Image,29,2016 / Rio de Janeiro / 🇧🇷 Brésil,thumbs/jo_ete/29.webp,full/jo_ete/29.jpg,raster,228,160,3742,raster,1200,800,1200,800,224987,26
ok,,jo_ete,31,Image,31,2024 / Paris / 🇫🇷 France,thumbs/jo_ete/31.webp,full/jo_ete/31.jpg,raster,220,146,6398,raster,1200,795,1200,795,246343,0
ok,,jo_ete,32,Image,32,2028 / Los Angeles / 🇺🇸 États-Unis,thumbs/jo_ete/32.webp,full/jo_ete/32.jpg,raster,100,160,7176,raster,751,1200,1200,751,71792,11
ok,,jo_hiver,1,Image,1,1924 / Chamonix / 🇫🇷 France,thumbs/jo_hiver/1.webp,full/jo_hiver/1.jpg,raster,109,170,2574,raster,767,1200,1200,767,114112,1
ok,,jo_hiver,2,Image,2,1928 / Saint-Moritz / 🇨🇭 Suisse,thumbs/jo_hiver/2.webp,full/jo_hiver/2.jpg,raster,220,162,11352,raster,1200,883,1200,883,331899,0
ok,,jo_hiver,3,Image,3,1932 / Lake Placid / 🇺🇸 États-Unis,thumbs/jo_hiver/3.webp,full/jo_hiver/3.jpg,raster,134,170,5820,raster,949,1200,1200,949,224182,1
ok,,jo_hiver,6,Image,6,1952 / Oslo / 🇳🇴 Norvège,thumbs/jo_hiver/6.webp,full/jo_hiver/6.jpg,raster,127,170,5146,raster,900,1200,1200,900,197183,0
ok,,jo_hiver,7,Image,7,1956 / Cortina d'Ampezzo / 🇮🇹 Italie,thumbs/jo_hiver/7.webp,full/jo_hiver/7.jpg,raster,220,149,16418,raster,1200,811,1200,811,460942,1
ok,,jo_hiver,8,Image,8,1960 / Squaw Valley / 🇺🇸 États-Unis,thumbs/jo_hiver/8.webp,full/jo_hiver/8.jpg,raster,106,160,4020,raster,928,1200,1200,928,78821,22
ok,,jo_hiver,10,Image,10,1968 / Grenoble / 🇫🇷 France,thumbs/jo_hiver/10.webp,full/jo_hiver/10.jpg,raster,131,160,10318,raster,1200,787,1200,787,242346,21
ok,,jo_hiver,14,Image,14,1984 / Sarajevo / 🇷🇸 Yougoslavie,thumbs/jo_hiver/14.webp,full/jo_hiver/14.jpg,raster,93,170,4888,raster,660,1200,1200,660,91942,0
ok,,jo_hiver,15,Image,15,1988 / Calgary / 🇨🇦 Canada,thumbs/jo_hiver/15.webp,full/jo_hiver/15.jpg,raster,108,160,8862,raster,1200,904,1200,904,440089,26
ok,,jo_hiver,17,Image,17,1994 / Lillehammer / 🇳🇴 Norvège,thumbs/jo_hiver/17.webp,full/jo_hiver/17.jpg,raster,213,160,3416,raster,900,1200,1200,900,372067,24
ok,,jo_hiver,18,Image,18,1998 / Nagano / 🇯🇵 Japon,thumbs/jo_hiver/18.webp,full/jo_hiver/18.jpg,raster,90,160,3330,raster,1200,800,1200,800,237901,24
ok,,jo_hiver,19,Image,19,2002 / Salt Lake City / 🇺🇸 États-Unis,thumbs/jo_hiver/19.webp,full/jo_hiver/19.jpg,raster,240,160,6922,raster,1200,900,1200,900,327280,15
ok,,jo_hiver,20,Image,20,2006 / Turin / 🇮🇹 Italie,thumbs/jo_hiver/20.webp,full/jo_hiver/20.jpg,raster,125,170,1442,raster,884,1200,1200,884,63738,0
ok,,jo_hiver,21,Image,21,2010 / Vancouver / 🇨🇦 Canada,thumbs/jo_hiver/21.webp,full/jo_hiver/21.jpg,raster,220,146,12012,raster,1200,795,1200,795,245827,0
ok,,jo_hiver,22,Image,22,2014 / Sotchi / 🇷🇺 Russie,thumbs/jo_hiver/22.webp,full/jo_hiver/22.jpg,raster,220,146,2072,raster,1200,799,1200,799,109828,0
ok,,jo_hiver,23,Image,23,2018 / Pyeongchang / 🇰🇷 Corée du Sud,thumbs/jo_hiver/23.webp,full/jo_hiver/23.jpg,raster,160,160,6070,raster,1200,800,1200,800,138673,26
ok,,jo_hiver,24,Image,24,2022 / Pékin / 🇨🇳 Chine,thumbs/jo_hiver/24.webp,full/jo_hiver/24.jpg,raster,220,147,14182,raster,1200,800,1200,800,416929,0
ok,,jo_hiver,25,Image,25,2026 / Milan-Cortina / 🇮🇹 Italie,thumbs/jo_hiver/25.webp,full/jo_hiver/25.jpg,raster,143,160,9084,raster,1081,1200,1200,1081,99710,15
ok,,litterature,1,Image,1,L'Iliade / Homère / Grèce antique,thumbs/litterature/1.webp,full/litterature/1.jpg,raster,113,170,2700,raster,797,1200,1200,797,389539,0
ok,,litterature,2,Image,2,L'Odyssée / Homère / Grèce antique,thumbs/litterature/2.webp,full/litterature/2.jpg,raster,101,170,652,raster,711,1200,1200,711,269500,9
ok,,litterature,6,Image,6,Le Décaméron / Giovanni Boccace / 🇮🇹 Italie,thumbs/litterature/6.webp,full/litterature/6.jpg,raster,127,170,2256,raster,900,1200,1200,900,437667,0
ok,,litterature,7,Image,7,Don Quichotte / Miguel de Cervantes / 🇪🇸 Espagne,thumbs/litterature/7.webp,full/litterature/7.jpg,raster,100,160,2406,raster,748,1200,1200,748,180374,26
ok,,litterature,8,Image,8,Hamlet / William Shakespeare / 🇬🇧 Angleterre,thumbs/litterature/8.webp,full/litterature/8.jpg,raster,133,170,2150,raster,941,1200,1200,941,208770,0
ok,,litterature,10,Image,10,Le Roi Lear / William Shakespeare / 🇬🇧 Angleterre,thumbs/litterature/10.webp,full/litterature/10.jpg,raster,220,156,12760,raster,1200,849,1200,849,296488,0
ok,,litterature,11,Image,11,Les Essais / Michel de Montaigne / 🇫🇷 France,thumbs/litterature/11.webp,full/litterature/11.jpg,raster,112,170,4326,raster,793,1200,1200,793,483941,1
ok,,litterature,12,Image,12,Faust / Johann Wolfgang von Goethe / 🇩🇪 Allemagne,thumbs/litterature/12.webp,full/litterature/12.jpg,raster,94,170,3384,raster,661,1200,1200,661,175404,2
ok,,litterature,13,Image,13,Les Misérables / Victor Hugo / 🇫🇷 France,thumbs/litterature/13.webp,full/litterature/13.jpg,raster,220,169,8396,raster,1200,923,1200,923,301100,0
ok,,litterature,14,Image,14,Notre-Dame de Paris / Victor Hugo / 🇫🇷 France,thumbs/litterature/14.webp,full/litterature/14.jpg,raster,115,170,4250,raster,811,1200,1200,811,290734,0
ok,,litterature,15,Image,15,Le Rouge et le Noir / Stendhal / 🇫🇷 France,thumbs/litterature/15.webp,full/litterature/15.jpg,raster,106,170,1360,raster,748,1200,1200,748,200605,2
ok,,litterature,17,Image,17,Le Père Goriot / Honoré de Balzac / 🇫🇷 France,thumbs/litterature/17.webp,full/litterature/17.jpg,raster,104,170,1178,raster,735,1200,1200,735,131578,0
ok,,litterature,18,Image,18,Madame Bovary / Gustave Flaubert / 🇫🇷 France,thumbs/litterature/18.webp,full/litterature/18.jpg,raster,95,150,1524,raster,759,1200,1200,759,142842,3
ok,,litterature,19,Image,19,Crime et Châtiment / Fiodor Dostoïevski / 🇷🇺 Russie,thumbs/litterature/19.webp,full/litterature/19.jpg,raster,220,162,13404,raster,1200,885,1200,885,473034,0
ok,,litterature,21,Image,21,Guerre et Paix / Léon Tolstoï / 🇷🇺 Russie,thumbs/litterature/21.webp,full/litterature/21.jpg,raster,113,170,2468,raster,800,1200,1200,800,158909,1
ok,,litterature,22,Image,22,Anna Karénine / Léon Tolstoï / 🇷🇺 Russie,thumbs/litterature/22.webp,full/litterature/22.jpg,raster,99,160,1150,raster,748,1200,1200,748,61814,2
ok,,litterature,23,Image,23,Germinal / Émile Zola / 🇫🇷 France,thumbs/litterature/23.webp,full/litterature/23.jpg,raster,133,170,4094,raster,937,1200,1200,937,261979,0
ok,,litterature,25,Image,25,Moby Dick / Herman Melville / 🇺🇸 États-Unis,thumbs/litterature/25.webp,full/litterature/25.jpg,raster,220,146,13698,raster,1200,797,1200,797,345327,1
ok,,litterature,26,Image,26,Les Hauts de Hurlevent / Emily Brontë / 🇬🇧 Angleterre,thumbs/litterature/26.webp,full/litterature/26.jpg,raster,88,150,924,raster,702,1200,1200,702,115024,3
ok,,litterature,27,Image,27,Jane Eyre / Charlotte Brontë / 🇬🇧 Angleterre,thumbs/litterature/27.webp,full/litterature/27.jpg,raster,98,160,1640,raster,700,1200,1200,700,76836,25
ok,,litterature,28,Image,28,Le Portrait de Dorian Gray / Oscar Wilde / 🇮🇪 Irlande,thumbs/litterature/28.webp,full/litterature/28.jpg,raster,116,170,5980,raster,818,1200,1200,818,348816,1
ok,,litterature,31,Image,31,Mrs Dalloway / Virginia Woolf / 🇬🇧 Angleterre,thumbs/litterature/31.webp,full/litterature/31.jpg,raster,109,150,5878,raster,869,1200,1200,869,260051,0
ok,,litterature,32,Image,32,La Montagne magique / Thomas Mann / 🇩🇪 Allemagne,thumbs/litterature/32.webp,full/litterature/32.jpg,raster,120,170,6044,raster,847,1200,1200,847,293326,0
ok,,litterature,36,Image,36,La Métamorphose / Franz Kafka / 🇨🇿 Tchécoslovaquie,thumbs/litterature/36.webp,full/litterature/36.jpg,raster,93,150,1714,raster,837,1200,1200,837,291862,21
ok,,litterature,42,Image,42,L'Attrape-cœurs / J.D. Salinger / 🇺🇸 États-Unis,thumbs/litterature/42.webp,full/litterature/42.jpg,raster,129,150,7324,raster,1032,1200,1200,1032,402720,1
ok,,litterature,43,Image,43,Sur la route / Jack Kerouac / 🇺🇸 États-Unis,thumbs/litterature/43.webp,full/litterature/43.jpg,raster,99,150,2584,raster,795,1200,1200,795,214679,1
ok,,litterature,45,Image,45,Le Maître et Marguerite / Mikhaïl Boulgakov / URSS,thumbs/litterature/45.webp,full/litterature/45.jpg,raster,127,170,2912,raster,900,1200,1200,900,137294,1
ok,,litterature,47,Image,47,Le Bruit et la Fureur / William Faulkner / 🇺🇸 États-Unis,thumbs/litterature/47.webp,full/litterature/47.jpg,raster,116,170,6066,raster,817,1200,1200,817,378572,1
ok,,litterature,48,Image,48,Beloved / Toni Morrison / 🇺🇸 États-Unis,thumbs/litterature/48.webp,full/litterature/48.jpg,raster,101,150,3442,raster,811,1200,1200,811,131918,0
ok,,litterature,51,Image,51,Les Fleurs du mal / Charles Baudelaire / 🇫🇷 France,thumbs/litterature/51.webp,full/litterature/51.jpg,raster,103,170,4478,raster,724,1200,1200,724,195114,0
ok,,lunes,1,Image,1,La Lune / Terre / 384 400,thumbs/lunes/1.webp,full/lunes/1.jpg,raster,200,150,4126,raster,1200,1200,1200,1200,198435,4
ok,,lunes,2,Image,2,Phobos / Mars / 9 376,thumbs/lunes/2.webp,full/lunes/2.jpg,raster,163,160,3150,raster,1200,1200,1200,1200,222398,9
ok,,lunes,3,Image,3,Deimos / Mars / 23 463,thumbs/lunes/3.webp,full/lunes/3.jpg,raster,220,165,3082,raster,1200,900,1200,900,151889,1
ok,,lunes,4,Image,4,Métis / Jupiter / 128 000,thumbs/lunes/4.webp,full/lunes/4.jpg,raster,189,150,2416,raster,1200,1200,1200,1200,174609,24
ok,,lunes,6,Image,6,Amalthée / Jupiter / 181 400,thumbs/lunes/6.webp,full/lunes/6.jpg,raster,335,160,2362,raster,857,1200,1200,857,399533,25
ok,,lunes,7,Image,7,Thébé / Jupiter / 221 900,thumbs/lunes/7.webp,full/lunes/7.jpg,raster,160,160,1224,raster,1200,1200,1200,1200,272493,11
ok,,lunes,8,Image,8,Io / Jupiter / 421 800,thumbs/lunes/8.webp,full/lunes/8.jpg,raster,220,138,9896,raster,1200,752,1200,752,380259,0
ok,,lunes,10,Image,10,Ganymède / Jupiter / 1 070 400,thumbs/lunes/10.webp,full/lunes/10.jpg,raster,170,170,2858,raster,1200,1200,1200,1200,298140,0
ok,,lunes,11,Image,11,Callisto / Jupiter / 1 882 700,thumbs/lunes/11.webp,full/lunes/11.jpg,raster,120,170,5134,raster,848,1200,1200,848,252518,0
ok,,lunes,14,Image,14,Lysithéa / Jupiter / 11 717 000,thumbs/lunes/14.webp,full/lunes/14.jpg,raster,131,170,4092,raster,928,1200,1200,928,185472,0
ok,,lunes,15,Image,15,Elara / Jupiter / 11 741 000,thumbs/lunes/15.webp,full/lunes/15.jpg,raster,131,170,5984,raster,928,1200,1200,928,254722,0
ok,,lunes,16,Image,16,Ananke / Jupiter / 21 276 000,thumbs/lunes/16.webp,full/lunes/16.jpg,raster,131,170,3938,raster,928,1200,1200,928,136112,1
ok,,lunes,18,Image,18,Pasiphae / Jupiter / 23 624 000,thumbs/lunes/18.webp,full/lunes/18.jpg,raster,170,170,4578,raster,1200,1200,1200,1200,364354,0
ok,,lunes,19,Image,19,Sinopé / Jupiter / 23 939 000,thumbs/lunes/19.webp,full/lunes/19.jpg,raster,170,170,5076,raster,1200,1200,1200,1200,406982,0
ok,,lunes,20,Image,20,Pan / Saturne / 133 580,thumbs/lunes/20.webp,full/lunes/20.jpg,raster,200,160,2042,raster,1200,1186,1200,1186,249486,21
ok,,lunes,21,Image,21,Atlas / Saturne / 137 670,thumbs/lunes/21.webp,full/lunes/21.jpg,raster,131,170,4092,raster,928,1200,1200,928,185472,0
ok,,lunes,23,Image,23,Pandore / Saturne / 141 700,thumbs/lunes/23.webp,full/lunes/23.jpg,raster,160,160,486,raster,1200,675,1200,675,63114,18
ok,,lunes,24,Image,24,Mimas / Saturne / 185 520,thumbs/lunes/24.webp,full/lunes/24.jpg,raster,160,160,4912,raster,1200,833,1200,833,72075,19
ok,,lunes,31,Image,31,Rhéa / Saturne / 527 040,thumbs/lunes/31.webp,full/lunes/31.jpg,raster,160,160,3858,raster,1200,960,1200,960,64122,11
ok,,lunes,34,Image,34,Japet / Saturne / 3 560 820,thumbs/lunes/34.webp,full/lunes/34.jpg,raster,170,160,3072,raster,1200,1200,1200,1200,168039,5
ok,,lunes,41,Image,41,Oberon / Uranus / 583 500,thumbs/lunes/41.webp,full/lunes/41.jpg,raster,160,160,2724,raster,1200,1200,1200,1200,110219,21
ok,,lunes,47,Image,47,Galatée / Neptune / 61 953,thumbs/lunes/47.webp,full/lunes/47.jpg,raster,220,170,7190,raster,1200,925,1200,925,205309,0
ok,,lunes,49,Image,49,Protée / Neptune / 117 647,thumbs/lunes/49.webp,full/lunes/49.jpg,raster,159,160,2940,raster,1200,1200,1200,1200,154122,10
ok,,lunes,54,Image,54,Nix / Pluton / 48 694,thumbs/lunes/54.webp,full/lunes/54.jpg,raster,160,160,2792,raster,1200,1140,1200,1140,265975,8
ok,,lunes,55,Image,55,Cerbère / Pluton / 57 783,thumbs/lunes/55.webp,full/lunes/55.jpg,raster,160,160,416,raster,1200,1131,1200,1131,160802,24
ok,,mers_oceans,5,Image,5,"Mer Méditerranée / 2,5 millions km² / Méditerranée",thumbs/mers_oceans/5.webp,full/mers_oceans/5.jpg,raster,200,146,8000,raster,1200,877,1200,877,286610,0
ok,,mers_oceans,6,Image,6,"Mer des Caraïbes / 2,75 millions km² / Atlantique",thumbs/mers_oceans/6.webp,full/mers_oceans/6.jpg,raster,113,170,3480,raster,800,1200,1200,800,197705,0
ok,,mers_oceans,7,Image,7,Mer Rouge / 438 000 km² / Indien,thumbs/mers_oceans/7.webp,full/mers_oceans/7.jpg,raster,92,150,3642,raster,734,1200,1200,734,219795,0
ok,,mers_oceans,8,Image,8,Mer Baltique / 377 000 km² / Atlantique,thumbs/mers_oceans/8.webp,full/mers_oceans/8.jpg,raster,100,150,5172,raster,800,1200,1200,800,223717,3
ok,,mers_oceans,9,Image,9,"Océan Austral / 20,3 millions km² / Austral",thumbs/mers_oceans/9.webp,full/mers_oceans/9.jpg,raster,150,150,2876,raster,1200,1200,1200,1200,112646,0
ok,,mers_oceans,10,Image,10,"Mer de Chine méridionale / 3,5 millions km² / Pacifique",thumbs/mers_oceans/10.webp,full/mers_oceans/10.jpg,raster,131,170,3754,raster,928,1200,1200,928,131240,0
ok,,mers_oceans,11,Image,11,"Mer de Corail / 4,8 millions km² / Pacifique",thumbs/mers_oceans/11.webp,full/mers_oceans/11.jpg,raster,150,150,3408,raster,1200,1200,1200,1200,142811,1
ok,,mers_oceans,13,Image,13,"Mer d'Arabie / 3,8 millions km² / Indien",thumbs/mers_oceans/13.webp,full/mers_oceans/13.jpg,raster,200,113,3762,raster,1200,1134,1200,1134,329673,22
ok,,mers_oceans,14,Image,14,"Mer d'Oman / 2,0 millions km² / Indien",thumbs/mers_oceans/14.webp,full/mers_oceans/14.jpg,raster,174,150,6500,raster,1200,1032,1200,1032,300433,0
ok,,mers_oceans,15,Image,15,"Golfe du Mexique / 1,5 million km² / Atlantique",thumbs/mers_oceans/15.webp,full/mers_oceans/15.jpg,raster,200,148,8692,raster,1200,887,1200,887,294357,0
ok,,mers_oceans,16,Image,16,Golfe Persique / 251 000 km² / Indien,thumbs/mers_oceans/16.webp,full/mers_oceans/16.jpg,raster,115,150,4002,raster,923,1200,1200,923,264359,0
ok,,mers_oceans,17,Image,17,Mer du Nord / 575 000 km² / Atlantique,thumbs/mers_oceans/17.webp,full/mers_oceans/17.jpg,raster,115,150,4268,raster,918,1200,1200,918,296784,0
ok,,mers_oceans,18,Image,18,Mer Noire / 436 000 km² / Méditerranée,thumbs/mers_oceans/18.webp,full/mers_oceans/18.jpg,raster,220,147,1246,raster,1200,800,1200,800,67725,0
ok,,mers_oceans,19,Image,19,Mer Caspienne / 371 000 km² / Lac endoréique,thumbs/mers_oceans/19.webp,full/mers_oceans/19.jpg,raster,118,150,4164,raster,943,1200,1200,943,257923,0
ok,,montagnes_monde,1,Image,1,Everest / 8 849 m / Himalaya,thumbs/montagnes_monde/1.webp,full/montagnes_monde/1.jpg,raster,240,160,8670,raster,1200,800,1200,800,181019,14
ok,,montagnes_monde,2,Image,2,K2 / 8 611 m / Karakoram,thumbs/montagnes_monde/2.webp,full/montagnes_monde/2.jpg,raster,213,160,9918,raster,1200,802,1200,802,272725,26
ok,,montagnes_monde,3,Image,3,Kangchenjunga / 8 586 m / Himalaya,thumbs/montagnes_monde/3.webp,full/montagnes_monde/3.jpg,raster,284,160,15524,raster,1200,674,1200,674,272355,0
ok,,montagnes_monde,4,Image,4,Lhotse / 8 516 m / Himalaya,thumbs/montagnes_monde/4.webp,full/montagnes_monde/4.jpg,raster,220,147,2444,raster,1200,800,1200,800,79860,0
ok,,montagnes_monde,5,Image,5,Makalu / 8 485 m / Himalaya,thumbs/montagnes_monde/5.webp,full/montagnes_monde/5.jpg,raster,240,160,6650,raster,1200,797,1200,797,174747,0
ok,,montagnes_monde,6,Image,6,Cho Oyu / 8 188 m / Himalaya,thumbs/montagnes_monde/6.webp,full/montagnes_monde/6.jpg,raster,220,151,9934,raster,1200,824,1200,824,281908,0
ok,,montagnes_monde,7,Image,7,Dhaulagiri / 8 167 m / Himalaya,thumbs/montagnes_monde/7.webp,full/montagnes_monde/7.jpg,raster,243,160,8352,raster,1200,787,1200,787,210198,26
ok,,montagnes_monde,8,Image,8,Manaslu / 8 163 m / Himalaya,thumbs/montagnes_monde/8.webp,full/montagnes_monde/8.jpg,raster,240,160,5790,raster,1200,800,1200,800,277719,9
ok,,montagnes_monde,9,Image,9,Nanga Parbat / 8 126 m / Himalaya occidental,thumbs/montagnes_monde/9.webp,full/montagnes_monde/9.jpg,raster,213,160,6100,raster,1200,782,1200,782,354241,25
ok,,montagnes_monde,11,Image,11,Aconcagua / 6 961 m / Andes,thumbs/montagnes_monde/11.webp,full/montagnes_monde/11.jpg,raster,289,160,17118,raster,1200,663,1200,663,303932,1
ok,,montagnes_monde,12,Image,12,Ojos del Salado / 6 893 m / Andes,thumbs/montagnes_monde/12.webp,full/montagnes_monde/12.jpg,raster,220,135,6060,raster,1200,736,1200,736,148718,0
ok,,montagnes_monde,13,Image,13,Denali / 6 190 m / Alaska Range,thumbs/montagnes_monde/13.webp,full/montagnes_monde/13.jpg,raster,207,160,6532,raster,1200,925,1200,925,364311,1
ok,,montagnes_monde,14,Image,14,Mont Logan / 5 959 m / Saint-Élias,thumbs/montagnes_monde/14.webp,full/montagnes_monde/14.jpg,raster,244,160,12248,raster,1200,801,1200,801,311161,25
ok,,montagnes_monde,15,Image,15,Kilimandjaro / 5 895 m / Rift est-africain,thumbs/montagnes_monde/15.webp,full/montagnes_monde/15.jpg,raster,239,160,6730,raster,1200,803,1200,803,213597,0
ok,,montagnes_monde,16,Image,16,Mont Elbrouz / 5 642 m / Caucase,thumbs/montagnes_monde/16.webp,full/montagnes_monde/16.jpg,raster,220,124,8772,raster,1200,675,1200,675,324972,1
ok,,montagnes_monde,17,Image,17,Popocatepetl / 5 426 m / Axe néovolcanique,thumbs/montagnes_monde/17.webp,full/montagnes_monde/17.jpg,raster,241,160,5990,raster,1200,797,1200,797,175443,0
ok,,montagnes_monde,18,Image,18,Mont Vinson / 4 892 m,thumbs/montagnes_monde/18.webp,full/montagnes_monde/18.jpg,raster,225,160,3628,raster,1200,849,1200,849,105000,0
ok,,montagnes_monde,19,Image,19,Puncak Jaya / 4 884 m,thumbs/montagnes_monde/19.webp,full/montagnes_monde/19.jpg,raster,135,170,7106,raster,956,1200,1200,956,289733,0
ok,,montagnes_monde,20,Image,20,Mont Blanc / 4 808 m / Alpes,thumbs/montagnes_monde/20.webp,full/montagnes_monde/20.jpg,raster,213,160,8142,raster,1200,900,1200,900,250628,1
ok,,montagnes_monde,21,Image,21,Cervin / 4 478 m / Alpes,thumbs/montagnes_monde/21.webp,full/montagnes_monde/21.jpg,raster,220,147,7044,raster,1200,800,1200,800,184346,0
ok,,montagnes_monde,22,Image,22,Grand Teton / 4 199 m / Rocheuses,thumbs/montagnes_monde/22.webp,full/montagnes_monde/22.jpg,raster,106,160,4838,raster,800,1200,1200,800,329934,0
ok,,montagnes_monde,24,Image,24,Teide / 3 718 m,thumbs/montagnes_monde/24.webp,full/montagnes_monde/24.jpg,raster,208,170,19482,raster,1200,982,1200,982,700110,1
ok,,montagnes_monde,26,Image,26,Mont Olympe / 2 917 m,thumbs/montagnes_monde/26.webp,full/montagnes_monde/26.jpg,raster,220,147,10412,raster,1200,800,1200,800,333784,0
ok,,montagnes_monde,28,Image,28,Ben Nevis / 1 345 m / Grampians,thumbs/montagnes_monde/28.webp,full/montagnes_monde/28.jpg,raster,213,160,7236,raster,1200,799,1200,799,344264,22
ok,,montagnes_monde,29,Image,29,Vésuve / 1 281 m,thumbs/montagnes_monde/29.webp,full/montagnes_monde/29.jpg,raster,219,160,3470,raster,1200,668,1200,668,216982,4
ok,,montagnes_monde,30,Image,30,Table Mountain / 1 086 m,thumbs/montagnes_monde/30.webp,full/montagnes_monde/30.jpg,raster,113,170,4954,raster,800,1200,1200,800,341120,0
ok,,mouvements_peinture,1,Image,1,Art rupestre / Préhistoire / Représentations animales et humaines sur roches,thumbs/mouvements_peinture/1.webp,full/mouvements_peinture/1.jpg,raster,213,170,16974,raster,1200,959,1200,959,695510,0
ok,,mouvements_peinture,2,Image,2,"Art égyptien / 3000–30 av. J.-C. / Frontalité, hiérarchie, symbolisme religieux",thumbs/mouvements_peinture/2.webp,full/mouvements_peinture/2.jpg,raster,200,126,7672,raster,900,1200,1200,900,392810,24
ok,,mouvements_peinture,3,Image,3,"Art grec antique / 700–31 av. J.-C. / Idéalisation du corps, harmonie, proportion",thumbs/mouvements_peinture/3.webp,full/mouvements_peinture/3.jpg,raster,220,147,6200,raster,1200,801,1200,801,204787,0
ok,,mouvements_peinture,4,Image,4,"Art romain / 509 av. J.-C.–476 / Réalisme portrait, fresques narratives, mosaïques",thumbs/mouvements_peinture/4.webp,full/mouvements_peinture/4.jpg,raster,100,150,3148,raster,877,1200,1200,877,166963,23
ok,,mouvements_peinture,6,Image,6,"Art roman / XIe–XIIe s. / Austérité, symbolisme religieux, fresques d'église",thumbs/mouvements_peinture/6.webp,full/mouvements_peinture/6.jpg,raster,109,170,5108,raster,767,1200,1200,767,171779,0
ok,,mouvements_peinture,7,Image,7,"Art gothique / XIIe–XVe s. / Vitraux, enluminures, figures allongées, spiritualité",thumbs/mouvements_peinture/7.webp,full/mouvements_peinture/7.jpg,raster,180,170,4530,raster,1200,1133,1200,1133,216069,0
ok,,mouvements_peinture,8,Image,8,"Primitifs flamands / XVe s. / Réalisme minutieux, huile sur bois, lumière naturelle",thumbs/mouvements_peinture/8.webp,full/mouvements_peinture/8.jpg,raster,140,170,5190,raster,989,1200,1200,989,238747,0
ok,,mouvements_peinture,9,Image,9,"Quattrocento / XVe s. (Italie) / Perspective linéaire, humanisme",thumbs/mouvements_peinture/9.webp,full/mouvements_peinture/9.jpg,raster,200,126,9470,raster,1200,787,1200,787,310118,26
ok,,mouvements_peinture,10,Image,10,"Haute Renaissance / 1490–1527 / Idéal classique, grandeur, équilibre parfait",thumbs/mouvements_peinture/10.webp,full/mouvements_peinture/10.jpg,raster,206,170,6224,raster,1200,990,1200,990,191125,0
ok,,mouvements_peinture,11,Image,11,"Maniérisme / 1520–1600 / Distorsion, sophistication, artificialité",thumbs/mouvements_peinture/11.webp,full/mouvements_peinture/11.jpg,raster,133,170,3302,raster,937,1200,1200,937,197638,0
ok,,mouvements_peinture,12,Image,12,"Renaissance nordique / XVIe s. / Détail réaliste, paysage, symbolisme moral",thumbs/mouvements_peinture/12.webp,full/mouvements_peinture/12.jpg,raster,195,170,11490,raster,1200,1046,1200,1046,443082,0
ok,,mouvements_peinture,13,Image,13,"Baroque / 1600–1750 / Mouvement, clair-obscur, théâtralité",thumbs/mouvements_peinture/13.webp,full/mouvements_peinture/13.jpg,raster,125,170,8470,raster,1320,1800,1800,1320,1010943,0
ok,,mouvements_peinture,14,Image,14,"Classicisme français / XVIIe s. / Ordre, raison, sujets antiques",thumbs/mouvements_peinture/14.webp,full/mouvements_peinture/14.jpg,raster,220,150,13584,raster,1200,817,1200,817,466375,0
ok,,mouvements_peinture,15,Image,15,"Rococo / 1720–1780 / Légèreté, ornement, plaisir, pastel",thumbs/mouvements_peinture/15.webp,full/mouvements_peinture/15.jpg,raster,131,170,4516,raster,923,1200,1200,923,176115,0
ok,,mouvements_peinture,16,Image,16,"Néoclassicisme / 1750–1830 / Retour à l'antique, rigueur, vertu civique",thumbs/mouvements_peinture/16.webp,full/mouvements_peinture/16.jpg,raster,117,150,3084,raster,1200,950,1200,950,369271,20
ok,,mouvements_peinture,17,Image,17,"Romantisme / 1790–1850 / Émotion, nature sauvage, sublime",thumbs/mouvements_peinture/17.webp,full/mouvements_peinture/17.webp,raster,187,150,9132,raster,1249,1600,1600,1249,407762,18
ok,,mouvements_peinture,18,Image,18,"Réalisme / 1840–1880 / Représentation fidèle du quotidien, critique sociale",thumbs/mouvements_peinture/18.webp,full/mouvements_peinture/18.jpg,raster,201,170,9620,raster,1200,1016,1200,1016,252117,0
ok,,mouvements_peinture,19,Image,19,"Préraphaélisme / 1848–1860 / Retour au Moyen Âge, pureté, couleurs vives",thumbs/mouvements_peinture/19.webp,full/mouvements_peinture/19.jpg,raster,200,136,9992,raster,1200,800,1200,800,345255,25
ok,,mouvements_peinture,20,Image,20,"Impressionnisme / 1860–1886 / Lumière fugitive, touches visibles, plein air",thumbs/mouvements_peinture/20.webp,full/mouvements_peinture/20.jpg,raster,193,150,4070,raster,967,1200,1200,967,266253,19
ok,,mouvements_peinture,21,Image,21,"Post-impressionnisme / 1886–1910 / Couleur expressive, structure, sensation subjective",thumbs/mouvements_peinture/21.webp,full/mouvements_peinture/21.jpg,raster,130,170,1900,raster,915,1200,1200,915,90844,0
ok,,mouvements_peinture,22,Image,22,Pointillisme / 1886–1900 / Petites touches de couleur pure,thumbs/mouvements_peinture/22.webp,full/mouvements_peinture/22.jpg,raster,117,170,1876,raster,829,1200,1200,829,239625,1
ok,,mouvements_peinture,23,Image,23,"Symbolisme / 1885–1910 / Mystère, rêve, spiritualité",thumbs/mouvements_peinture/23.webp,full/mouvements_peinture/23.jpg,raster,212,170,6330,raster,1200,960,1200,960,270956,0
ok,,mouvements_peinture,24,Image,24,"Art nouveau / 1890–1910 / Lignes organiques, nature, arts décoratifs",thumbs/mouvements_peinture/24.webp,full/mouvements_peinture/24.jpg,raster,168,170,1686,raster,1183,1200,1200,1183,238220,0
ok,,mouvements_peinture,25,Image,25,Fauvisme / 1905–1910 / Couleurs pures et arbitraires,thumbs/mouvements_peinture/25.webp,full/mouvements_peinture/25.jpg,raster,170,170,4598,raster,1200,1200,1200,1200,360186,1
ok,,mouvements_peinture,26,Image,26,"Expressionnisme / 1905–1930 / Déformation, angoisse, subjectivité intense",thumbs/mouvements_peinture/26.webp,full/mouvements_peinture/26.jpg,raster,121,150,4094,raster,848,1200,1200,848,128958,25
ok,,mouvements_peinture,27,Image,27,"Cubisme / 1907–1925 / Multiplicité des points de vue, géométrisation",thumbs/mouvements_peinture/27.webp,full/mouvements_peinture/27.jpg,raster,145,150,6332,raster,1200,972,1200,972,386050,25
ok,,mouvements_peinture,28,Image,28,"Futurisme / 1909–1944 / Mouvement, vitesse, modernité",thumbs/mouvements_peinture/28.webp,full/mouvements_peinture/28.jpg,raster,116,170,4206,raster,816,1200,1200,816,174221,0
ok,,mouvements_peinture,29,Image,29,"Dadaïsme / 1916–1924 / Anti-art, absurde, ready-made",thumbs/mouvements_peinture/29.webp,full/mouvements_peinture/29.jpg,raster,220,147,3610,raster,1200,800,1200,800,104544,0
ok,,mouvements_peinture,30,Image,30,"Constructivisme / 1915–1930 / Art au service du politique, géométrie pure",thumbs/mouvements_peinture/30.webp,full/mouvements_peinture/30.jpg,raster,170,170,4816,raster,1200,1200,1200,1200,205548,0
ok,,mouvements_peinture,31,Image,31,"De Stijl / Néoplasticisme / 1917–1931 / Grilles, couleurs primaires, abstraction totale",thumbs/mouvements_peinture/31.webp,full/mouvements_peinture/31.jpg,raster,220,147,6676,raster,1200,800,1200,800,108010,0
ok,,mouvements_peinture,32,Image,32,"Bauhaus / 1919–1933 / Design fonctionnel, art et artisanat unifiés",thumbs/mouvements_peinture/32.webp,full/mouvements_peinture/32.jpg,raster,113,170,7542,raster,800,1200,1200,800,345972,1
ok,,mouvements_peinture,34,Image,34,"Expressionnisme abstrait / 1940–1960 / Geste, spontanéité, grand format",thumbs/mouvements_peinture/34.webp,full/mouvements_peinture/34.jpg,raster,113,170,7462,raster,798,1200,1200,798,264291,1
ok,,mouvements_peinture,35,Image,35,"Pop Art / 1955–1970 / Culture de masse, publicité, objets quotidiens",thumbs/mouvements_peinture/35.webp,full/mouvements_peinture/35.jpg,raster,113,170,5938,raster,800,1200,1200,800,303796,0
ok,,mouvements_peinture,36,Image,36,"Minimalisme / 1960–1975 / Réduction à l'essentiel, géométrie pure",thumbs/mouvements_peinture/36.webp,full/mouvements_peinture/36.jpg,raster,120,170,3464,raster,848,1200,1200,848,138942,2
ok,,mouvements_peinture,37,Image,37,Art conceptuel / 1966– / Idée prime sur l'objet,thumbs/mouvements_peinture/37.webp,full/mouvements_peinture/37.jpg,raster,115,150,4200,raster,1200,900,1200,900,409808,21
ok,,mouvements_peinture,40,Image,40,"Street Art / 1980– / Espace urbain, message social",thumbs/mouvements_peinture/40.webp,full/mouvements_peinture/40.webp,raster,200,133,10026,raster,960,1415,1415,960,476784,12
ok,,musees_monde,2,Image,2,Metropolitan Museum of Art / New York / États-Unis,thumbs/musees_monde/2.webp,full/musees_monde/2.jpg,raster,200,112,5896,raster,1200,670,1200,670,224569,0
ok,,musees_monde,3,Image,3,Musée du Prado / Madrid / Espagne,thumbs/musees_monde/3.webp,full/musees_monde/3.jpg,raster,220,165,15766,raster,1200,900,1200,900,420961,0
ok,,musees_monde,4,Image,4,British Museum / Londres / Royaume-Uni,thumbs/musees_monde/4.webp,full/musees_monde/4.jpg,raster,220,159,11930,raster,1200,868,1200,868,278323,2
ok,,musees_monde,5,Image,5,Musées du Vatican / Vatican / Vatican,thumbs/musees_monde/5.webp,full/musees_monde/5.jpg,raster,110,150,6388,raster,1200,937,1200,937,360138,14
ok,,musees_monde,7,Image,7,Museum of Modern Art / New York / États-Unis,thumbs/musees_monde/7.webp,full/musees_monde/7.jpg,raster,112,150,4292,raster,1200,801,1200,801,461413,26
ok,,musees_monde,8,Image,8,Musée de l’Ermitage / Saint-Pétersbourg / Russie,thumbs/musees_monde/8.webp,full/musees_monde/8.jpg,raster,220,166,4168,raster,1200,903,1200,903,189016,0
ok,,musees_monde,10,Image,10,Centre Pompidou / Paris / France,thumbs/musees_monde/10.webp,full/musees_monde/10.jpg,raster,100,150,3646,raster,1200,900,1200,900,230947,22
ok,,musees_monde,11,Image,11,Rijksmuseum / Amsterdam / Pays-Bas,thumbs/musees_monde/11.webp,full/musees_monde/11.jpg,raster,200,146,7646,raster,900,1200,1200,900,286739,12
ok,,musees_monde,12,Image,12,Musée Van Gogh / Amsterdam / Pays-Bas,thumbs/musees_monde/12.webp,full/musees_monde/12.jpg,raster,220,147,6888,raster,1200,800,1200,800,241587,0
ok,,musees_monde,13,Image,13,Kunsthistorisches Museum / Vienne / Autriche,thumbs/musees_monde/13.webp,full/musees_monde/13.jpg,raster,200,124,3934,raster,1200,794,1200,794,286383,25
ok,,musees_monde,14,Image,14,Musée national de Chine / Pékin / Chine,thumbs/musees_monde/14.webp,full/musees_monde/14.jpg,raster,127,170,5314,raster,900,1200,1200,900,269839,0
ok,,musees_monde,15,Image,15,Smithsonian Institution / Washington / États-Unis,thumbs/musees_monde/15.webp,full/musees_monde/15.jpg,raster,200,120,6260,raster,1200,797,1200,797,168055,16
ok,,musees_monde,16,Image,16,Musée de l’Acropole / Athènes / Grèce,thumbs/musees_monde/16.webp,full/musees_monde/16.jpg,raster,220,165,11228,raster,1200,900,1200,900,347789,0
ok,,musees_monde,17,Image,17,Musée égyptien du Caire / Le Caire / Égypte,thumbs/musees_monde/17.webp,full/musees_monde/17.jpg,raster,220,146,8158,raster,1200,796,1200,796,260428,1
ok,,musees_monde,18,Image,18,Museo Nacional de Antropología / Mexico / Mexique,thumbs/musees_monde/18.webp,full/musees_monde/18.jpg,raster,220,147,5514,raster,1200,800,1200,800,252488,0
ok,,musees_monde,19,Image,19,Tate Modern / Londres / Royaume-Uni,thumbs/musees_monde/19.webp,full/musees_monde/19.jpg,raster,200,150,6870,raster,1200,856,1200,856,322008,15
ok,,musees_monde,20,Image,20,Musée Guggenheim de Bilbao / Bilbao / Espagne,thumbs/musees_monde/20.webp,full/musees_monde/20.jpg,raster,200,133,5740,raster,1200,800,1200,800,239023,0
ok,,musees_monde,21,Image,21,Musée du quai Branly / Paris / France,thumbs/musees_monde/21.webp,full/musees_monde/21.jpg,raster,136,170,4228,raster,963,1200,1200,963,226906,0
ok,,musees_monde,23,Image,23,Musée national de Nairobi / Nairobi / Kenya,thumbs/musees_monde/23.webp,full/musees_monde/23.jpg,raster,143,170,7654,raster,1010,1200,1200,1010,436795,0
ok,,musees_monde,25,Image,25,Musée Rodin / Paris / France,thumbs/musees_monde/25.webp,full/musees_monde/25.jpg,raster,220,165,11098,raster,1200,900,1200,900,325534,0
ok,,mythologie,1,Image,1,"Zeus / Dieu olympien / Roi des dieux, foudre, ciel",thumbs/mythologie/1.webp,full/mythologie/1.jpg,raster,112,170,5488,raster,789,1200,1200,789,186246,0
ok,,mythologie,2,Image,2,"Héra / Déesse olympienne / Mariage, foyer, maternité",thumbs/mythologie/2.webp,full/mythologie/2.jpg,raster,93,170,4482,raster,658,1200,1200,658,168714,0
ok,,mythologie,3,Image,3,"Poséidon / Dieu olympien / Mer, tremblements de terre",thumbs/mythologie/3.webp,full/mythologie/3.jpg,raster,127,170,5480,raster,900,1200,1200,900,205018,1
ok,,mythologie,5,Image,5,"Athéna / Déesse olympienne / Sagesse, guerre stratégique, arts",thumbs/mythologie/5.webp,full/mythologie/5.jpg,raster,111,170,3694,raster,782,1200,1200,782,363586,0
ok,,mythologie,6,Image,6,"Apollon / Dieu olympien / Soleil, arts, prophétie, musique",thumbs/mythologie/6.webp,full/mythologie/6.jpg,raster,152,160,12526,raster,989,1200,1200,989,52727,24
ok,,mythologie,7,Image,7,"Artémis / Déesse olympienne / Chasse, Lune, nature sauvage",thumbs/mythologie/7.webp,full/mythologie/7.jpg,raster,173,160,12318,raster,900,1200,1200,900,286707,25
ok,,mythologie,9,Image,9,"Aphrodite / Déesse olympienne / Amour, beauté, désir",thumbs/mythologie/9.webp,full/mythologie/9.jpg,raster,129,160,10640,raster,951,1200,1200,951,180814,20
ok,,mythologie,10,Image,10,"Héphaïstos / Dieu olympien / Feu, forge, artisanat",thumbs/mythologie/10.webp,full/mythologie/10.jpg,raster,220,165,4528,raster,1200,900,1200,900,183290,1
ok,,mythologie,13,Image,13,"Hadès / Dieu chthonien / Monde des morts, richesses souterraines",thumbs/mythologie/13.webp,full/mythologie/13.jpg,raster,131,160,10184,raster,1194,1200,1200,1194,304883,25
ok,,mythologie,14,Image,14,"Perséphone / Déesse chthonienne / Reine des enfers, printemps",thumbs/mythologie/14.webp,full/mythologie/14.jpg,raster,94,170,3552,raster,662,1200,1200,662,141704,0
ok,,mythologie,16,Image,16,"Nyx / Déesse primordiale / Nuit, obscurité",thumbs/mythologie/16.webp,full/mythologie/16.jpg,raster,220,168,7984,raster,1200,917,1200,917,176541,0
ok,,mythologie,17,Image,17,"Chaos / Dieu primordial / Vide primordial, commencement",thumbs/mythologie/17.webp,full/mythologie/17.jpg,raster,110,160,6446,raster,653,1200,1200,653,227178,21
ok,,mythologie,18,Image,18,"Chronos / Titan / Temps, destin",thumbs/mythologie/18.webp,full/mythologie/18.jpg,raster,249,160,16942,raster,681,1200,1200,681,87388,21
ok,,mythologie,19,Image,19,"Hécate / Déesse / Magie, lune, frontières",thumbs/mythologie/20.webp,full/mythologie/19.jpg,raster,181,160,12580,raster,800,1200,1200,800,221460,22
ok,,mythologie,20,Image,20,Thanatos / Dieu chthonien / Mort paisible,thumbs/mythologie/21.webp,full/mythologie/20.jpg,raster,154,160,10340,raster,1200,801,1200,801,241699,20
ok,,mythologie,23,Image,23,"Éros / Dieu / Amour, désir",thumbs/mythologie/24.webp,full/mythologie/23.jpg,raster,103,160,3610,raster,777,1200,1200,777,150977,0
ok,,mythologie,24,Image,24,Niké / Déesse / Victoire,thumbs/mythologie/25.webp,full/mythologie/24.jpg,raster,220,146,5770,raster,1200,795,1200,795,143721,0
ok,,mythologie,25,Image,25,Prométhée / Titan / Donneur du feu aux hommes,thumbs/mythologie/26.webp,full/mythologie/25.jpg,raster,213,170,9584,raster,1200,958,1200,958,233347,0
ok,,mythologie,26,Image,26,Atlas / Titan / Porteur du monde,thumbs/mythologie/27.webp,full/mythologie/26.jpg,raster,120,160,4108,raster,900,1200,1200,900,170290,0
ok,,mythologie,29,Image,29,"Mégère / Érinye / Vengeance, jalousie",thumbs/mythologie/30.webp,full/mythologie/29.jpg,raster,140,170,4458,raster,991,1200,1200,991,314217,0
ok,,mythologie,30,Image,30,"Alecto / Érinye / Vengeance, colère implacable",thumbs/mythologie/31.webp,full/mythologie/30.jpg,raster,120,170,2944,raster,848,1200,1200,848,187098,0
ok,,mythologie,32,Image,32,"Héraclès / Héros / Force surhumaine, douze travaux",thumbs/mythologie/33.webp,full/mythologie/32.jpg,raster,220,134,9830,raster,1200,732,1200,732,182166,0
ok,,mythologie,33,Image,33,"Achille / Héros / Guerre de Troie, quasi-invincible",thumbs/mythologie/34.webp,full/mythologie/33.jpg,raster,123,170,1966,raster,870,1200,1200,870,74876,2
ok,,mythologie,34,Image,34,"Ulysse / Héros / Ruse, voyageur, guerre de Troie",thumbs/mythologie/35.webp,full/mythologie/34.jpg,raster,115,170,5596,raster,815,1200,1200,815,198660,0
ok,,mythologie,35,Image,35,Thésée / Héros / Tueur du Minotaure,thumbs/mythologie/36.webp,full/mythologie/35.jpg,raster,160,160,8760,raster,800,1200,1200,800,163422,20
ok,,mythologie,36,Image,36,"Astérion (Minotaure) / Monstre / Mi-homme mi-taureau, Labyrinthe",thumbs/mythologie/37.webp,full/mythologie/36.jpg,raster,170,170,7936,raster,1200,1200,1200,1200,327650,0
ok,,mythologie,37,Image,37,"Orphée / Héros / Musicien, voyage aux Enfers",thumbs/mythologie/38.webp,full/mythologie/37.jpg,raster,118,160,10262,raster,1130,1200,1200,1130,542731,22
ok,,mythologie,39,Image,39,Sisyphe / Héros / Condamné / Éternellement punit à rouler un rocher,thumbs/mythologie/40.webp,full/mythologie/39.jpg,raster,165,170,7706,raster,1166,1200,1200,1166,261021,0
ok,,mythologie,40,Image,40,Persée / Héros / Tueur de Méduse,thumbs/mythologie/41.webp,full/mythologie/40.jpg,raster,105,160,4576,raster,800,1200,1200,800,128190,16
ok,,mythologie,41,Image,41,"Méduse / Monstre / Gorgone, regard pétrifiant",thumbs/mythologie/42.webp,full/mythologie/41.jpg,raster,220,151,11350,raster,1200,822,1200,822,245799,0
ok,,mythologie,42,Image,42,"Icare / Héros / Fils de Dédale, chute du soleil",thumbs/mythologie/43.webp,full/mythologie/42.jpg,raster,284,160,12582,raster,1110,1200,1200,1110,260791,22
ok,,mythologie,43,Image,43,Dédale / Artisan / Architecte du Labyrinthe,thumbs/mythologie/44.webp,full/mythologie/43.jpg,raster,240,160,11376,raster,1200,798,1200,798,430786,0
ok,,mythologie,44,Image,44,Narcisse / Héros / Épris de son propre reflet,thumbs/mythologie/45.webp,full/mythologie/44.jpg,raster,155,170,9992,raster,1096,1200,1200,1096,688976,0
ok,,mythologie,45,Image,45,Écho / Nymphe / Condamnée à répéter les paroles d'autrui,thumbs/mythologie/46.webp,full/mythologie/45.jpg,raster,220,165,11262,raster,1200,900,1200,900,414196,0
ok,,mythologie,46,Image,46,Arachné / Héroïne / Monstre / Tisserande transformée en araignée par Athéna,thumbs/mythologie/47.webp,full/mythologie/46.jpg,raster,220,163,8186,raster,1200,891,1200,891,187425,0
ok,,mythologie,47,Image,47,"Œdipe / Héros tragique / Parricide involontaire, roi de Thèbes",thumbs/mythologie/48.webp,full/mythologie/47.jpg,raster,170,170,7282,raster,1200,1200,1200,1200,315850,0
ok,,mythologie,51,Image,51,Séléné / Déesse titan / Lune,thumbs/mythologie/52.webp,full/mythologie/51.jpg,raster,272,160,17118,raster,1200,1200,1200,1200,530611,22
ok,,mythologie,52,Image,52,"Tyché / Déesse / Fortune, hasard",thumbs/mythologie/53.webp,full/mythologie/52.jpg,raster,213,160,4360,raster,1200,900,1200,900,160494,0
ok,,mythologie,54,Image,54,"Cerbère / Créature / Chien à trois têtes, gardien des Enfers",thumbs/mythologie/55.webp,full/mythologie/54.jpg,raster,220,167,11308,raster,1200,911,1200,911,230134,0
ok,,mythologie,55,Image,55,"Médée / Sorcière / Héroïne / Magicienne, alliée de Jason",thumbs/mythologie/56.webp,full/mythologie/55.jpg,raster,146,170,7298,raster,1030,1200,1200,1030,246997,0
ok,,mythologie,56,Image,56,"Moros / Dieu chthonien / Destin inévitable, fils de Nyx",thumbs/mythologie/57.webp,full/mythologie/56.webp,raster,166,170,7552,raster,1229,1261,1261,1229,268202,0
ok,,mythologie,57,Image,57,Tantale / Héros / Condamné / Condamné à la faim et soif éternelles,thumbs/mythologie/58.webp,full/mythologie/57.jpg,raster,240,160,16022,raster,1200,800,1200,800,312125,1
ok,,mythologie,58,Image,58,Ixion / Héros / Condamné / Condamné sur une roue enflammée,thumbs/mythologie/59.webp,full/mythologie/58.jpg,raster,146,142,4238,raster,935,1200,1200,935,179172,25
ok,,os,19,Image,19,C1 Atlas / Colonne - Cervicale / Central,thumbs/os/19.webp,full/os/19.png,raster,160,160,2972,raster,1920,1920,1920,1920,1336963,0
ok,,os,21,Image,21,C3 / Colonne - Cervicale / Central,thumbs/os/21.webp,full/os/21.webp,raster,150,160,6912,raster,1441,1533,1533,1441,513928,0
ok,,os,37,Image,37,T12 / Colonne - Dorsale / Central,thumbs/os/37.webp,full/os/37.webp,raster,90,160,10812,raster,909,1600,1600,909,392960,1
ok,,os,38,Image,38,L1 / Colonne - Lombaire / Central,thumbs/os/38.webp,full/os/38.webp,raster,90,160,10812,raster,909,1600,1600,909,392960,1
ok,,os,40,Image,40,L3 / Colonne - Lombaire / Central,thumbs/os/40.webp,full/os/40.png,raster,160,160,3342,raster,1920,1920,1920,1920,885775,0
ok,,os,41,Image,41,L4 / Colonne - Lombaire / Central,thumbs/os/41.webp,full/os/41.webp,raster,90,160,10812,raster,909,1600,1600,909,392960,1
ok,,os,43,Image,43,Sacrum / Colonne - Sacrum / Central,thumbs/os/43.webp,full/os/43.webp,raster,77,160,4086,raster,776,1600,1600,776,120206,0
ok,,os,46,Image,46,Côte 1 / Cage thoracique / Droit/Gauche,thumbs/os/46.webp,full/os/46.webp,raster,213,160,2868,raster,1200,900,1200,900,46144,2
ok,,os,47,Image,47,Côte 2 / Cage thoracique / Droit/Gauche,thumbs/os/47.webp,full/os/47.webp,raster,213,160,2930,raster,1200,900,1200,900,46496,3
ok,,os,48,Image,48,Côte 3 / Cage thoracique / Droit/Gauche,thumbs/os/48.webp,full/os/48.webp,raster,213,160,2886,raster,1200,900,1200,900,46904,1
ok,,os,49,Image,49,Côte 4 / Cage thoracique / Droit/Gauche,thumbs/os/49.webp,full/os/49.webp,raster,213,160,2910,raster,1200,900,1200,900,46902,1
ok,,os,50,Image,50,Côte 5 / Cage thoracique / Droit/Gauche,thumbs/os/50.webp,full/os/50.webp,raster,213,160,2942,raster,1200,900,1200,900,47092,1
ok,,os,51,Image,51,Côte 6 / Cage thoracique / Droit/Gauche,thumbs/os/51.webp,full/os/51.webp,raster,213,160,2904,raster,1200,900,1200,900,47040,1
ok,,os,52,Image,52,Côte 7 / Cage thoracique / Droit/Gauche,thumbs/os/52.webp,full/os/52.webp,raster,213,160,2946,raster,1200,900,1200,900,47068,0
ok,,os,53,Image,53,Côte 8 / Cage thoracique / Droit/Gauche,thumbs/os/53.webp,full/os/53.webp,raster,213,160,2900,raster,1200,900,1200,900,47166,1
ok,,os,54,Image,54,Côte 9 / Cage thoracique / Droit/Gauche,thumbs/os/54.webp,full/os/54.webp,raster,213,160,2968,raster,1200,900,1200,900,47026,0
ok,,os,55,Image,55,Côte 10 / Cage thoracique / Droit/Gauche,thumbs/os/55.webp,full/os/55.webp,raster,213,160,3016,raster,1200,900,1200,900,47190,2
ok,,os,56,Image,56,Côte 11 (flottante) / Cage thoracique / Droit/Gauche,thumbs/os/56.webp,full/os/56.webp,raster,213,160,3388,raster,1200,900,1200,900,50434,0
ok,,os,57,Image,57,Côte 12 (flottante) / Cage thoracique / Droit/Gauche,thumbs/os/57.webp,full/os/57.webp,raster,213,160,3492,raster,1200,900,1200,900,50910,0
ok,,os,59,Image,59,Scapula (omoplate) / Épaule / Droit/Gauche,thumbs/os/59.webp,full/os/59.webp,raster,160,160,6320,raster,1600,1600,1600,1600,195428,0
ok,,os,62,Image,62,Ulna (cubitus) / Avant-bras / Droit/Gauche,thumbs/os/62.webp,full/os/62.webp,raster,160,160,4588,raster,1600,1600,1600,1600,167524,0
ok,,os,63,Image,63,Scaphoïde / Main - Carpe / Droit/Gauche,thumbs/os/63.webp,full/os/63.png,raster,213,160,2352,raster,1200,900,1200,900,40316,1
ok,,os,64,Image,64,Lunatum / Main - Carpe / Droit/Gauche,thumbs/os/64.webp,full/os/64.png,raster,213,160,2196,raster,1200,900,1200,900,35771,0
ok,,os,65,Image,65,Triquétrum / Main - Carpe / Droit/Gauche,thumbs/os/65.webp,full/os/65.png,raster,213,160,2336,raster,1200,900,1200,900,36879,0
ok,,os,66,Image,66,Pisiforme / Main - Carpe / Droit/Gauche,thumbs/os/66.webp,full/os/66.png,raster,213,160,2258,raster,1200,900,1200,900,37862,2
ok,,os,67,Image,67,Trapèze / Main - Carpe / Droit/Gauche,thumbs/os/67.webp,full/os/67.png,raster,213,160,2226,raster,1200,900,1200,900,36838,0
ok,,os,68,Image,68,Trapézoïde / Main - Carpe / Droit/Gauche,thumbs/os/68.webp,full/os/68.png,raster,213,160,2310,raster,1200,900,1200,900,38728,2
ok,,os,69,Image,69,Grand os (capitatum) / Main - Carpe / Droit/Gauche,thumbs/os/69.webp,full/os/69.png,raster,213,160,2694,raster,1200,900,1200,900,43775,0
ok,,os,70,Image,70,Hamatum / Main - Carpe / Droit/Gauche,thumbs/os/70.webp,full/os/70.png,raster,213,160,2250,raster,1200,900,1200,900,35600,1
ok,,os,71,Image,71,Métacarpien 1 / Main - Métacarpe / Droit/Gauche,thumbs/os/71.webp,full/os/71.png,raster,160,160,3612,raster,1920,1920,1920,1920,721861,0
ok,,os,72,Image,72,Métacarpien 2 / Main - Métacarpe / Droit/Gauche,thumbs/os/72.webp,full/os/72.png,raster,160,160,3612,raster,1920,1920,1920,1920,721861,0
ok,,os,74,Image,74,Métacarpien 4 / Main - Métacarpe / Droit/Gauche,thumbs/os/74.webp,full/os/74.png,raster,160,160,3612,raster,1920,1920,1920,1920,721861,0
ok,,os,75,Image,75,Métacarpien 5 / Main - Métacarpe / Droit/Gauche,thumbs/os/75.webp,full/os/75.png,raster,160,160,3612,raster,1920,1920,1920,1920,721861,0
ok,,os,76,Image,76,Phalange prox. pouce / Main - Phalanges / Droit/Gauche,thumbs/os/76.webp,full/os/76.webp,raster,213,160,2804,raster,1200,900,1200,900,37104,0
ok,,os,77,Image,77,Phalange dist. pouce / Main - Phalanges / Droit/Gauche,thumbs/os/77.webp,full/os/77.png,raster,166,160,5464,raster,1920,1850,1920,1850,502834,1
ok,,os,78,Image,78,Phalange prox. index / Main - Phalanges / Droit/Gauche,thumbs/os/78.webp,full/os/78.webp,raster,213,160,2774,raster,1200,900,1200,900,36756,0
ok,,os,79,Image,79,Phalange méd. index / Main - Phalanges / Droit/Gauche,thumbs/os/79.webp,full/os/79.png,raster,166,160,5464,raster,1920,1850,1920,1850,502834,1
ok,,os,80,Image,80,Phalange dist. index / Main - Phalanges / Droit/Gauche,thumbs/os/80.webp,full/os/80.png,raster,166,160,5464,raster,1920,1850,1920,1850,502834,1
ok,,os,81,Image,81,Phalange prox. majeur / Main - Phalanges / Droit/Gauche,thumbs/os/81.webp,full/os/81.webp,raster,213,160,2838,raster,1200,900,1200,900,37068,0
ok,,os,82,Image,82,Phalange méd. majeur / Main - Phalanges / Droit/Gauche,thumbs/os/82.webp,full/os/82.webp,raster,213,160,2812,raster,1200,900,1200,900,36910,0
ok,,os,83,Image,83,Phalange dist. majeur / Main - Phalanges / Droit/Gauche,thumbs/os/83.webp,full/os/83.png,raster,166,160,5464,raster,1920,1850,1920,1850,502834,1
ok,,os,84,Image,84,Phalange prox. annulaire / Main - Phalanges / Droit/Gauche,thumbs/os/84.webp,full/os/84.webp,raster,213,160,2904,raster,1200,900,1200,900,37786,0
ok,,os,85,Image,85,Phalange méd. annulaire / Main - Phalanges / Droit/Gauche,thumbs/os/85.webp,full/os/85.png,raster,166,160,5464,raster,1920,1850,1920,1850,502834,1
ok,,os,86,Image,86,Phalange dist. annulaire / Main - Phalanges / Droit/Gauche,thumbs/os/86.webp,full/os/86.png,raster,166,160,5464,raster,1920,1850,1920,1850,502834,1
ok,,os,87,Image,87,Phalange prox. auriculaire / Main - Phalanges / Droit/Gauche,thumbs/os/87.webp,full/os/87.webp,raster,213,160,2944,raster,1200,900,1200,900,38376,0
ok,,os,88,Image,88,Phalange méd. auriculaire / Main - Phalanges / Droit/Gauche,thumbs/os/88.webp,full/os/88.webp,raster,213,160,2924,raster,1200,900,1200,900,38166,0
ok,,os,89,Image,89,Phalange dist. auriculaire / Main - Phalanges / Droit/Gauche,thumbs/os/89.webp,full/os/89.png,raster,166,160,5464,raster,1920,1850,1920,1850,502834,1
ok,,os,93,Image,93,Fémur / Cuisse / Droit/Gauche,thumbs/os/93.webp,full/os/93.webp,raster,160,160,2576,raster,1600,1600,1600,1600,104250,0
ok,,os,96,Image,96,Fibula (péroné) / Jambe / Droit/Gauche,thumbs/os/96.webp,full/os/96.webp,raster,160,160,2392,raster,1600,1600,1600,1600,97594,1
ok,,os,97,Image,97,Calcanéum / Pied - Tarse / Droit/Gauche,thumbs/os/97.webp,full/os/97.png,raster,213,160,2324,raster,1200,900,1200,900,35847,0
ok,,os,98,Image,98,Talus (astragale) / Pied - Tarse / Droit/Gauche,thumbs/os/98.webp,full/os/98.png,raster,213,160,2538,raster,1200,900,1200,900,37180,0
ok,,os,99,Image,99,Naviculaire / Pied - Tarse / Droit/Gauche,thumbs/os/99.webp,full/os/99.png,raster,213,160,2338,raster,1200,900,1200,900,35012,0
ok,,os,100,Image,100,Cunéiforme médial / Pied - Tarse / Droit/Gauche,thumbs/os/100.webp,full/os/100.png,raster,213,160,2592,raster,1200,900,1200,900,37345,0
ok,,os,101,Image,101,Cunéiforme intermédiaire / Pied - Tarse / Droit/Gauche,thumbs/os/101.webp,full/os/101.png,raster,213,160,2796,raster,1200,900,1200,900,38174,0
ok,,os,102,Image,102,Cunéiforme latéral / Pied - Tarse / Droit/Gauche,thumbs/os/102.webp,full/os/102.png,raster,213,160,2544,raster,1200,900,1200,900,37042,0
ok,,os,103,Image,103,Cuboïde / Pied - Tarse / Droit/Gauche,thumbs/os/103.webp,full/os/103.png,raster,213,160,2308,raster,1200,900,1200,900,35473,2
ok,,os,104,Image,104,Métatarsien 1 / Pied - Métatarse / Droit/Gauche,thumbs/os/104.webp,full/os/104.webp,raster,82,160,2436,raster,827,1600,1600,827,131714,0
ok,,os,105,Image,105,Métatarsien 2 / Pied - Métatarse / Droit/Gauche,thumbs/os/105.webp,full/os/105.webp,raster,82,160,2436,raster,827,1600,1600,827,131714,0
ok,,os,106,Image,106,Métatarsien 3 / Pied - Métatarse / Droit/Gauche,thumbs/os/106.webp,full/os/106.png,raster,160,160,2688,raster,1920,1920,1920,1920,718025,0
ok,,os,107,Image,107,Métatarsien 4 / Pied - Métatarse / Droit/Gauche,thumbs/os/107.webp,full/os/107.png,raster,160,160,2688,raster,1920,1920,1920,1920,718025,0
ok,,os,108,Image,108,Métatarsien 5 / Pied - Métatarse / Droit/Gauche,thumbs/os/108.webp,full/os/108.png,raster,160,160,2688,raster,1920,1920,1920,1920,718025,0
ok,,os,109,Image,109,Phalange prox. gros orteil / Pied - Orteils / Droit/Gauche,thumbs/os/109.webp,full/os/109.png,raster,213,160,2864,raster,1200,900,1200,900,39049,2
ok,,os,110,Image,110,Phalange dist. gros orteil / Pied - Orteils / Droit/Gauche,thumbs/os/110.webp,full/os/110.png,raster,213,160,2786,raster,1200,900,1200,900,38007,0
ok,,os,111,Image,111,Phalange prox. 2e orteil / Pied - Orteils / Droit/Gauche,thumbs/os/111.webp,full/os/111.png,raster,213,160,2770,raster,1200,900,1200,900,38858,0
ok,,os,112,Image,112,Phalange méd. 2e orteil / Pied - Orteils / Droit/Gauche,thumbs/os/112.webp,full/os/112.png,raster,213,160,2732,raster,1200,900,1200,900,38362,1
ok,,os,113,Image,113,Phalange dist. 2e orteil / Pied - Orteils / Droit/Gauche,thumbs/os/113.webp,full/os/113.png,raster,213,160,2724,raster,1200,900,1200,900,38742,1
ok,,os,114,Image,114,Phalange prox. 3e orteil / Pied - Orteils / Droit/Gauche,thumbs/os/114.webp,full/os/114.png,raster,213,160,2784,raster,1200,900,1200,900,38931,0
ok,,os,115,Image,115,Phalange méd. 3e orteil / Pied - Orteils / Droit/Gauche,thumbs/os/115.webp,full/os/115.png,raster,213,160,2738,raster,1200,900,1200,900,38627,0
ok,,os,116,Image,116,Phalange dist. 3e orteil / Pied - Orteils / Droit/Gauche,thumbs/os/116.webp,full/os/116.png,raster,213,160,2722,raster,1200,900,1200,900,38949,1
ok,,os,117,Image,117,Phalange prox. 4e orteil / Pied - Orteils / Droit/Gauche,thumbs/os/117.webp,full/os/117.png,raster,213,160,2792,raster,1200,900,1200,900,38141,0
ok,,os,118,Image,118,Phalange méd. 4e orteil / Pied - Orteils / Droit/Gauche,thumbs/os/118.webp,full/os/118.png,raster,213,160,2762,raster,1200,900,1200,900,37818,0
ok,,os,119,Image,119,Phalange dist. 4e orteil / Pied - Orteils / Droit/Gauche,thumbs/os/119.webp,full/os/119.png,raster,213,160,2712,raster,1200,900,1200,900,38208,1
ok,,os,120,Image,120,Phalange prox. 5e orteil / Pied - Orteils / Droit/Gauche,thumbs/os/120.webp,full/os/120.png,raster,213,160,2804,raster,1200,900,1200,900,38674,1
ok,,os,121,Image,121,Phalange méd. 5e orteil / Pied - Orteils / Droit/Gauche,thumbs/os/121.webp,full/os/121.png,raster,213,160,2736,raster,1200,900,1200,900,38320,1
ok,,os,122,Image,122,Phalange dist. 5e orteil / Pied - Orteils / Droit/Gauche,thumbs/os/122.webp,full/os/122.png,raster,213,160,2742,raster,1200,900,1200,900,38708,1
ok,,parcs_nationaux,1,Image,1,Yellowstone / États-Unis / 1872,thumbs/parcs_nationaux/1.webp,full/parcs_nationaux/1.jpg,raster,220,156,12370,raster,1200,850,1200,850,371293,0
ok,,parcs_nationaux,2,Image,2,Yosemite / États-Unis / 1890,thumbs/parcs_nationaux/2.webp,full/parcs_nationaux/2.jpg,raster,113,170,7480,raster,800,1200,1200,800,461063,1
ok,,parcs_nationaux,3,Image,3,Banff / Canada / 1885,thumbs/parcs_nationaux/3.webp,full/parcs_nationaux/3.jpg,raster,200,150,7966,raster,1200,783,1200,783,355616,12
ok,,parcs_nationaux,4,Image,4,Kruger / Afrique du Sud / 1926,thumbs/parcs_nationaux/4.webp,full/parcs_nationaux/4.jpg,raster,200,133,6920,raster,1200,800,1200,800,167262,23
ok,,parcs_nationaux,5,Image,5,Serengeti / Tanzanie / 1951,thumbs/parcs_nationaux/5.webp,full/parcs_nationaux/5.jpg,raster,200,115,4714,raster,1200,691,1200,691,229366,0
ok,,parcs_nationaux,6,Image,6,Torres del Paine / Chili / 1959,thumbs/parcs_nationaux/6.webp,full/parcs_nationaux/6.jpg,raster,119,150,6140,raster,1200,766,1200,766,347503,24
ok,,parcs_nationaux,7,Image,7,Fiordland / Nouvelle-Zélande / 1952,thumbs/parcs_nationaux/7.webp,full/parcs_nationaux/7.jpg,raster,200,133,10500,raster,1200,800,1200,800,264212,25
ok,,parcs_nationaux,9,Image,9,Grand Canyon / États-Unis / 1919,thumbs/parcs_nationaux/9.webp,full/parcs_nationaux/9.jpg,raster,200,133,8224,raster,1200,800,1200,800,437196,24
ok,,parcs_nationaux,10,Image,10,Galápagos / Équateur / 1959,thumbs/parcs_nationaux/10.webp,full/parcs_nationaux/10.jpg,raster,220,165,10262,raster,1200,900,1200,900,281472,0
ok,,parcs_nationaux,11,Image,11,Iguaçu / Argentine / Brésil / 1934,thumbs/parcs_nationaux/11.webp,full/parcs_nationaux/11.jpg,raster,220,146,9050,raster,1200,796,1200,796,304982,0
ok,,parcs_nationaux,12,Image,12,Everglades / États-Unis / 1947,thumbs/parcs_nationaux/12.webp,full/parcs_nationaux/12.jpg,raster,131,170,7570,raster,928,1200,1200,928,277320,0
ok,,parcs_nationaux,13,Image,13,Récif de la Grande Barrière / Australie / 1975,thumbs/parcs_nationaux/13.webp,full/parcs_nationaux/13.jpg,raster,199,150,5952,raster,1200,800,1200,800,398015,23
ok,,parcs_nationaux,15,Image,15,Grand Paradis / Italie / 1922,thumbs/parcs_nationaux/15.webp,full/parcs_nationaux/15.jpg,raster,220,162,7612,raster,1200,884,1200,884,231973,0
ok,,parcs_nationaux,16,Image,16,Virunga / RDC / 1925,thumbs/parcs_nationaux/16.webp,full/parcs_nationaux/16.jpg,raster,200,150,5370,raster,1084,1200,1200,1084,305768,9
ok,,parcs_nationaux,17,Image,17,Sagarmatha / Népal / 1976,thumbs/parcs_nationaux/17.webp,full/parcs_nationaux/17.jpg,raster,200,133,6118,raster,1200,800,1200,800,314744,0
ok,,parcs_nationaux,18,Image,18,Jiuzhaigou / Chine / 1978,thumbs/parcs_nationaux/18.webp,full/parcs_nationaux/18.jpg,raster,194,170,10802,raster,1200,1053,1200,1053,327176,0
ok,,parcs_nationaux,19,Image,19,Sundarbans / Bangladesh / Inde / 1984,thumbs/parcs_nationaux/19.webp,full/parcs_nationaux/19.jpg,raster,200,133,7438,raster,1200,800,1200,800,516771,25
ok,,parcs_nationaux,20,Image,20,Kaziranga / Inde / 1974,thumbs/parcs_nationaux/20.webp,full/parcs_nationaux/20.jpg,raster,220,165,7376,raster,1200,900,1200,900,232118,0
ok,,parcs_nationaux,22,Image,22,Cévennes / France / 1970,thumbs/parcs_nationaux/22.webp,full/parcs_nationaux/22.jpg,raster,200,143,3734,raster,1200,829,1200,829,309910,8
ok,,parcs_nationaux,23,Image,23,Pyrénées / France / 1967,thumbs/parcs_nationaux/23.webp,full/parcs_nationaux/23.jpg,raster,200,150,6040,raster,1200,720,1200,720,330641,14
ok,,parcs_nationaux,24,Image,24,Pantanal / Brésil / 1981,thumbs/parcs_nationaux/24.webp,full/parcs_nationaux/24.jpg,raster,217,170,10186,raster,1200,942,1200,942,281849,2
ok,,parcs_nationaux,25,Image,25,Okavango / Botswana / 2019,thumbs/parcs_nationaux/25.webp,full/parcs_nationaux/25.jpg,raster,200,133,5862,raster,1200,798,1200,798,353019,0
ok,,parcs_nationaux,26,Image,26,Białowieża / Pologne / Biélorussie / 1932,thumbs/parcs_nationaux/26.webp,full/parcs_nationaux/26.jpg,raster,200,133,11776,raster,1200,797,1200,797,530115,0
ok,,parcs_nationaux,27,Image,27,Simien / Éthiopie / 1969,thumbs/parcs_nationaux/27.webp,full/parcs_nationaux/27.jpg,raster,200,133,1928,raster,1200,801,1200,801,100523,0
ok,,parcs_nationaux,28,Image,28,Bwindi / Ouganda / 1991,thumbs/parcs_nationaux/28.webp,full/parcs_nationaux/28.jpg,raster,200,150,14540,raster,1200,900,1200,900,396562,25
ok,,pays,1,Drapeau,1,🇦🇫 Afghanistan / Kaboul / Asie,thumbs/pays/1.svg,full/pays/1.svg,svg,,,222005,svg,,,,,222005,
ok,,pays,2,Drapeau,2,🇿🇦 Afrique du Sud / Pretoria / Afrique,thumbs/pays/2.svg,full/pays/2.svg,svg,,,566,svg,,,,,566,
ok,,pays,3,Drapeau,3,🇦🇱 Albanie / Tirana / Europe,thumbs/pays/3.svg,full/pays/3.svg,svg,,,9425,svg,,,,,9425,
ok,,pays,4,Drapeau,4,🇩🇿 Algérie / Alger / Afrique,thumbs/pays/4.svg,full/pays/4.svg,svg,,,285,svg,,,,,285,
ok,,pays,5,Drapeau,5,🇩🇪 Allemagne / Berlin / Europe,thumbs/pays/5.svg,full/pays/5.svg,svg,,,186,svg,,,,,186,
ok,,pays,6,Drapeau,6,🇦🇩 Andorre / Andorre-la-Vieille / Europe,thumbs/pays/6.svg,full/pays/6.svg,svg,,,54926,svg,,,,,54926,
ok,,pays,7,Drapeau,7,🇦🇴 Angola / Luanda / Afrique,thumbs/pays/7.svg,full/pays/7.svg,svg,,,2225,svg,,,,,2225,
ok,,pays,8,Drapeau,8,🇦🇬 Antigua-et-Barbuda / Saint John's / Amérique,thumbs/pays/8.svg,full/pays/8.svg,svg,,,483,svg,,,,,483,
ok,,pays,9,Drapeau,9,🇸🇦 Arabie saoudite / Riyad / Asie,thumbs/pays/9.svg,full/pays/9.svg,svg,,,24613,svg,,,,,24613,
ok,,pays,10,Drapeau,10,🇦🇷 Argentine / Buenos Aires / Amérique,thumbs/pays/10.svg,full/pays/10.svg,svg,,,4003,svg,,,,,4003,
ok,,pays,11,Drapeau,11,🇦🇲 Arménie / Erevan / Asie,thumbs/pays/11.svg,full/pays/11.svg,svg,,,201,svg,,,,,201,
ok,,pays,12,Drapeau,12,🇦🇺 Australie / Canberra / Océanie,thumbs/pays/12.svg,full/pays/12.svg,svg,,,1307,svg,,,,,1307,
ok,,pays,13,Drapeau,13,🇦🇹 Autriche / Vienne / Europe,thumbs/pays/13.svg,full/pays/13.svg,svg,,,154,svg,,,,,154,
ok,,pays,14,Drapeau,14,🇦🇿 Azerbaïdjan / Bakou / Asie,thumbs/pays/14.svg,full/pays/14.svg,svg,,,519,svg,,,,,519,
ok,,pays,15,Drapeau,15,🇧🇸 Bahamas / Nassau / Amérique,thumbs/pays/15.svg,full/pays/15.svg,svg,,,195,svg,,,,,195,
ok,,pays,16,Drapeau,16,🇧🇭 Bahreïn / Manama / Asie,thumbs/pays/16.svg,full/pays/16.svg,svg,,,218,svg,,,,,218,
ok,,pays,17,Drapeau,17,🇧🇩 Bangladesh / Dacca / Asie,thumbs/pays/17.svg,full/pays/17.svg,svg,,,150,svg,,,,,150,
ok,,pays,18,Drapeau,18,🇧🇧 Barbade / Bridgetown / Amérique,thumbs/pays/18.svg,full/pays/18.svg,svg,,,606,svg,,,,,606,
ok,,pays,19,Drapeau,19,🇧🇪 Belgique / Bruxelles / Europe,thumbs/pays/19.svg,full/pays/19.svg,svg,,,182,svg,,,,,182,
ok,,pays,20,Drapeau,20,🇧🇿 Belize / Belmopan / Amérique,thumbs/pays/20.svg,full/pays/20.svg,svg,,,80883,svg,,,,,80883,
ok,,pays,21,Drapeau,21,🇧🇯 Bénin / Porto-Novo / Afrique,thumbs/pays/21.svg,full/pays/21.svg,svg,,,197,svg,,,,,197,
ok,,pays,22,Drapeau,22,🇧🇹 Bhoutan / Thimphou / Asie,thumbs/pays/22.svg,full/pays/22.svg,svg,,,36820,svg,,,,,36820,
ok,,pays,23,Drapeau,23,🇧🇾 Biélorussie / Minsk / Europe,thumbs/pays/23.svg,full/pays/23.svg,svg,,,1959,svg,,,,,1959,
ok,,pays,24,Drapeau,24,🇧🇴 Bolivie / Sucre / Amérique,thumbs/pays/24.svg,full/pays/24.svg,svg,,,240385,svg,,,,,240385,
ok,,pays,25,Drapeau,25,🇧🇦 Bosnie-Herzégovine / Sarajevo / Europe,thumbs/pays/25.svg,full/pays/25.svg,svg,,,437,svg,,,,,437,
ok,,pays,26,Drapeau,26,🇧🇼 Botswana / Gaborone / Afrique,thumbs/pays/26.svg,full/pays/26.svg,svg,,,193,svg,,,,,193,
ok,,pays,27,Drapeau,27,🇧🇷 Brésil / Brasilia / Amérique,thumbs/pays/27.svg,full/pays/27.svg,svg,,,4160,svg,,,,,4160,
ok,,pays,28,Drapeau,28,🇧🇳 Brunei / Bandar Seri Begawan / Asie,thumbs/pays/28.svg,full/pays/28.svg,svg,,,20922,svg,,,,,20922,
ok,,pays,29,Drapeau,29,🇧🇬 Bulgarie / Sofia / Europe,thumbs/pays/29.svg,full/pays/29.svg,svg,,,201,svg,,,,,201,
ok,,pays,30,Drapeau,30,🇧🇫 Burkina Faso / Ouagadougou / Afrique,thumbs/pays/30.svg,full/pays/30.svg,svg,,,568,svg,,,,,568,
ok,,pays,31,Drapeau,31,🇧🇮 Burundi / Gitega / Afrique,thumbs/pays/31.svg,full/pays/31.svg,svg,,,633,svg,,,,,633,
ok,,pays,32,Drapeau,32,🇨🇻 Cabo Verde / Praia / Afrique,thumbs/pays/32.svg,full/pays/32.svg,svg,,,1494,svg,,,,,1494,
ok,,pays,33,Drapeau,33,🇰🇭 Cambodge / Phnom Penh / Asie,thumbs/pays/33.svg,full/pays/33.svg,svg,,,10048,svg,,,,,10048,
ok,,pays,34,Drapeau,34,🇨🇲 Cameroun / Yaoundé / Afrique,thumbs/pays/34.svg,full/pays/34.svg,svg,,,266,svg,,,,,266,
ok,,pays,35,Drapeau,35,🇨🇦 Canada / Ottawa / Amérique,thumbs/pays/35.svg,full/pays/35.svg,svg,,,658,svg,,,,,658,
ok,,pays,36,Drapeau,36,🇨🇫 Centrafrique / Bangui / Afrique,thumbs/pays/36.svg,full/pays/36.svg,svg,,,331,svg,,,,,331,
ok,,pays,37,Drapeau,37,🇨🇱 Chili / Santiago / Amérique,thumbs/pays/37.svg,full/pays/37.svg,svg,,,592,svg,,,,,592,
ok,,pays,38,Drapeau,38,🇨🇳 Chine / Pékin / Asie,thumbs/pays/38.svg,full/pays/38.svg,svg,,,536,svg,,,,,536,
ok,,pays,39,Drapeau,39,🇨🇾 Chypre / Nicosie / Europe,thumbs/pays/39.svg,full/pays/39.svg,svg,,,22643,svg,,,,,22643,
ok,,pays,40,Drapeau,40,🇨🇴 Colombie / Bogota / Amérique,thumbs/pays/40.svg,full/pays/40.svg,svg,,,201,svg,,,,,201,
ok,,pays,41,Drapeau,41,🇰🇲 Comores / Moroni / Afrique,thumbs/pays/41.svg,full/pays/41.svg,svg,,,558,svg,,,,,558,
ok,,pays,42,Drapeau,42,🇨🇩 Congo (RDC) / Kinshasa / Afrique,thumbs/pays/42.svg,full/pays/42.svg,svg,,,307,svg,,,,,307,
ok,,pays,43,Drapeau,43,🇨🇬 Congo (Rép.) / Brazzaville / Afrique,thumbs/pays/43.svg,full/pays/43.svg,svg,,,203,svg,,,,,203,
ok,,pays,44,Drapeau,44,🇰🇵 Corée du Nord / Pyongyang / Asie,thumbs/pays/44.svg,full/pays/44.svg,svg,,,334,svg,,,,,334,
ok,,pays,45,Drapeau,45,🇰🇷 Corée du Sud / Séoul / Asie,thumbs/pays/45.svg,full/pays/45.svg,svg,,,817,svg,,,,,817,
ok,,pays,46,Drapeau,46,🇨🇷 Costa Rica / San José / Amérique,thumbs/pays/46.svg,full/pays/46.svg,svg,,,63168,svg,,,,,63168,
ok,,pays,47,Drapeau,47,🇨🇮 Côte d'Ivoire / Yamoussoukro / Afrique,thumbs/pays/47.svg,full/pays/47.svg,svg,,,194,svg,,,,,194,
ok,,pays,48,Drapeau,48,🇭🇷 Croatie / Zagreb / Europe,thumbs/pays/48.svg,full/pays/48.svg,svg,,,81475,svg,,,,,81475,
ok,,pays,49,Drapeau,49,🇨🇺 Cuba / La Havane / Amérique,thumbs/pays/49.svg,full/pays/49.svg,svg,,,282,svg,,,,,282,
ok,,pays,50,Drapeau,50,🇩🇰 Danemark / Copenhague / Europe,thumbs/pays/50.svg,full/pays/50.svg,svg,,,165,svg,,,,,165,
ok,,pays,51,Drapeau,51,🇩🇯 Djibouti / Djibouti / Afrique,thumbs/pays/51.svg,full/pays/51.svg,svg,,,371,svg,,,,,371,
ok,,pays,52,Drapeau,52,🇩🇲 Dominique / Roseau / Amérique,thumbs/pays/52.svg,full/pays/52.svg,svg,,,4810,svg,,,,,4810,
ok,,pays,53,Drapeau,53,🇪🇬 Égypte / Le Caire / Afrique,thumbs/pays/53.svg,full/pays/53.svg,svg,,,18351,svg,,,,,18351,
ok,,pays,54,Drapeau,54,🇦🇪 Émirats arabes unis / Abou Dabi / Asie,thumbs/pays/54.svg,full/pays/54.svg,svg,,,228,svg,,,,,228,
ok,,pays,55,Drapeau,55,🇪🇨 Équateur / Quito / Amérique,thumbs/pays/55.svg,full/pays/55.svg,svg,,,216988,svg,,,,,216988,
ok,,pays,56,Drapeau,56,🇪🇷 Érythrée / Asmara / Afrique,thumbs/pays/56.svg,full/pays/56.svg,svg,,,3251,svg,,,,,3251,
ok,,pays,57,Drapeau,57,🇪🇸 Espagne / Madrid / Europe,thumbs/pays/57.svg,full/pays/57.svg,svg,,,153035,svg,,,,,153035,
ok,,pays,58,Drapeau,58,🇪🇪 Estonie / Tallinn / Europe,thumbs/pays/58.svg,full/pays/58.svg,svg,,,183,svg,,,,,183,
ok,,pays,59,Drapeau,59,🇸🇿 Eswatini / Mbabane / Afrique,thumbs/pays/59.svg,full/pays/59.svg,svg,,,6472,svg,,,,,6472,
ok,,pays,60,Drapeau,60,🇺🇸 États-Unis / Washington / Amérique,thumbs/pays/60.svg,full/pays/60.svg,svg,,,765,svg,,,,,765,
ok,,pays,61,Drapeau,61,🇪🇹 Éthiopie / Addis-Abeba / Afrique,thumbs/pays/61.svg,full/pays/61.svg,svg,,,809,svg,,,,,809,
ok,,pays,62,Drapeau,62,🇫🇯 Fidji / Suva / Océanie,thumbs/pays/62.svg,full/pays/62.svg,svg,,,40121,svg,,,,,40121,
ok,,pays,63,Drapeau,63,🇫🇮 Finlande / Helsinki / Europe,thumbs/pays/63.svg,full/pays/63.svg,svg,,,194,svg,,,,,194,
ok,,pays,64,Drapeau,64,🇫🇷 France / Paris / Europe,thumbs/pays/64.svg,full/pays/64.svg,svg,,,191,svg,,,,,191,
ok,,pays,65,Drapeau,65,🇬🇦 Gabon / Libreville / Afrique,thumbs/pays/65.svg,full/pays/65.svg,svg,,,201,svg,,,,,201,
ok,,pays,66,Drapeau,66,🇬🇲 Gambie / Banjul / Afrique,thumbs/pays/66.svg,full/pays/66.svg,svg,,,246,svg,,,,,246,
ok,,pays,67,Drapeau,67,🇬🇪 Géorgie / Tbilissi / Asie,thumbs/pays/67.svg,full/pays/67.svg,svg,,,481,svg,,,,,481,
ok,,pays,68,Drapeau,68,🇬🇭 Ghana / Accra / Afrique,thumbs/pays/68.svg,full/pays/68.svg,svg,,,255,svg,,,,,255,
ok,,pays,69,Drapeau,69,🇬🇷 Grèce / Athènes / Europe,thumbs/pays/69.svg,full/pays/69.svg,svg,,,231,svg,,,,,231,
ok,,pays,70,Drapeau,70,🇬🇩 Grenade / Saint-Georges / Amérique,thumbs/pays/70.svg,full/pays/70.svg,svg,,,1101,svg,,,,,1101,
ok,,pays,71,Drapeau,71,🇬🇹 Guatemala / Guatemala City / Amérique,thumbs/pays/71.svg,full/pays/71.svg,svg,,,55531,svg,,,,,55531,
ok,,pays,72,Drapeau,72,🇬🇳 Guinée / Conakry / Afrique,thumbs/pays/72.svg,full/pays/72.svg,svg,,,205,svg,,,,,205,
ok,,pays,73,Drapeau,73,🇬🇶 Guinée équatoriale / Malabo / Afrique,thumbs/pays/73.svg,full/pays/73.svg,svg,,,5658,svg,,,,,5658,
ok,,pays,74,Drapeau,74,🇬🇼 Guinée-Bissau / Bissau / Afrique,thumbs/pays/74.svg,full/pays/74.svg,svg,,,583,svg,,,,,583,
ok,,pays,75,Drapeau,75,🇬🇾 Guyana / Georgetown / Amérique,thumbs/pays/75.svg,full/pays/75.svg,svg,,,447,svg,,,,,447,
ok,,pays,76,Drapeau,76,🇭🇹 Haïti / Port-au-Prince / Amérique,thumbs/pays/76.svg,full/pays/76.svg,svg,,,101261,svg,,,,,101261,
ok,,pays,77,Drapeau,77,🇭🇳 Honduras / Tegucigalpa / Amérique,thumbs/pays/77.svg,full/pays/77.svg,svg,,,401,svg,,,,,401,
ok,,pays,78,Drapeau,78,🇭🇺 Hongrie / Budapest / Europe,thumbs/pays/78.svg,full/pays/78.svg,svg,,,195,svg,,,,,195,
ok,,pays,79,Drapeau,79,🇮🇳 Inde / New Delhi / Asie,thumbs/pays/79.svg,full/pays/79.svg,svg,,,720,svg,,,,,720,
ok,,pays,80,Drapeau,80,🇮🇩 Indonésie / Jakarta / Asie,thumbs/pays/80.svg,full/pays/80.svg,svg,,,148,svg,,,,,148,
ok,,pays,81,Drapeau,81,🇮🇶 Irak / Bagdad / Asie,thumbs/pays/81.svg,full/pays/81.svg,svg,,,1165,svg,,,,,1165,
ok,,pays,82,Drapeau,82,🇮🇷 Iran / Téhéran / Asie,thumbs/pays/82.svg,full/pays/82.svg,svg,,,1298,svg,,,,,1298,
ok,,pays,83,Drapeau,83,🇮🇪 Irlande / Dublin / Europe,thumbs/pays/83.svg,full/pays/83.svg,svg,,,204,svg,,,,,204,
ok,,pays,84,Drapeau,84,🇮🇸 Islande / Reykjavik / Europe,thumbs/pays/84.svg,full/pays/84.svg,svg,,,249,svg,,,,,249,
ok,,pays,85,Drapeau,85,🇮🇱 Israël / Jérusalem / Asie,thumbs/pays/85.svg,full/pays/85.svg,svg,,,309,svg,,,,,309,
ok,,pays,86,Drapeau,86,🇮🇹 Italie / Rome / Europe,thumbs/pays/86.svg,full/pays/86.svg,svg,,,202,svg,,,,,202,
ok,,pays,87,Drapeau,87,🇯🇲 Jamaïque / Kingston / Amérique,thumbs/pays/87.svg,full/pays/87.svg,svg,,,259,svg,,,,,259,
ok,,pays,88,Drapeau,88,🇯🇵 Japon / Tokyo / Asie,thumbs/pays/88.svg,full/pays/88.svg,svg,,,160,svg,,,,,160,
ok,,pays,89,Drapeau,89,🇯🇴 Jordanie / Amman / Asie,thumbs/pays/89.svg,full/pays/89.svg,svg,,,371,svg,,,,,371,
ok,,pays,90,Drapeau,90,🇰🇿 Kazakhstan / Astana / Asie,thumbs/pays/90.svg,full/pays/90.svg,svg,,,9636,svg,,,,,9636,
ok,,pays,91,Drapeau,91,🇰🇪 Kenya / Nairobi / Afrique,thumbs/pays/91.svg,full/pays/91.svg,svg,,,1001,svg,,,,,1001,
ok,,pays,92,Drapeau,92,🇰🇬 Kirghizistan / Bichkek / Asie,thumbs/pays/92.svg,full/pays/92.svg,svg,,,8089,svg,,,,,8089,
ok,,pays,93,Drapeau,93,🇰🇮 Kiribati / Tarawa / Océanie,thumbs/pays/93.svg,full/pays/93.svg,svg,,,3271,svg,,,,,3271,
ok,,pays,94,Drapeau,94,🇽🇰 Kosovo / Pristina / Europe,thumbs/pays/94.svg,full/pays/94.svg,svg,,,4439,svg,,,,,4439,
ok,,pays,95,Drapeau,95,🇰🇼 Koweït / Koweït City / Asie,thumbs/pays/95.svg,full/pays/95.svg,svg,,,232,svg,,,,,232,
ok,,pays,96,Drapeau,96,🇱🇦 Laos / Vientiane / Asie,thumbs/pays/96.svg,full/pays/96.svg,svg,,,233,svg,,,,,233,
ok,,pays,97,Drapeau,97,🇱🇸 Lesotho / Maseru / Afrique,thumbs/pays/97.svg,full/pays/97.svg,svg,,,1442,svg,,,,,1442,
ok,,pays,98,Drapeau,98,🇱🇻 Lettonie / Riga / Europe,thumbs/pays/98.svg,full/pays/98.svg,svg,,,155,svg,,,,,155,
ok,,pays,99,Drapeau,99,🇱🇧 Liban / Beyrouth / Asie,thumbs/pays/99.svg,full/pays/99.svg,svg,,,14384,svg,,,,,14384,
ok,,pays,100,Drapeau,100,🇱🇷 Liberia / Monrovia / Afrique,thumbs/pays/100.svg,full/pays/100.svg,svg,,,675,svg,,,,,675,
ok,,pays,101,Drapeau,101,🇱🇾 Libye / Tripoli / Afrique,thumbs/pays/101.svg,full/pays/101.svg,svg,,,353,svg,,,,,353,
ok,,pays,102,Drapeau,102,🇱🇮 Liechtenstein / Vaduz / Europe,thumbs/pays/102.svg,full/pays/102.svg,svg,,,12408,svg,,,,,12408,
ok,,pays,103,Drapeau,103,🇱🇹 Lituanie / Vilnius / Europe,thumbs/pays/103.svg,full/pays/103.svg,svg,,,201,svg,,,,,201,
ok,,pays,104,Drapeau,104,🇱🇺 Luxembourg / Luxembourg / Europe,thumbs/pays/104.svg,full/pays/104.svg,svg,,,202,svg,,,,,202,
ok,,pays,105,Drapeau,105,🇲🇰 Macédoine du Nord / Skopje / Europe,thumbs/pays/105.svg,full/pays/105.svg,svg,,,366,svg,,,,,366,
ok,,pays,106,Drapeau,106,🇲🇬 Madagascar / Antananarivo / Afrique,thumbs/pays/106.svg,full/pays/106.svg,svg,,,194,svg,,,,,194,
ok,,pays,107,Drapeau,107,🇲🇾 Malaisie / Kuala Lumpur / Asie,thumbs/pays/107.svg,full/pays/107.svg,svg,,,662,svg,,,,,662,
ok,,pays,108,Drapeau,108,🇲🇼 Malawi / Lilongwe / Afrique,thumbs/pays/108.svg,full/pays/108.svg,svg,,,787,svg,,,,,787,
ok,,pays,109,Drapeau,109,🇲🇻 Maldives / Malé / Asie,thumbs/pays/109.svg,full/pays/109.svg,svg,,,247,svg,,,,,247,
ok,,pays,110,Drapeau,110,🇲🇱 Mali / Bamako / Afrique,thumbs/pays/110.svg,full/pays/110.svg,svg,,,197,svg,,,,,197,
ok,,pays,111,Drapeau,111,🇲🇹 Malte / La Valette / Europe,thumbs/pays/111.svg,full/pays/111.svg,svg,,,15284,svg,,,,,15284,
ok,,pays,112,Drapeau,112,🇲🇦 Maroc / Rabat / Afrique,thumbs/pays/112.svg,full/pays/112.svg,svg,,,258,svg,,,,,258,
ok,,pays,113,Drapeau,113,🇲🇭 Marshall / Majuro / Océanie,thumbs/pays/113.svg,full/pays/113.svg,svg,,,796,svg,,,,,796,
ok,,pays,114,Drapeau,114,🇲🇺 Maurice / Port-Louis / Afrique,thumbs/pays/114.svg,full/pays/114.svg,svg,,,239,svg,,,,,239,
ok,,pays,115,Drapeau,115,🇲🇷 Mauritanie / Nouakchott / Afrique,thumbs/pays/115.svg,full/pays/115.svg,svg,,,333,svg,,,,,333,
ok,,pays,116,Drapeau,116,🇲🇽 Mexique / Mexico / Amérique,thumbs/pays/116.svg,full/pays/116.svg,svg,,,143318,svg,,,,,143318,
ok,,pays,117,Drapeau,117,🇫🇲 Micronésie / Palikir / Océanie,thumbs/pays/117.svg,full/pays/117.svg,svg,,,686,svg,,,,,686,
ok,,pays,118,Drapeau,118,🇲🇩 Moldavie / Chișinău / Europe,thumbs/pays/118.svg,full/pays/118.svg,svg,,,33975,svg,,,,,33975,
ok,,pays,119,Drapeau,119,🇲🇨 Monaco / Monaco / Europe,thumbs/pays/119.svg,full/pays/119.svg,svg,,,155,svg,,,,,155,
ok,,pays,120,Drapeau,120,🇲🇳 Mongolie / Oulan-Bator / Asie,thumbs/pays/120.svg,full/pays/120.svg,svg,,,1496,svg,,,,,1496,
ok,,pays,121,Drapeau,121,🇲🇪 Monténégro / Podgorica / Europe,thumbs/pays/121.svg,full/pays/121.svg,svg,,,108343,svg,,,,,108343,
ok,,pays,122,Drapeau,122,🇲🇿 Mozambique / Maputo / Afrique,thumbs/pays/122.svg,full/pays/122.svg,svg,,,2757,svg,,,,,2757,
ok,,pays,123,Drapeau,123,🇲🇲 Myanmar / Naypyidaw / Asie,thumbs/pays/123.svg,full/pays/123.svg,svg,,,539,svg,,,,,539,
ok,,pays,124,Drapeau,124,🇳🇦 Namibie / Windhoek / Afrique,thumbs/pays/124.svg,full/pays/124.svg,svg,,,728,svg,,,,,728,
ok,,pays,125,Drapeau,125,🇳🇷 Nauru / Yaren / Océanie,thumbs/pays/125.svg,full/pays/125.svg,svg,,,545,svg,,,,,545,
ok,,pays,126,Drapeau,126,🇳🇵 Népal / Katmandou / Asie,thumbs/pays/126.svg,full/pays/126.svg,svg,,,1052,svg,,,,,1052,
ok,,pays,127,Drapeau,127,🇳🇮 Nicaragua / Managua / Amérique,thumbs/pays/127.svg,full/pays/127.svg,svg,,,23894,svg,,,,,23894,
ok,,pays,128,Drapeau,128,🇳🇪 Niger / Niamey / Afrique,thumbs/pays/128.svg,full/pays/128.svg,svg,,,243,svg,,,,,243,
ok,,pays,129,Drapeau,129,🇳🇬 Nigeria / Abuja / Afrique,thumbs/pays/129.svg,full/pays/129.svg,svg,,,163,svg,,,,,163,
ok,,pays,130,Drapeau,130,🇳🇴 Norvège / Oslo / Europe,thumbs/pays/130.svg,full/pays/130.svg,svg,,,223,svg,,,,,223,
ok,,pays,131,Drapeau,131,🇳🇿 Nouvelle-Zélande / Wellington / Océanie,thumbs/pays/131.svg,full/pays/131.svg,svg,,,1746,svg,,,,,1746,
ok,,pays,132,Drapeau,132,🇴🇲 Oman / Mascate / Asie,thumbs/pays/132.svg,full/pays/132.svg,svg,,,175888,svg,,,,,175888,
ok,,pays,133,Drapeau,133,🇺🇬 Ouganda / Kampala / Afrique,thumbs/pays/133.svg,full/pays/133.svg,svg,,,3616,svg,,,,,3616,
ok,,pays,134,Drapeau,134,🇺🇿 Ouzbékistan / Tachkent / Asie,thumbs/pays/134.svg,full/pays/134.svg,svg,,,1243,svg,,,,,1243,
ok,,pays,135,Drapeau,135,🇵🇰 Pakistan / Islamabad / Asie,thumbs/pays/135.svg,full/pays/135.svg,svg,,,380,svg,,,,,380,
ok,,pays,136,Drapeau,136,🇵🇼 Palaos / Ngerulmud / Océanie,thumbs/pays/136.svg,full/pays/136.svg,svg,,,157,svg,,,,,157,
ok,,pays,137,Drapeau,137,🇵🇸 Palestine / Ramallah / Asie,thumbs/pays/137.svg,full/pays/137.svg,svg,,,228,svg,,,,,228,
ok,,pays,138,Drapeau,138,🇵🇦 Panama / Panama City / Amérique,thumbs/pays/138.svg,full/pays/138.svg,svg,,,280,svg,,,,,280,
ok,,pays,139,Drapeau,139,🇵🇬 Papouasie-Nouvelle-Guinée / Port Moresby / Océanie,thumbs/pays/139.svg,full/pays/139.svg,svg,,,2969,svg,,,,,2969,
ok,,pays,140,Drapeau,140,🇵🇾 Paraguay / Asunción / Amérique,thumbs/pays/140.svg,full/pays/140.svg,svg,,,23500,svg,,,,,23500,
ok,,pays,141,Drapeau,141,🇳🇱 Pays-Bas / Amsterdam / Europe,thumbs/pays/141.svg,full/pays/141.svg,svg,,,200,svg,,,,,200,
ok,,pays,142,Drapeau,142,🇵🇪 Pérou / Lima / Amérique,thumbs/pays/142.svg,full/pays/142.svg,svg,,,156,svg,,,,,156,
ok,,pays,143,Drapeau,143,🇵🇭 Philippines / Manille / Asie,thumbs/pays/143.svg,full/pays/143.svg,svg,,,808,svg,,,,,808,
ok,,pays,144,Drapeau,144,🇵🇱 Pologne / Varsovie / Europe,thumbs/pays/144.svg,full/pays/144.svg,svg,,,164,svg,,,,,164,
ok,,pays,145,Drapeau,145,🇵🇹 Portugal / Lisbonne / Europe,thumbs/pays/145.svg,full/pays/145.svg,svg,,,10853,svg,,,,,10853,
ok,,pays,146,Drapeau,146,🇶🇦 Qatar / Doha / Asie,thumbs/pays/146.svg,full/pays/146.svg,svg,,,264,svg,,,,,264,
ok,,pays,147,Drapeau,147,🇩🇴 République dominicaine / Saint-Domingue / Amérique,thumbs/pays/147.svg,full/pays/147.svg,svg,,,148257,svg,,,,,148257,
ok,,pays,148,Drapeau,148,🇷🇴 Roumanie / Bucarest / Europe,thumbs/pays/148.svg,full/pays/148.svg,svg,,,203,svg,,,,,203,
ok,,pays,149,Drapeau,149,🇬🇧 Royaume-Uni / Londres / Europe,thumbs/pays/149.svg,full/pays/149.svg,svg,,,553,svg,,,,,553,
ok,,pays,150,Drapeau,150,🇷🇺 Russie / Moscou / Europe/Asie,thumbs/pays/150.svg,full/pays/150.svg,svg,,,200,svg,,,,,200,
ok,,pays,151,Drapeau,151,🇷🇼 Rwanda / Kigali / Afrique,thumbs/pays/151.svg,full/pays/151.svg,svg,,,894,svg,,,,,894,
ok,,pays,152,Drapeau,152,🇰🇳 Saint-Kitts-et-Nevis / Basseterre / Amérique,thumbs/pays/152.svg,full/pays/152.svg,svg,,,539,svg,,,,,539,
ok,,pays,153,Drapeau,153,🇸🇲 Saint-Marin / Saint-Marin / Europe,thumbs/pays/153.svg,full/pays/153.svg,svg,,,95493,svg,,,,,95493,
ok,,pays,154,Drapeau,154,🇻🇨 Saint-Vincent / Kingstown / Amérique,thumbs/pays/154.svg,full/pays/154.svg,svg,,,339,svg,,,,,339,
ok,,pays,155,Drapeau,155,🇱🇨 Sainte-Lucie / Castries / Amérique,thumbs/pays/155.svg,full/pays/155.svg,svg,,,254,svg,,,,,254,
ok,,pays,156,Drapeau,156,🇸🇧 Salomon / Honiara / Océanie,thumbs/pays/156.svg,full/pays/156.svg,svg,,,935,svg,,,,,935,
ok,,pays,157,Drapeau,157,🇸🇻 Salvador / San Salvador / Amérique,thumbs/pays/157.svg,full/pays/157.svg,svg,,,248937,svg,,,,,248937,
ok,,pays,158,Drapeau,158,🇼🇸 Samoa / Apia / Océanie,thumbs/pays/158.svg,full/pays/158.svg,svg,,,640,svg,,,,,640,
ok,,pays,159,Drapeau,159,🇸🇹 São Tomé-et-Príncipe / São Tomé / Afrique,thumbs/pays/159.svg,full/pays/159.svg,svg,,,355,svg,,,,,355,
ok,,pays,160,Drapeau,160,🇸🇳 Sénégal / Dakar / Afrique,thumbs/pays/160.svg,full/pays/160.svg,svg,,,228,svg,,,,,228,
ok,,pays,161,Drapeau,161,🇷🇸 Serbie / Belgrade / Europe,thumbs/pays/161.svg,full/pays/161.svg,svg,,,28859,svg,,,,,28859,
ok,,pays,162,Drapeau,162,🇸🇨 Seychelles / Victoria / Afrique,thumbs/pays/162.svg,full/pays/162.svg,svg,,,273,svg,,,,,273,
ok,,pays,163,Drapeau,163,🇸🇱 Sierra Leone / Freetown / Afrique,thumbs/pays/163.svg,full/pays/163.svg,svg,,,194,svg,,,,,194,
ok,,pays,164,Drapeau,164,🇸🇬 Singapour / Singapour / Asie,thumbs/pays/164.svg,full/pays/164.svg,svg,,,550,svg,,,,,550,
ok,,pays,165,Drapeau,165,🇸🇰 Slovaquie / Bratislava / Europe,thumbs/pays/165.svg,full/pays/165.svg,svg,,,1026,svg,,,,,1026,
ok,,pays,166,Drapeau,166,🇸🇮 Slovénie / Ljubljana / Europe,thumbs/pays/166.svg,full/pays/166.svg,svg,,,1321,svg,,,,,1321,
ok,,pays,167,Drapeau,167,🇸🇴 Somalie / Mogadiscio / Afrique,thumbs/pays/167.svg,full/pays/167.svg,svg,,,274,svg,,,,,274,
ok,,pays,168,Drapeau,168,🇸🇩 Soudan / Khartoum / Afrique,thumbs/pays/168.svg,full/pays/168.svg,svg,,,229,svg,,,,,229,
ok,,pays,169,Drapeau,169,🇸🇸 Soudan du Sud / Djouba / Afrique,thumbs/pays/169.svg,full/pays/169.svg,svg,,,385,svg,,,,,385,
ok,,pays,170,Drapeau,170,🇱🇰 Sri Lanka / Sri Jayawardenepura Kotte / Asie,thumbs/pays/170.svg,full/pays/170.svg,svg,,,19240,svg,,,,,19240,
ok,,pays,171,Drapeau,171,🇸🇪 Suède / Stockholm / Europe,thumbs/pays/171.svg,full/pays/171.svg,svg,,,172,svg,,,,,172,
ok,,pays,172,Drapeau,172,🇨🇭 Suisse / Berne / Europe,thumbs/pays/172.svg,full/pays/172.svg,svg,,,183,svg,,,,,183,
ok,,pays,173,Drapeau,173,🇸🇷 Suriname / Paramaribo / Amérique,thumbs/pays/173.svg,full/pays/173.svg,svg,,,307,svg,,,,,307,
ok,,pays,174,Drapeau,174,🇸🇾 Syrie / Damas / Asie,thumbs/pays/174.svg,full/pays/174.svg,svg,,,367,svg,,,,,367,
ok,,pays,175,Drapeau,175,🇹🇯 Tadjikistan / Douchanbé / Asie,thumbs/pays/175.svg,full/pays/175.svg,svg,,,2217,svg,,,,,2217,
ok,,pays,176,Drapeau,176,🇹🇼 Taïwan / Taipei / Asie,thumbs/pays/176.svg,full/pays/176.svg,svg,,,397,svg,,,,,397,
ok,,pays,177,Drapeau,177,🇹🇿 Tanzanie / Dodoma / Afrique,thumbs/pays/177.svg,full/pays/177.svg,svg,,,383,svg,,,,,383,
ok,,pays,178,Drapeau,178,🇹🇩 Tchad / N'Djaména / Afrique,thumbs/pays/178.svg,full/pays/178.svg,svg,,,197,svg,,,,,197,
ok,,pays,179,Drapeau,179,🇨🇿 Tchéquie / Prague / Europe,thumbs/pays/179.svg,full/pays/179.svg,svg,,,210,svg,,,,,210,
ok,,pays,180,Drapeau,180,🇹🇭 Thaïlande / Bangkok / Asie,thumbs/pays/180.svg,full/pays/180.svg,svg,,,201,svg,,,,,201,
ok,,pays,181,Drapeau,181,🇹🇱 Timor oriental / Dili / Asie,thumbs/pays/181.svg,full/pays/181.svg,svg,,,279,svg,,,,,279,
ok,,pays,182,Drapeau,182,🇹🇬 Togo / Lomé / Afrique,thumbs/pays/182.svg,full/pays/182.svg,svg,,,423,svg,,,,,423,
ok,,pays,183,Drapeau,183,🇹🇴 Tonga / Nuku'alofa / Océanie,thumbs/pays/183.svg,full/pays/183.svg,svg,,,227,svg,,,,,227,
ok,,pays,184,Drapeau,184,🇹🇹 Trinité-et-Tobago / Port of Spain / Amérique,thumbs/pays/184.svg,full/pays/184.svg,svg,,,225,svg,,,,,225,
ok,,pays,185,Drapeau,185,🇹🇳 Tunisie / Tunis / Afrique,thumbs/pays/185.svg,full/pays/185.svg,svg,,,278,svg,,,,,278,
ok,,pays,186,Drapeau,186,🇹🇲 Turkménistan / Achgabat / Asie,thumbs/pays/186.svg,full/pays/186.svg,svg,,,43457,svg,,,,,43457,
ok,,pays,187,Drapeau,187,🇹🇷 Turquie / Ankara / Europe/Asie,thumbs/pays/187.svg,full/pays/187.svg,svg,,,287,svg,,,,,287,
ok,,pays,188,Drapeau,188,🇹🇻 Tuvalu / Funafuti / Océanie,thumbs/pays/188.svg,full/pays/188.svg,svg,,,1120,svg,,,,,1120,
ok,,pays,189,Drapeau,189,🇺🇦 Ukraine / Kiev / Europe,thumbs/pays/189.svg,full/pays/189.svg,svg,,,160,svg,,,,,160,
ok,,pays,190,Drapeau,190,🇺🇾 Uruguay / Montevideo / Amérique,thumbs/pays/190.svg,full/pays/190.svg,svg,,,5764,svg,,,,,5764,
ok,,pays,191,Drapeau,191,🇻🇺 Vanuatu / Port-Vila / Océanie,thumbs/pays/191.svg,full/pays/191.svg,svg,,,2615,svg,,,,,2615,
ok,,pays,192,Drapeau,192,🇻🇦 Vatican / Vatican / Europe,thumbs/pays/192.svg,full/pays/192.svg,svg,,,106128,svg,,,,,106128,
ok,,pays,193,Drapeau,193,🇻🇪 Venezuela / Caracas / Amérique,thumbs/pays/193.svg,full/pays/193.svg,svg,,,1888,svg,,,,,1888,
ok,,pays,194,Drapeau,194,🇻🇳 Vietnam / Hanoï / Asie,thumbs/pays/194.svg,full/pays/194.svg,svg,,,194,svg,,,,,194,
ok,,pays,195,Drapeau,195,🇾🇪 Yémen / Sanaa / Asie,thumbs/pays/195.svg,full/pays/195.svg,svg,,,179,svg,,,,,179,
ok,,pays,196,Drapeau,196,🇿🇲 Zambie / Lusaka / Afrique,thumbs/pays/196.svg,full/pays/196.svg,svg,,,5225,svg,,,,,5225,
ok,,pays,197,Drapeau,197,🇿🇼 Zimbabwe / Harare / Afrique,thumbs/pays/197.svg,full/pays/197.svg,svg,,,1744,svg,,,,,1744,
ok,,peintres,1,Image,1,Jan van Eyck / Primitifs flamands / v.1390–1441,thumbs/peintres/1.webp,full/peintres/1.jpg,raster,99,170,7504,raster,697,1200,1200,697,267049,0
ok,,peintres,1,Image œuvre,1b,Jan van Eyck / Primitifs flamands / v.1390–1441,thumbs/peintres/1b.webp,full/peintres/1b.jpg,raster,220,162,12920,raster,1800,1327,1800,1327,833393,0
ok,,peintres,2,Image,2,Sandro Botticelli / Quattrocento / 1445–1510,thumbs/peintres/2.webp,full/peintres/2.jpg,raster,220,138,12436,raster,1200,754,1200,754,351779,0
ok,,peintres,3,Image,3,Léonard de Vinci / Haute Renaissance / 1452–1519,thumbs/peintres/3.webp,full/peintres/3.jpg,raster,116,170,2584,raster,820,1200,1200,820,226906,0
ok,,peintres,3,Image œuvre,3b,Léonard de Vinci / Haute Renaissance / 1452–1519,thumbs/peintres/3b.webp,full/peintres/3b.jpg,raster,114,170,2890,raster,1206,1800,1800,1206,681602,0
ok,,peintres,4,Image,4,Albrecht Dürer / Renaissance nordique / 1471–1528,thumbs/peintres/4.webp,full/peintres/4.jpg,raster,115,160,1212,raster,868,1200,1200,868,226468,0
ok,,peintres,5,Image,5,Michel-Ange / Haute Renaissance / 1475–1564,thumbs/peintres/5.webp,full/peintres/5.jpg,raster,138,160,1562,raster,919,1200,1200,919,420024,22
ok,,peintres,5,Image œuvre,5b,Michel-Ange / Haute Renaissance / 1475–1564,thumbs/peintres/5b.webp,full/peintres/5b.webp,raster,113,170,8818,raster,1192,1800,1800,1192,749414,0
ok,,peintres,6,Image,6,Raphaël / Haute Renaissance / 1483–1520,thumbs/peintres/6.webp,full/peintres/6.jpg,raster,220,153,13890,raster,1200,832,1200,832,417075,0
ok,,peintres,6,Image œuvre,6b,Raphaël / Haute Renaissance / 1483–1520,thumbs/peintres/6b.webp,full/peintres/6b.jpg,raster,219,170,13216,raster,1800,1397,1800,1397,934322,0
ok,,peintres,7,Image,7,Titien / Renaissance vénitienne / 1488–1576,thumbs/peintres/7.webp,full/peintres/7.jpg,raster,200,141,7092,raster,1200,847,1200,847,330488,4
ok,,peintres,8,Image,8,Pieter Bruegel l'Ancien / Maniérisme flamand / v.1525–1569,thumbs/peintres/8.webp,full/peintres/8.jpg,raster,220,164,10174,raster,1200,895,1200,895,334071,0
ok,,peintres,9,Image,9,Le Caravage / Baroque / 1571–1610,thumbs/peintres/9.webp,full/peintres/9.jpg,raster,220,163,10510,raster,1200,891,1200,891,240696,0
ok,,peintres,9,Image œuvre,9b,Le Caravage / Baroque / 1571–1610,thumbs/peintres/9b.webp,full/peintres/9b.jpg,raster,180,170,4424,raster,1800,1700,1800,1700,689381,0
ok,,peintres,10,Image,10,Pierre Paul Rubens / Baroque flamand / 1577–1640,thumbs/peintres/10.webp,full/peintres/10.jpg,raster,203,170,5826,raster,1200,1005,1200,1005,228874,0
ok,,peintres,10,Image œuvre,10b,Pierre Paul Rubens / Baroque flamand / 1577–1640,thumbs/peintres/10b.webp,full/peintres/10b.webp,raster,125,170,5394,raster,1323,1800,1800,1323,492910,0
ok,,peintres,11,Image,11,Nicolas Poussin / Classicisme / 1594–1665,thumbs/peintres/11.webp,full/peintres/11.jpg,raster,220,153,7708,raster,1200,835,1200,835,282274,0
ok,,peintres,12,Image,12,Rembrandt / Siècle d'or néerlandais / 1606–1669,thumbs/peintres/12.webp,full/peintres/12.jpg,raster,184,150,6410,raster,1013,1200,1200,1013,368290,26
ok,,peintres,12,Image œuvre,12b,Rembrandt / Siècle d'or néerlandais / 1606–1669,thumbs/peintres/12b.webp,full/peintres/12b.jpg,raster,209,170,8524,raster,1800,1465,1800,1465,627096,0
ok,,peintres,13,Image,13,Jan Vermeer / Siècle d'or néerlandais / 1632–1675,thumbs/peintres/13.webp,full/peintres/13.jpg,raster,170,170,6894,raster,1200,1200,1200,1200,340651,1
ok,,peintres,13,Image œuvre,13b,Jan Vermeer / Siècle d'or néerlandais / 1632–1675,thumbs/peintres/13b.webp,full/peintres/13b.jpg,raster,144,170,3922,raster,1520,1800,1800,1520,807926,0
ok,,peintres,14,Image,14,Francisco de Goya / Néoclassicisme / Romantisme / 1746–1828,thumbs/peintres/14.webp,full/peintres/14.jpg,raster,142,170,6974,raster,1005,1200,1200,1005,303994,0
ok,,peintres,15,Image,15,Jacques-Louis David / Néoclassicisme / 1748–1825,thumbs/peintres/15.webp,full/peintres/15.jpg,raster,125,160,1784,raster,935,1200,1200,935,289167,20
ok,,peintres,15,Image œuvre,15b,Jacques-Louis David / Néoclassicisme / 1748–1825,thumbs/peintres/15b.webp,full/peintres/15b.jpg,raster,219,170,8622,raster,1800,1396,1800,1396,566215,0
ok,,peintres,16,Image,16,Caspar David Friedrich / Romantisme / 1774–1840,thumbs/peintres/16.webp,full/peintres/16.jpg,raster,123,160,1384,raster,1200,960,1200,960,308560,25
ok,,peintres,17,Image,17,Eugène Delacroix / Romantisme / 1798–1863,thumbs/peintres/17.webp,full/peintres/17.jpg,raster,210,170,15176,raster,1200,973,1200,973,456755,0
ok,,peintres,17,Image œuvre,17b,Eugène Delacroix / Romantisme / 1798–1863,thumbs/peintres/17b.webp,full/peintres/17b.jpg,raster,212,170,11870,raster,1800,1440,1800,1440,612986,0
ok,,peintres,18,Image,18,Gustave Courbet / Réalisme / 1819–1877,thumbs/peintres/18.webp,full/peintres/18.jpg,raster,220,149,7274,raster,1200,812,1200,812,222240,0
ok,,peintres,19,Image,19,Édouard Manet / Réalisme / Impressionnisme / 1832–1883,thumbs/peintres/19.webp,full/peintres/19.jpg,raster,149,170,6770,raster,1051,1200,1200,1051,473158,0
ok,,peintres,19,Image œuvre,19b,Édouard Manet / Réalisme / Impressionnisme / 1832–1883,thumbs/peintres/19b.webp,full/peintres/19b.jpg,raster,216,170,11660,raster,1642,1294,1642,1294,830656,0
ok,,peintres,20,Image,20,Edgar Degas / Impressionnisme / 1834–1917,thumbs/peintres/20.webp,full/peintres/20.jpg,raster,112,150,2346,raster,1200,892,1200,892,395422,18
ok,,peintres,21,Image,21,Paul Cézanne / Post-impressionnisme / 1839–1906,thumbs/peintres/21.webp,full/peintres/21.jpg,raster,117,170,5056,raster,824,1200,1200,824,367014,0
ok,,peintres,21,Image œuvre,21b,Paul Cézanne / Post-impressionnisme / 1839–1906,thumbs/peintres/21b.webp,full/peintres/21b.webp,raster,220,145,7812,raster,1800,1188,1800,1188,625410,0
ok,,peintres,22,Image,22,Claude Monet / Impressionnisme / 1840–1926,thumbs/peintres/22.webp,full/peintres/22.jpg,raster,120,160,1488,raster,1200,954,1200,954,330723,21
ok,,peintres,23,Image,23,Pierre-Auguste Renoir / Impressionnisme / 1841–1919,thumbs/peintres/23.webp,full/peintres/23.jpg,raster,200,149,12384,raster,1200,1200,1200,1200,569759,24
ok,,peintres,24,Image,24,Paul Gauguin / Post-impressionnisme / 1848–1903,thumbs/peintres/24.webp,full/peintres/24.jpg,raster,129,160,2482,raster,1200,951,1200,951,540537,21
ok,,peintres,25,Image,25,Vincent van Gogh / Post-impressionnisme / 1853–1890,thumbs/peintres/25.webp,full/peintres/25.jpg,raster,127,160,4226,raster,823,1200,1200,823,346155,24
ok,,peintres,26,Image,26,Georges Seurat / Pointillisme / 1859–1891,thumbs/peintres/26.webp,full/peintres/26.jpg,raster,120,170,7092,raster,847,1200,1200,847,252281,0
ok,,peintres,27,Image,27,Gustav Klimt / Symbolisme / Art nouveau / 1862–1918,thumbs/peintres/27.webp,full/peintres/27.jpg,raster,169,170,9414,raster,1196,1200,1200,1196,621344,0
ok,,peintres,28,Image,28,Edvard Munch / Expressionnisme / 1863–1944,thumbs/peintres/28.webp,full/peintres/28.jpg,raster,121,150,4094,raster,948,1200,1200,948,388666,12
ok,,peintres,29,Image,29,Vassily Kandinsky / Expressionnisme abstrait / 1866–1944,thumbs/peintres/29.webp,full/peintres/29.jpg,raster,112,170,4996,raster,791,1200,1200,791,143411,0
ok,,peintres,30,Image,30,Henri Matisse / Fauvisme / 1869–1954,thumbs/peintres/30.webp,full/peintres/30.jpg,raster,122,160,2836,raster,1009,1200,1200,1009,250664,23
ok,,peintres,31,Image,31,Paul Klee / Expressionnisme / Bauhaus / 1879–1940,thumbs/peintres/31.webp,full/peintres/31.jpg,raster,126,160,960,raster,1114,1200,1200,1114,297054,14
ok,,peintres,32,Image,32,Pablo Picasso / Cubisme / 1881–1973,thumbs/peintres/32.webp,full/peintres/32.jpg,raster,220,120,4722,raster,1200,655,1200,655,113443,0
ok,,peintres,33,Image,33,Edward Hopper / Réalisme américain / 1882–1967,thumbs/peintres/33.webp,full/peintres/33.jpg,raster,220,134,4864,raster,1200,732,1200,732,237892,0
ok,,peintres,34,Image,34,Amedeo Modigliani / École de Paris / 1884–1920,thumbs/peintres/34.webp,full/peintres/34.jpg,raster,196,170,15832,raster,1200,1039,1200,1039,507850,0
ok,,peintres,35,Image œuvre,35b,Diego Rivera / Muralisme mexicain / 1886–1957,thumbs/peintres/35b.webp,full/peintres/35b.webp,raster,220,147,12222,raster,1800,1200,1800,1200,652316,0
ok,,peintres,36,Image,36,Marcel Duchamp / Dadaïsme / 1887–1968,thumbs/peintres/36.webp,full/peintres/36.jpg,raster,108,160,2368,raster,942,1200,1200,942,145273,17
ok,,peintres,38,Image,38,Joan Miró / Surréalisme / 1893–1983,thumbs/peintres/38.webp,full/peintres/38.jpg,raster,200,144,8526,raster,800,1200,1200,800,397514,25
ok,,peintres,39,Image,39,Mark Rothko / Expressionnisme abstrait / 1903–1970,thumbs/peintres/39.webp,full/peintres/39.jpg,raster,131,170,3678,raster,923,1200,1200,923,399315,0
ok,,peintres,41,Image,41,Frida Kahlo / Surréalisme / Art populaire / 1907–1954,thumbs/peintres/41.webp,full/peintres/41.jpg,raster,109,170,3780,raster,772,1200,1200,772,252800,1
ok,,peintres,42,Image,42,Francis Bacon / Expressionnisme figuratif / 1909–1992,thumbs/peintres/42.webp,full/peintres/42.jpg,raster,170,170,4366,raster,1198,1200,1200,1198,165991,0
ok,,peintres,43,Image,43,Jackson Pollock / Expressionnisme abstrait / 1912–1956,thumbs/peintres/43.webp,full/peintres/43.jpg,raster,120,160,2348,raster,826,1200,1200,826,146430,16
ok,,peintres,43,Image œuvre,43b,Jackson Pollock / Expressionnisme abstrait / 1912–1956,thumbs/peintres/43b.webp,full/peintres/43b.webp,raster,220,147,19950,raster,1800,1200,1800,1200,921968,0
ok,,peintres,44,Image,44,René Magritte / Surréalisme / 1898–1967,thumbs/peintres/44.webp,full/peintres/44.jpg,raster,121,160,2060,raster,965,1200,1200,965,199933,20
ok,,peintres,45,Image,45,Andy Warhol / Pop Art / 1928–1987,thumbs/peintres/45.webp,full/peintres/45.jpg,raster,124,170,6426,raster,874,1200,1200,874,380381,5
ok,,peintres,46,Image,46,Jean-Michel Basquiat / Néo-expressionnisme / 1960–1988,thumbs/peintres/46.webp,full/peintres/46.jpg,raster,112,170,2646,raster,792,1200,1200,792,81547,0
ok,,peintres,47,Image,47,Banksy / Street Art / 1974–,thumbs/peintres/47.webp,full/peintres/47.jpg,raster,213,160,4374,raster,900,1200,1200,900,279027,18
ok,,periodes_geologiques,1,Image,1,Hadéen / Hadéenne / Hadéen,thumbs/periodes_geologiques/1.svg,full/periodes_geologiques/1.svg,svg,,,7126,svg,,,,,7126,
ok,,periodes_geologiques,2,Image,2,Archéen / Archéenne / Éoarchéen,thumbs/periodes_geologiques/2.svg,full/periodes_geologiques/2.svg,svg,,,7144,svg,,,,,7144,
ok,,periodes_geologiques,3,Image,3,Archéen / Archéenne / Paléoarchéen,thumbs/periodes_geologiques/3.svg,full/periodes_geologiques/3.svg,svg,,,7136,svg,,,,,7136,
ok,,periodes_geologiques,4,Image,4,Archéen / Archéenne / Mésoarchéen,thumbs/periodes_geologiques/4.svg,full/periodes_geologiques/4.svg,svg,,,7121,svg,,,,,7121,
ok,,periodes_geologiques,5,Image,5,Archéen / Archéenne / Néoarchéen,thumbs/periodes_geologiques/5.svg,full/periodes_geologiques/5.svg,svg,,,7116,svg,,,,,7116,
ok,,periodes_geologiques,6,Image,6,Protérozoïque / Paléoprotérozoïque / Sidérien,thumbs/periodes_geologiques/6.svg,full/periodes_geologiques/6.svg,svg,,,7147,svg,,,,,7147,
ok,,periodes_geologiques,7,Image,7,Protérozoïque / Paléoprotérozoïque / Rhyacien,thumbs/periodes_geologiques/7.svg,full/periodes_geologiques/7.svg,svg,,,7129,svg,,,,,7129,
ok,,periodes_geologiques,8,Image,8,Protérozoïque / Paléoprotérozoïque / Orosirien,thumbs/periodes_geologiques/8.svg,full/periodes_geologiques/8.svg,svg,,,7144,svg,,,,,7144,
ok,,periodes_geologiques,9,Image,9,Protérozoïque / Paléoprotérozoïque / Stathérien,thumbs/periodes_geologiques/9.svg,full/periodes_geologiques/9.svg,svg,,,7142,svg,,,,,7142,
ok,,periodes_geologiques,10,Image,10,Protérozoïque / Mésoprotérozoïque / Calymmien,thumbs/periodes_geologiques/10.svg,full/periodes_geologiques/10.svg,svg,,,7124,svg,,,,,7124,
ok,,periodes_geologiques,11,Image,11,Protérozoïque / Mésoprotérozoïque / Ectasien,thumbs/periodes_geologiques/11.svg,full/periodes_geologiques/11.svg,svg,,,7117,svg,,,,,7117,
ok,,periodes_geologiques,12,Image,12,Protérozoïque / Mésoprotérozoïque / Sténien,thumbs/periodes_geologiques/12.svg,full/periodes_geologiques/12.svg,svg,,,7131,svg,,,,,7131,
ok,,periodes_geologiques,13,Image,13,Protérozoïque / Néoprotérozoïque / Tonien,thumbs/periodes_geologiques/13.svg,full/periodes_geologiques/13.svg,svg,,,7112,svg,,,,,7112,
ok,,periodes_geologiques,14,Image,14,Protérozoïque / Néoprotérozoïque / Cryogénien,thumbs/periodes_geologiques/14.svg,full/periodes_geologiques/14.svg,svg,,,7145,svg,,,,,7145,
ok,,periodes_geologiques,15,Image,15,Protérozoïque / Néoprotérozoïque / Édiacarien,thumbs/periodes_geologiques/15.svg,full/periodes_geologiques/15.svg,svg,,,7160,svg,,,,,7160,
ok,,periodes_geologiques,16,Image,16,Phanérozoïque / Paléozoïque / Cambrien,thumbs/periodes_geologiques/16.svg,full/periodes_geologiques/16.svg,svg,,,7161,svg,,,,,7161,
ok,,periodes_geologiques,17,Image,17,Phanérozoïque / Paléozoïque / Ordovicien,thumbs/periodes_geologiques/17.svg,full/periodes_geologiques/17.svg,svg,,,7146,svg,,,,,7146,
ok,,periodes_geologiques,18,Image,18,Phanérozoïque / Paléozoïque / Silurien,thumbs/periodes_geologiques/18.svg,full/periodes_geologiques/18.svg,svg,,,7149,svg,,,,,7149,
ok,,periodes_geologiques,19,Image,19,Phanérozoïque / Paléozoïque / Dévonien,thumbs/periodes_geologiques/19.svg,full/periodes_geologiques/19.svg,svg,,,7158,svg,,,,,7158,
ok,,periodes_geologiques,20,Image,20,Phanérozoïque / Paléozoïque / Carbonifère,thumbs/periodes_geologiques/20.svg,full/periodes_geologiques/20.svg,svg,,,7156,svg,,,,,7156,
ok,,periodes_geologiques,21,Image,21,Phanérozoïque / Paléozoïque / Permien,thumbs/periodes_geologiques/21.svg,full/periodes_geologiques/21.svg,svg,,,7162,svg,,,,,7162,
ok,,periodes_geologiques,22,Image,22,Phanérozoïque / Mésozoïque / Trias,thumbs/periodes_geologiques/22.svg,full/periodes_geologiques/22.svg,svg,,,7143,svg,,,,,7143,
ok,,periodes_geologiques,23,Image,23,Phanérozoïque / Mésozoïque / Jurassique,thumbs/periodes_geologiques/23.svg,full/periodes_geologiques/23.svg,svg,,,7160,svg,,,,,7160,
ok,,periodes_geologiques,24,Image,24,Phanérozoïque / Mésozoïque / Crétacé,thumbs/periodes_geologiques/24.svg,full/periodes_geologiques/24.svg,svg,,,7159,svg,,,,,7159,
ok,,periodes_geologiques,25,Image,25,Phanérozoïque / Cénozoïque / Paléogène - Paléocène,thumbs/periodes_geologiques/25.svg,full/periodes_geologiques/25.svg,svg,,,7197,svg,,,,,7197,
ok,,periodes_geologiques,26,Image,26,Phanérozoïque / Cénozoïque / Paléogène - Éocène,thumbs/periodes_geologiques/26.svg,full/periodes_geologiques/26.svg,svg,,,7182,svg,,,,,7182,
ok,,periodes_geologiques,27,Image,27,Phanérozoïque / Cénozoïque / Paléogène - Oligocène,thumbs/periodes_geologiques/27.svg,full/periodes_geologiques/27.svg,svg,,,7186,svg,,,,,7186,
ok,,periodes_geologiques,28,Image,28,Phanérozoïque / Cénozoïque / Néogène - Miocène,thumbs/periodes_geologiques/28.svg,full/periodes_geologiques/28.svg,svg,,,7173,svg,,,,,7173,
ok,,periodes_geologiques,29,Image,29,Phanérozoïque / Cénozoïque / Néogène - Pliocène,thumbs/periodes_geologiques/29.svg,full/periodes_geologiques/29.svg,svg,,,7185,svg,,,,,7185,
ok,,periodes_geologiques,30,Image,30,Phanérozoïque / Cénozoïque / Quaternaire - Pléistocène,thumbs/periodes_geologiques/30.svg,full/periodes_geologiques/30.svg,svg,,,7197,svg,,,,,7197,
ok,,periodes_geologiques,31,Image,31,Phanérozoïque / Cénozoïque / Quaternaire - Holocène,thumbs/periodes_geologiques/31.svg,full/periodes_geologiques/31.svg,svg,,,7184,svg,,,,,7184,
ok,,philosophes,1,Image,1,Socrate / 470–399 av. J.-C. / Philosophie antique,thumbs/philosophes/1.webp,full/philosophes/1.jpg,raster,120,160,3814,raster,900,1200,1200,900,202836,0
ok,,philosophes,2,Image,2,Platon / 428–348 av. J.-C. / Idéalisme,thumbs/philosophes/2.webp,full/philosophes/2.jpg,raster,113,170,4470,raster,800,1200,1200,800,161455,0
ok,,philosophes,3,Image,3,Aristote / 384–322 av. J.-C. / Empirisme antique,thumbs/philosophes/3.webp,full/philosophes/3.jpg,raster,119,160,4434,raster,897,1200,1200,897,187357,0
ok,,philosophes,4,Image,4,Épicure / 341–270 av. J.-C. / Épicurisme,thumbs/philosophes/4.webp,full/philosophes/4.jpg,raster,106,160,3146,raster,800,1200,1200,800,153839,0
ok,,philosophes,5,Image,5,Zénon de Citium / 334–262 av. J.-C. / Stoïcisme,thumbs/philosophes/5.webp,full/philosophes/5.jpg,raster,108,160,4002,raster,813,1200,1200,813,197733,0
ok,,philosophes,6,Image,6,Marc Aurèle / 121–180 / Stoïcisme,thumbs/philosophes/6.webp,full/philosophes/6.jpg,raster,120,160,2966,raster,900,1200,1200,900,130840,0
ok,,philosophes,7,Image,7,Épictète / 50–135 / Stoïcisme,thumbs/philosophes/7.webp,full/philosophes/7.jpg,raster,116,170,6730,raster,817,1200,1200,817,446593,0
ok,,philosophes,9,Image,9,Thomas d'Aquin / 1225–1274 / Scolastique,thumbs/philosophes/9.webp,full/philosophes/9.jpg,raster,106,160,3902,raster,801,1200,1200,801,320606,1
ok,,philosophes,10,Image,10,Nicolas Machiavel / 1469–1527 / Réalisme politique,thumbs/philosophes/10.webp,full/philosophes/10.jpg,raster,124,160,2670,raster,933,1200,1200,933,154563,0
ok,,philosophes,11,Image,11,Francis Bacon / 1561–1626 / Empirisme,thumbs/philosophes/11.webp,full/philosophes/11.jpg,raster,128,160,3136,raster,977,1200,1200,977,248989,18
ok,,philosophes,12,Image,12,Thomas Hobbes / 1588–1679 / Contractualisme,thumbs/philosophes/12.webp,full/philosophes/12.jpg,raster,113,170,506,raster,799,1200,1200,799,127768,0
ok,,philosophes,13,Image,13,René Descartes / 1596–1650 / Rationalisme,thumbs/philosophes/13.webp,full/philosophes/13.jpg,raster,130,160,2428,raster,914,1200,1200,914,236527,24
ok,,philosophes,14,Image,14,Blaise Pascal / 1623–1662 / Apologétique,thumbs/philosophes/14.webp,full/philosophes/14.jpg,raster,134,160,1744,raster,1007,1200,1200,1007,249506,1
ok,,philosophes,17,Image,17,Gottfried Wilhelm Leibniz / 1646–1716 / Rationalisme,thumbs/philosophes/17.webp,full/philosophes/17.jpg,raster,129,160,2020,raster,972,1200,1200,972,206357,1
ok,,philosophes,18,Image,18,Montesquieu / 1689–1755 / Lumières / Libéralisme,thumbs/philosophes/18.webp,full/philosophes/18.jpg,raster,120,170,778,raster,848,1200,1200,848,142559,0
ok,,philosophes,19,Image,19,Voltaire / 1694–1778 / Lumières / Déisme,thumbs/philosophes/19.webp,full/philosophes/19.jpg,raster,120,160,2398,raster,901,1200,1200,901,250551,0
ok,,philosophes,20,Image,20,David Hume / 1711–1776 / Empirisme sceptique,thumbs/philosophes/20.webp,full/philosophes/20.jpg,raster,130,160,2244,raster,991,1200,1200,991,228541,20
ok,,philosophes,21,Image,21,Jean-Jacques Rousseau / 1712–1778 / Rousseauisme,thumbs/philosophes/21.webp,full/philosophes/21.jpg,raster,114,160,3178,raster,947,1200,1200,947,225338,10
ok,,philosophes,22,Image,22,Adam Smith / 1723–1790 / Libéralisme économique,thumbs/philosophes/22.webp,full/philosophes/22.jpg,raster,140,170,2392,raster,985,1200,1200,985,151994,0
ok,,philosophes,23,Image,23,Emmanuel Kant / 1724–1804 / Idéalisme transcendantal,thumbs/philosophes/23.webp,full/philosophes/23.jpg,raster,122,160,2878,raster,919,1200,1200,919,166542,0
ok,,philosophes,24,Image,24,Georg Wilhelm Friedrich Hegel / 1770–1831 / Idéalisme absolu,thumbs/philosophes/24.webp,full/philosophes/24.jpg,raster,126,160,3252,raster,952,1200,1200,952,227808,4
ok,,philosophes,25,Image,25,Arthur Schopenhauer / 1788–1860 / Pessimisme / Volontarisme,thumbs/philosophes/25.webp,full/philosophes/25.jpg,raster,125,160,2566,raster,793,1200,1200,793,50433,18
ok,,philosophes,26,Image,26,Auguste Comte / 1798–1857 / Positivisme,thumbs/philosophes/26.webp,full/philosophes/26.jpg,raster,124,160,2100,raster,935,1200,1200,935,199613,0
ok,,philosophes,27,Image,27,John Stuart Mill / 1806–1873 / Utilitarisme,thumbs/philosophes/27.webp,full/philosophes/27.jpg,raster,127,160,3898,raster,956,1200,1200,956,186413,0
ok,,philosophes,28,Image,28,Karl Marx / 1818–1883 / Matérialisme historique,thumbs/philosophes/28.webp,full/philosophes/28.jpg,raster,111,160,3362,raster,899,1200,1200,899,175742,11
ok,,philosophes,29,Image,29,Friedrich Nietzsche / 1844–1900 / Philosophie de la vie,thumbs/philosophes/29.webp,full/philosophes/29.jpg,raster,123,170,2550,raster,870,1200,1200,870,123924,0
ok,,philosophes,30,Image,30,Edmund Husserl / 1859–1938 / Phénoménologie,thumbs/philosophes/30.webp,full/philosophes/30.jpg,raster,121,160,2454,raster,837,1200,1200,837,162535,21
ok,,philosophes,31,Image,31,Henri Bergson / 1859–1941 / Vitalisme,thumbs/philosophes/31.webp,full/philosophes/31.jpg,raster,114,170,2168,raster,806,1200,1200,806,72186,0
ok,,philosophes,33,Image,33,Ludwig Wittgenstein / 1889–1951 / Philosophie du langage,thumbs/philosophes/33.webp,full/philosophes/33.jpg,raster,118,160,3654,raster,887,1200,1200,887,175399,0
ok,,philosophes,35,Image,35,Hannah Arendt / 1906–1975 / Philosophie politique,thumbs/philosophes/35.webp,full/philosophes/35.jpg,raster,179,160,3296,raster,1200,888,1200,888,196526,17
ok,,philosophes,36,Image,36,Jean-Paul Sartre / 1905–1980 / Existentialisme,thumbs/philosophes/36.webp,full/philosophes/36.jpg,raster,118,160,3294,raster,917,1200,1200,917,222500,22
ok,,philosophes,37,Image,37,Simone de Beauvoir / 1908–1986 / Existentialisme / Féminisme,thumbs/philosophes/37.webp,full/philosophes/37.jpg,raster,111,170,3358,raster,782,1200,1200,782,246373,0
ok,,philosophes,38,Image,38,Albert Camus / 1913–1960 / Absurdisme,thumbs/philosophes/38.webp,full/philosophes/38.jpg,raster,105,170,5700,raster,744,1200,1200,744,167582,0
ok,,philosophes,39,Image,39,Claude Lévi-Strauss / 1908–2009 / Structuralisme,thumbs/philosophes/39.webp,full/philosophes/39.jpg,raster,112,170,2902,raster,794,1200,1200,794,199945,0
ok,,philosophes,41,Image,41,Gilles Deleuze / 1925–1995 / Post-structuralisme,thumbs/philosophes/41.webp,full/philosophes/41.jpg,raster,121,160,3772,raster,848,1200,1200,848,61231,24
ok,,philosophes,43,Image,43,John Rawls / 1921–2002 / Libéralisme politique,thumbs/philosophes/43.webp,full/philosophes/43.jpg,raster,113,170,6378,raster,797,1200,1200,797,255607,0
ok,,revolutions,1,Image,1,Révolution de Cromwell / 1642-1651 / Angleterre,thumbs/revolutions/1.webp,full/revolutions/1.jpg,raster,200,150,7748,raster,1200,788,1200,788,202670,16
ok,,revolutions,2,Image,2,Révolution anglaise (Glorieuse) / 1688 / Angleterre,thumbs/revolutions/2.webp,full/revolutions/2.jpg,raster,216,170,11436,raster,1200,946,1200,946,319489,0
ok,,revolutions,3,Image,3,Révolution américaine / 1775-1783 / Treize Colonies,thumbs/revolutions/3.webp,full/revolutions/3.jpg,raster,106,170,3470,raster,747,1200,1200,747,187089,1
ok,,revolutions,4,Image,4,Révolution française / 1789-1799 / France,thumbs/revolutions/4.webp,full/revolutions/4.jpg,raster,200,150,9764,raster,1200,946,1200,946,404846,0
ok,,revolutions,5,Image,5,Révolution haïtienne / 1791-1804 / Haïti,thumbs/revolutions/5.webp,full/revolutions/5.jpg,raster,200,150,5742,raster,1200,942,1200,942,248536,26
ok,,revolutions,6,Image,6,Révolution française thermidorienne / 1794 / France,thumbs/revolutions/6.webp,full/revolutions/6.jpg,raster,134,170,5756,raster,949,1200,1200,949,363418,0
ok,,revolutions,7,Image,7,Indépendances hispano-américaines / 1810-1826 / Amérique latine,thumbs/revolutions/7.webp,full/revolutions/7.jpg,raster,220,142,11520,raster,1200,773,1200,773,223242,0
ok,,revolutions,9,Image,9,Indépendance du Brésil / 1822 / Brésil,thumbs/revolutions/9.webp,full/revolutions/9.jpg,raster,200,150,12666,raster,751,1200,1200,751,115567,24
ok,,revolutions,10,Image,10,Révolution de 1830 / 1830 / France / Europe,thumbs/revolutions/10.webp,full/revolutions/10.jpg,raster,200,150,10238,raster,848,1200,1200,848,202943,26
ok,,revolutions,11,Image,11,Révolutions de 1848 / 1848 / Europe,thumbs/revolutions/11.webp,full/revolutions/11.jpg,raster,113,170,7528,raster,801,1200,1200,801,336541,1
ok,,revolutions,13,Image,13,Commune de Paris / 1871 / France,thumbs/revolutions/13.webp,full/revolutions/13.jpg,raster,220,152,15408,raster,1200,828,1200,828,298149,1
ok,,revolutions,14,Image,14,Révolution mexicaine / 1910-1920 / Mexique,thumbs/revolutions/14.webp,full/revolutions/14.jpg,raster,220,151,9240,raster,1200,823,1200,823,220438,0
ok,,revolutions,15,Image,15,Révolution chinoise de 1911 / 1911 / Chine,thumbs/revolutions/15.webp,full/revolutions/15.jpg,raster,220,147,11314,raster,1200,800,1200,800,245657,0
ok,,revolutions,19,Image,19,Indépendance de l'Inde / 1947 / Inde,thumbs/revolutions/19.webp,full/revolutions/19.jpg,raster,113,170,7500,raster,801,1200,1200,801,392041,0
ok,,revolutions,20,Image,20,Révolution cubaine / 1953-1959 / Cuba,thumbs/revolutions/20.webp,full/revolutions/20.jpg,raster,200,150,14102,raster,1200,828,1200,828,372590,0
ok,,revolutions,22,Image,22,Décolonisation africaine / 1956-1975 / Afrique subsaharienne,thumbs/revolutions/22.webp,full/revolutions/22.jpg,raster,220,147,12768,raster,1200,800,1200,800,133295,0
ok,,revolutions,26,Image,26,Révolution de Velours / 1989 / Tchécoslovaquie,thumbs/revolutions/26.webp,full/revolutions/26.jpg,raster,200,150,10424,raster,1200,801,1200,801,288551,1
ok,,revolutions,28,Image,28,Révolution bolivarienne / 1999- / Venezuela,thumbs/revolutions/28.webp,full/revolutions/28.jpg,raster,200,150,10440,raster,1200,800,1200,800,236823,0
ok,,revolutions,30,Image,30,Révolution ukrainienne (Maïdan) / 2013-2014 / Ukraine,thumbs/revolutions/30.webp,full/revolutions/30.jpg,raster,220,128,10342,raster,1236,720,1236,720,367170,0
ok,,rois_france,1,Image,1,Clovis Ier / 481–511 / Mérovingiens,thumbs/rois_france/1.webp,full/rois_france/1.jpg,raster,113,170,5916,raster,800,1200,1200,800,241321,0
ok,,rois_france,5,Image,5,Dagobert Ier / 629–639 / Mérovingiens,thumbs/rois_france/5.webp,full/rois_france/5.jpg,raster,111,170,534,raster,783,1200,1200,783,35673,5
ok,,rois_france,6,Image,6,Clovis II / 639–657 / Mérovingiens,thumbs/rois_france/6.webp,full/rois_france/6.jpg,raster,111,170,534,raster,783,1200,1200,783,35673,5
ok,,rois_france,7,Image,7,Clotaire III / 657–673 / Mérovingiens,thumbs/rois_france/7.webp,full/rois_france/7.jpg,raster,333,160,15006,raster,884,1200,1200,884,59097,22
ok,,rois_france,8,Image,8,Thierry III / 673–691 / Mérovingiens,thumbs/rois_france/8.webp,full/rois_france/8.jpg,raster,213,160,3992,raster,846,1200,1200,846,199715,18
ok,,rois_france,14,Image,14,Childéric III / 743–751 / Mérovingiens,thumbs/rois_france/14.webp,full/rois_france/14.jpg,raster,140,170,4608,raster,989,1200,1200,989,213062,0
ok,,rois_france,15,Image,15,Pépin le Bref / 751–768 / Carolingiens,thumbs/rois_france/15.webp,full/rois_france/15.jpg,raster,91,150,4206,raster,731,1200,1200,731,244820,2
ok,,rois_france,16,Image,16,Charlemagne / 768–814 / Carolingiens,thumbs/rois_france/16.webp,full/rois_france/16.jpg,raster,160,160,3120,raster,1200,1200,1200,1200,266626,0
ok,,rois_france,18,Image,18,Charles II le Chauve / 840–877 / Carolingiens,thumbs/rois_france/18.webp,full/rois_france/18.jpg,raster,143,170,9902,raster,1008,1200,1200,1008,439120,0
ok,,rois_france,20,Image,20,Louis III / 879–882 / Carolingiens,thumbs/rois_france/20.webp,full/rois_france/20.jpg,raster,119,160,2944,raster,1200,794,1200,794,150423,20
ok,,rois_france,21,Image,21,Carloman II / 879–884 / Carolingiens,thumbs/rois_france/21.webp,full/rois_france/21.jpg,raster,121,160,4776,raster,900,1200,1200,900,192688,24
ok,,rois_france,26,Image,26,Raoul / 923–936 / Bosonides,thumbs/rois_france/26.webp,full/rois_france/26.jpg,raster,156,160,10782,raster,971,1200,1200,971,475985,19
ok,,rois_france,27,Image,27,Louis IV d'Outremer / 936–954 / Carolingiens,thumbs/rois_france/27.webp,full/rois_france/27.jpg,raster,161,160,5788,raster,1200,1187,1200,1187,391238,1
ok,,rois_france,28,Image,28,Lothaire / 954–986 / Carolingiens,thumbs/rois_france/28.webp,full/rois_france/28.jpg,raster,105,160,3096,raster,794,1200,1200,794,155572,0
ok,,rois_france,33,Image,33,Philippe Ier / 1060–1108 / Capétiens,thumbs/rois_france/33.webp,full/rois_france/33.jpg,raster,114,160,1694,raster,944,1200,1200,944,164908,26
ok,,rois_france,36,Image,36,Philippe II Auguste / 1180–1223 / Capétiens,thumbs/rois_france/36.webp,full/rois_france/36.jpg,raster,142,170,6212,raster,999,1200,1200,999,303046,0
ok,,rois_france,37,Image,37,Louis VIII le Lion / 1223–1226 / Capétiens,thumbs/rois_france/37.webp,full/rois_france/37.jpg,raster,121,170,5382,raster,851,1200,1200,851,251517,0
ok,,rois_france,38,Image,38,Louis IX (Saint Louis) / 1226–1270 / Capétiens,thumbs/rois_france/38.webp,full/rois_france/38.jpg,raster,114,170,5532,raster,805,1200,1200,805,289800,0
ok,,rois_france,39,Image,39,Philippe III le Hardi / 1270–1285 / Capétiens,thumbs/rois_france/39.webp,full/rois_france/39.jpg,raster,120,170,5682,raster,850,1200,1200,850,211726,0
ok,,rois_france,40,Image,40,Philippe IV le Bel / 1285–1314 / Capétiens,thumbs/rois_france/40.webp,full/rois_france/40.jpg,raster,130,170,3208,raster,920,1200,1200,920,293513,0
ok,,rois_france,41,Image,41,Louis X le Hutin / 1314–1316 / Capétiens,thumbs/rois_france/41.webp,full/rois_france/41.jpg,raster,110,170,5458,raster,777,1200,1200,777,239219,0
ok,,rois_france,42,Image,42,Jean Ier le Posthume / 1316 / Capétiens,thumbs/rois_france/42.webp,full/rois_france/42.jpg,raster,130,160,2100,raster,980,1200,1200,980,230247,0
ok,,rois_france,46,Image,46,Jean II le Bon / 1350–1364 / Valois,thumbs/rois_france/46.webp,full/rois_france/46.jpg,raster,96,160,1874,raster,725,1200,1200,725,263680,1
ok,,rois_france,47,Image,47,Charles V le Sage / 1364–1380 / Valois,thumbs/rois_france/47.webp,full/rois_france/47.jpg,raster,120,160,1708,raster,900,1200,1200,900,145380,0
ok,,rois_france,49,Image,49,Charles VII le Victorieux / 1422–1461 / Valois,thumbs/rois_france/49.webp,full/rois_france/49.jpg,raster,131,160,2748,raster,986,1200,1200,986,366425,0
ok,,rois_france,51,Image,51,Charles VIII l'Affable / 1483–1498 / Valois,thumbs/rois_france/51.webp,full/rois_france/51.jpg,raster,120,160,2126,raster,931,1200,1200,931,205784,11
ok,,rois_france,53,Image,53,François Ier / 1515–1547 / Valois-Angoulême,thumbs/rois_france/53.webp,full/rois_france/53.jpg,raster,123,160,3776,raster,928,1200,1200,928,289239,0
ok,,rois_france,54,Image,54,Henri II / 1547–1559 / Valois-Angoulême,thumbs/rois_france/54.webp,full/rois_france/54.jpg,raster,109,150,3526,raster,875,1200,1200,875,269022,1
ok,,rois_france,55,Image,55,François II / 1559–1560 / Valois-Angoulême,thumbs/rois_france/55.webp,full/rois_france/55.jpg,raster,117,160,1790,raster,883,1200,1200,883,318495,0
ok,,rois_france,56,Image,56,Charles IX / 1560–1574 / Valois-Angoulême,thumbs/rois_france/56.webp,full/rois_france/56.jpg,raster,113,160,2882,raster,879,1200,1200,879,326103,3
ok,,rois_france,57,Image,57,Henri III / 1574–1589 / Valois-Angoulême,thumbs/rois_france/57.webp,full/rois_france/57.jpg,raster,131,160,2028,raster,985,1200,1200,985,238094,0
ok,,rois_france,58,Image,58,Henri IV le Grand / 1589–1610 / Bourbons,thumbs/rois_france/58.webp,full/rois_france/58.jpg,raster,124,160,1852,raster,972,1200,1200,972,139068,12
ok,,rois_france,59,Image,59,Louis XIII le Juste / 1610–1643 / Bourbons,thumbs/rois_france/59.webp,full/rois_france/59.jpg,raster,118,150,3854,raster,947,1200,1200,947,271841,0
ok,,rois_france,60,Image,60,Louis XIV le Roi-Soleil / 1643–1715 / Bourbons,thumbs/rois_france/60.webp,full/rois_france/60.jpg,raster,112,160,3568,raster,845,1200,1200,845,320304,1
ok,,rois_france,61,Image,61,Louis XV le Bien-Aimé / 1715–1774 / Bourbons,thumbs/rois_france/61.webp,full/rois_france/61.jpg,raster,125,160,4510,raster,903,1200,1200,903,360022,18
ok,,rois_france,62,Image,62,Louis XVI / 1774–1792 / Bourbons,thumbs/rois_france/62.webp,full/rois_france/62.jpg,raster,106,150,3880,raster,852,1200,1200,852,210132,0
ok,,rois_france,63,Image,63,Napoléon Ier / 1804–1815 / Bonaparte,thumbs/rois_france/63.webp,full/rois_france/63.jpg,raster,96,160,1610,raster,720,1200,1200,720,155747,2
ok,,rois_france,64,Image,64,Louis XVIII / 1814–1824 / Bourbons (Restauration),thumbs/rois_france/64.webp,full/rois_france/64.jpg,raster,110,160,2396,raster,832,1200,1200,832,269910,0
ok,,rois_france,65,Image,65,Charles X / 1824–1830 / Bourbons (Restauration),thumbs/rois_france/65.webp,full/rois_france/65.jpg,raster,111,160,1506,raster,837,1200,1200,837,196755,0
ok,,rois_france,66,Image,66,Louis-Philippe Ier / 1830–1848 / Orléans,thumbs/rois_france/66.webp,full/rois_france/66.jpg,raster,97,150,3984,raster,776,1200,1200,776,198207,0
ok,,xixe,1,Image,1,1800 / Napoléon devient Premier consul / Volta invente la pile électrique,thumbs/xixe/1.webp,full/xixe/1.jpg,raster,96,160,3240,raster,720,1200,1200,720,155747,0
ok,,xixe,2,Image,2,1801 / Acte d'Union : naissance du Royaume-Uni / Concordat Napoléon / pape Pie VII,thumbs/xixe/2.webp,full/xixe/2.jpg,raster,170,170,11984,raster,1200,1200,1200,1200,331469,1
ok,,xixe,4,Image,4,1803 / Vente de la Louisiane aux États-Unis / Reprise de la guerre franco-britannique,thumbs/xixe/4.webp,full/xixe/4.jpg,raster,131,170,1114,raster,925,1200,1200,925,230756,1
ok,,xixe,5,Image,5,1804 / Napoléon se proclame Empereur / Promulgation du Code civil,thumbs/xixe/5.webp,full/xixe/5.jpg,raster,96,160,3240,raster,1200,755,1200,755,284484,23
ok,,xixe,6,Image,6,1805 / Bataille d'Austerlitz (victoire napoléonienne) / Défaite française à Trafalgar,thumbs/xixe/6.webp,full/xixe/6.jpg,raster,220,170,7126,raster,1200,927,1200,927,217537,0
ok,,xixe,7,Image,7,1806 / Dissolution du Saint-Empire romain germanique / Blocus continental décrété par Napoléon,thumbs/xixe/7.webp,full/xixe/7.jpg,raster,107,170,2536,raster,754,1200,1200,754,234459,1
ok,,xixe,8,Image,8,1807 / Traité de Tilsit (Napoléon / tsar / Prusse) / Abolition de la traite négrière par le Royaume-Uni,thumbs/xixe/8.webp,full/xixe/8.jpg,raster,205,160,6700,raster,1200,800,1200,800,167539,26
ok,,xixe,9,Image,9,1808 / Début de la guerre d'Espagne / Invasion française de l'Espagne,thumbs/xixe/9.webp,full/xixe/9.jpg,raster,220,165,12620,raster,1200,900,1200,900,310071,0
ok,,xixe,11,Image,11,1810 / Révolutions en Amérique latine / Mariage de Napoléon avec Marie-Louise,thumbs/xixe/11.webp,full/xixe/11.jpg,raster,220,146,11788,raster,1200,798,1200,798,394418,0
ok,,xixe,12,Image,12,1811 / Naissance du roi de Rome / Révolte des Luddites en Angleterre,thumbs/xixe/12.webp,full/xixe/12.jpg,raster,205,160,5796,raster,760,1200,1200,760,378033,25
ok,,xixe,13,Image,13,1812 / Campagne de Russie : désastre de la Grande Armée / Guerre anglo-américaine de 1812,thumbs/xixe/13.webp,full/xixe/13.jpg,raster,110,170,3332,raster,779,1200,1200,779,128448,0
ok,,xixe,15,Image,15,1814 / Première abdication de Napoléon (exil à l'Elbe) / Restauration de Louis XVIII,thumbs/xixe/15.webp,full/xixe/15.jpg,raster,220,145,10614,raster,1200,790,1200,790,284493,1
ok,,xixe,16,Image,16,1815 / Les Cent-Jours : retour de Napoléon / Bataille de Waterloo : défaite définitive,thumbs/xixe/16.webp,full/xixe/16.jpg,raster,205,160,5796,raster,762,1200,1200,762,99632,26
ok,,xixe,17,Image,17,1816 / Année sans été (éruption du Tambora),thumbs/xixe/17.webp,full/xixe/17.jpg,raster,205,160,5796,raster,707,1200,1200,707,35070,25
ok,,xixe,21,Image,21,"1821 / Indépendances du Mexique, Pérou, Venezuela / Mort de Napoléon à Sainte-Hélène",thumbs/xixe/21.webp,full/xixe/21.jpg,raster,220,160,4732,raster,1200,872,1200,872,207201,0
ok,,xixe,22,Image,22,1822 / Indépendance du Brésil / Champollion déchiffre les hiéroglyphes,thumbs/xixe/22.webp,full/xixe/22.jpg,raster,204,170,10658,raster,1200,999,1200,999,432114,0
ok,,xixe,23,Image,23,1823 / Doctrine Monroe aux États-Unis,thumbs/xixe/23.webp,full/xixe/23.jpg,raster,220,165,9276,raster,1200,900,1200,900,404915,0
ok,,xixe,24,Image,24,"1824 / Mort de Louis XVIII, avènement de Charles X / Beethoven achève sa 9e Symphonie",thumbs/xixe/24.webp,full/xixe/24.jpg,raster,155,170,1500,raster,1092,1200,1200,1092,48280,0
ok,,xixe,25,Image,25,1825 / Première ligne ferroviaire publique (Angleterre) / Révolte des Décembristes en Russie,thumbs/xixe/25.webp,full/xixe/25.jpg,raster,120,170,4698,raster,844,1200,1200,844,528109,0
ok,,xixe,26,Image,26,1827 / Bataille de Navarin : défaite ottomane,thumbs/xixe/26.webp,full/xixe/26.jpg,raster,117,170,2942,raster,825,1200,1200,825,94371,0
ok,,xixe,27,Image,27,1829 / Indépendance de la Grèce reconnue,thumbs/xixe/27.webp,full/xixe/27.jpg,raster,220,165,5132,raster,1200,900,1200,900,191266,1
ok,,xixe,28,Image,28,1830 / Révolution de Juillet en France / Indépendance de la Belgique,thumbs/xixe/28.webp,full/xixe/28.jpg,raster,205,160,5796,raster,1200,960,1200,960,252897,25
ok,,xixe,29,Image,29,1831 / Révolte de Nat Turner aux États-Unis / Faraday découvre l'induction électromagnétique,thumbs/xixe/29.webp,full/xixe/29.jpg,raster,194,170,3148,raster,1200,1052,1200,1052,57338,0
ok,,xixe,30,Image,30,1832 / Réforme électorale au Royaume-Uni / Mort de Goethe,thumbs/xixe/30.webp,full/xixe/30.jpg,raster,170,170,11974,raster,1200,1200,1200,1200,337903,0
ok,,xixe,31,Image,31,1833 / Abolition de l'esclavage dans l'Empire britannique,thumbs/xixe/31.webp,full/xixe/31.jpg,raster,170,170,11974,raster,1200,1200,1200,1200,337903,0
ok,,xixe,32,Image,32,1835 / Morse invente le télégraphe électrique,thumbs/xixe/32.webp,full/xixe/32.jpg,raster,135,170,5416,raster,952,1200,1200,952,245713,0
ok,,xixe,34,Image,34,1837 / Règne de la reine Victoria commence,thumbs/xixe/34.webp,full/xixe/34.jpg,raster,104,160,4380,raster,850,1200,1200,850,237110,26
ok,,xixe,40,Image,40,1848 / Révolutions de 1848 (Printemps des peuples) / Abolition de l'esclavage en France,thumbs/xixe/40.webp,full/xixe/40.jpg,raster,203,160,7946,raster,1200,942,1200,942,248536,0
ok,,xixe,42,Image,42,1851 / Grande Exposition universelle de Londres / Révolte des Taiping en Chine,thumbs/xixe/42.webp,full/xixe/42.jpg,raster,220,146,10224,raster,1200,795,1200,795,354707,0
ok,,xixe,43,Image,43,1852 / Napoléon III proclame le Second Empire / Publication de La Case de l'oncle Tom,thumbs/xixe/43.webp,full/xixe/43.jpg,raster,127,170,5990,raster,900,1200,1200,900,329208,0
ok,,xixe,44,Image,44,1853 / Début de la Guerre de Crimée / Perry ouvre le Japon à l'Occident,thumbs/xixe/44.webp,full/xixe/44.jpg,raster,205,160,5796,raster,1200,862,1200,862,327584,23
ok,,xixe,45,Image,45,1856 / Fin de la Guerre de Crimée (traité de Paris) / Naissance de Freud,thumbs/xixe/45.webp,full/xixe/45.webp,raster,205,160,5796,raster,1600,1245,1600,1245,719232,1
ok,,xixe,46,Image,46,1857 / Révolte des Cipayes en Inde,thumbs/xixe/46.webp,full/xixe/46.jpg,raster,190,160,11260,raster,1200,1009,1200,1009,458126,2
ok,,xixe,47,Image,47,1859 / Darwin publie L'Origine des espèces / Bataille de Solférino / naissance de la Croix-Rouge,thumbs/xixe/47.webp,full/xixe/47.jpg,raster,220,163,12430,raster,1200,888,1200,888,309289,0
ok,,xixe,49,Image,49,1861 / Début de la Guerre de Sécession / Unification de l'Italie,thumbs/xixe/49.webp,full/xixe/49.jpg,raster,220,141,12564,raster,1200,767,1200,767,324071,1
ok,,xixe,50,Image,50,1862 / Bataille d'Antietam,thumbs/xixe/50.webp,full/xixe/50.jpg,raster,221,160,9908,raster,1200,865,1200,865,280417,0
ok,,xixe,51,Image,51,1863 / Proclamation d'émancipation de Lincoln / Bataille de Gettysburg,thumbs/xixe/51.webp,full/xixe/51.jpg,raster,131,160,5086,raster,1200,870,1200,870,314771,24
ok,,xixe,52,Image,52,1864 / Guerre des Duchés (Prusse / Danemark) / Fondation de la Croix-Rouge (Genève),thumbs/xixe/52.webp,full/xixe/52.jpg,raster,273,160,6514,raster,868,1200,1200,868,412153,19
ok,,xixe,54,Image,54,1866 / Guerre austro-prussienne (victoire prussienne),thumbs/xixe/54.webp,full/xixe/54.jpg,raster,125,170,1262,raster,884,1200,1200,884,59123,2
ok,,xixe,56,Image,56,1868 / Restauration Meiji au Japon,thumbs/xixe/56.webp,full/xixe/56.jpg,raster,134,170,5756,raster,949,1200,1200,949,363418,0
ok,,xixe,57,Image,57,1869 / Ouverture du canal de Suez / Premier chemin de fer transcontinental (USA),thumbs/xixe/57.webp,full/xixe/57.jpg,raster,112,170,4424,raster,792,1200,1200,792,186696,1
ok,,xixe,58,Image,58,1870 / Guerre franco-prussienne : défaite à Sedan / Proclamation de la IIIe République française,thumbs/xixe/58.webp,full/xixe/58.jpg,raster,220,163,15176,raster,1200,888,1200,888,379951,0
ok,,xixe,59,Image,59,1871 / Commune de Paris / Proclamation du IIe Reich à Versailles,thumbs/xixe/59.webp,full/xixe/59.jpg,raster,212,160,7476,raster,1200,798,1200,798,186503,20
ok,,xixe,60,Image,60,1876 / Bataille de Little Bighorn / Invention du téléphone (Graham Bell),thumbs/xixe/60.webp,full/xixe/60.jpg,raster,232,160,10914,raster,1200,732,1200,732,235542,18
ok,,xixe,61,Image,61,1878 / Congrès de Berlin : redécoupage des Balkans,thumbs/xixe/61.webp,full/xixe/61.jpg,raster,220,133,6448,raster,1200,726,1200,726,175631,0
ok,,xixe,62,Image,62,1879 / Guerre du Pacifique (Chili / Pérou / Bolivie) / Edison invente l'ampoule électrique,thumbs/xixe/62.webp,full/xixe/62.jpg,raster,220,162,5076,raster,1200,882,1200,882,246220,0
ok,,xixe,63,Image,63,1881 / Assassinat du tsar Alexandre II,thumbs/xixe/63.webp,full/xixe/63.jpg,raster,106,160,3974,raster,1200,961,1200,961,203174,26
ok,,xixe,64,Image,64,"1882 / Triple-Alliance : Allemagne, Autriche, Italie",thumbs/xixe/64.webp,full/xixe/64.jpg,raster,364,160,5078,raster,1200,711,1200,711,134912,22
ok,,xixe,65,Image,65,1884 / Conférence de Berlin : partage de l'Afrique,thumbs/xixe/65.webp,full/xixe/65.jpg,raster,208,160,9516,raster,1200,922,1200,922,411109,0
ok,,xixe,67,Image,67,1886 / Inauguration de la Statue de la Liberté,thumbs/xixe/67.webp,full/xixe/67.jpg,raster,72,160,1946,raster,783,1200,1200,783,80263,10
ok,,xixe,68,Image,68,1889 / Tour Eiffel inaugurée / Exposition universelle / Proclamation de la République au Brésil,thumbs/xixe/68.webp,full/xixe/68.jpg,raster,86,160,2034,raster,720,1200,1200,720,133416,7
ok,,xixe,69,Image,69,1890 / Massacre de Wounded Knee / Bismarck congédié par Guillaume II,thumbs/xixe/69.webp,full/xixe/69.webp,raster,221,160,9068,raster,1600,1154,1600,1154,325242,0
ok,,xixe,70,Image,70,1894 / Affaire Dreyfus en France / Début de la Guerre sino-japonaise,thumbs/xixe/70.webp,full/xixe/70.jpg,raster,129,170,4002,raster,913,1200,1200,913,243412,0
ok,,xixe,71,Image,71,1895 / Traité de Shimonoseki (Taïwan au Japon) / Frères Lumière inventent le cinématographe,thumbs/xixe/71.webp,full/xixe/71.webp,raster,124,160,2182,raster,1398,1800,1800,1398,536050,0
ok,,xixe,72,Image,72,1896 / Premiers JO modernes à Athènes / Bataille d'Adoua : l'Éthiopie résiste à l'Italie,thumbs/xixe/72.webp,full/xixe/72.jpg,raster,137,170,6892,raster,965,1200,1200,965,340233,1
ok,,xixe,73,Image,73,1897 / Premier congrès sioniste (Herzl),thumbs/xixe/73.webp,full/xixe/73.jpg,raster,252,160,10476,raster,1200,762,1200,762,168040,0
ok,,xixe,74,Image,74,1898 / Guerre hispano-américaine / Affaire Dreyfus : J'accuse de Zola,thumbs/xixe/74.webp,full/xixe/74.jpg,raster,197,160,10344,raster,1030,1200,1200,1030,329602,19
ok,,xixe,75,Image,75,1899 / Début de la Guerre des Boers,thumbs/xixe/75.webp,full/xixe/75.jpg,raster,164,170,11302,raster,1157,1200,1200,1157,487013,0
ok,,xxe,1,Image,1,1900 / Exposition universelle de Paris / Révolte des Boxers en Chine,thumbs/xxe/1.webp,full/xxe/1.jpg,raster,234,160,14094,raster,1200,950,1200,950,329639,12
ok,,xxe,3,Image,3,1902 / Fin de la Guerre des Boers : victoire britannique,thumbs/xxe/3.webp,full/xxe/3.jpg,raster,131,170,5472,raster,923,1200,1200,923,253444,0
ok,,xxe,4,Image,4,1903 / Frères Wright : vol motorisé réussi / Naissance du Tour de France cycliste,thumbs/xxe/4.webp,full/xxe/4.jpg,raster,246,160,3708,raster,1200,800,1200,800,285852,26
ok,,xxe,5,Image,5,1904 / Guerre russo-japonaise commence / Entente Cordiale France-Royaume-Uni,thumbs/xxe/5.webp,full/xxe/5.jpg,raster,220,147,5404,raster,1200,800,1200,800,187160,0
ok,,xxe,6,Image,6,1905 / Révolution russe de 1905 (Dimanche rouge) / Traité de Portsmouth : défaite russe face au Japon,thumbs/xxe/6.webp,full/xxe/6.jpg,raster,220,147,8158,raster,1200,800,1200,800,142834,0
ok,,xxe,7,Image,7,1906 / Tremblement de terre de San Francisco / Conférence d'Algésiras : crise marocaine,thumbs/xxe/7.webp,full/xxe/7.jpg,raster,127,170,6576,raster,895,1200,1200,895,336572,0
ok,,xxe,9,Image,9,1908 / Annexion de la Bosnie-Herzégovine par l'Autriche / Explosion de Toungouska en Sibérie,thumbs/xxe/9.webp,full/xxe/9.jpg,raster,220,146,10062,raster,1200,799,1200,799,194536,0
ok,,xxe,10,Image,10,1909 / Peary atteint le pôle Nord,thumbs/xxe/10.webp,full/xxe/10.jpg,raster,220,147,7386,raster,1200,801,1200,801,246631,1
ok,,xxe,12,Image,12,1911 / Amundsen atteint le pôle Sud / Révolution chinoise : chute de la dynastie Qing,thumbs/xxe/12.webp,full/xxe/12.jpg,raster,220,136,4168,raster,1200,743,1200,743,57352,0
ok,,xxe,13,Image,13,1912 / Naufrage du Titanic / Guerres balkaniques commencent,thumbs/xxe/13.webp,full/xxe/13.jpg,raster,104,170,8650,raster,735,1200,1200,735,305973,0
ok,,xxe,14,Image,14,1913 / Traités de Bucarest : fin des guerres balkaniques,thumbs/xxe/14.webp,full/xxe/14.jpg,raster,220,165,6390,raster,1200,900,1200,900,201420,0
ok,,xxe,15,Image,15,1914 / Assassinat de François-Ferdinand à Sarajevo / Début de la Première Guerre mondiale,thumbs/xxe/15.webp,full/xxe/15.jpg,raster,131,170,3576,raster,928,1200,1200,928,126355,1
ok,,xxe,20,Image,20,1919 / Traité de Versailles / Fondation de la Société des Nations,thumbs/xxe/20.webp,full/xxe/20.webp,raster,221,160,10530,raster,1600,1158,1600,1158,613334,0
ok,,xxe,25,Image,25,1924 / Mort de Lénine : Staline prend le pouvoir / Premiers JO d'hiver (Chamonix),thumbs/xxe/25.webp,full/xxe/25.webp,raster,120,160,3008,raster,1199,1600,1600,1199,602708,0
ok,,xxe,28,Image,28,1927 / Lindbergh traverse l'Atlantique en avion / Premier film parlant (Le Chanteur de jazz),thumbs/xxe/28.webp,full/xxe/28.webp,raster,125,160,2446,raster,960,1220,1220,960,80306,1
ok,,xxe,33,Image,33,1932 / Roosevelt élu président des USA (New Deal),thumbs/xxe/33.webp,full/xxe/33.webp,raster,114,160,2650,raster,1142,1600,1600,1142,148046,0
ok,,xxe,42,Image,42,1941 / Attaque de Pearl Harbor : entrée en guerre des USA / Invasion de l'URSS par l'Allemagne (Barbarossa),thumbs/xxe/42.webp,full/xxe/42.webp,raster,114,160,2650,raster,1142,1600,1600,1142,148046,0
ok,,xxe,44,Image,44,1943 / Débarquement allié en Sicile et Italie / Capitulation allemande à Stalingrad,thumbs/xxe/44.webp,full/xxe/44.webp,raster,206,160,6828,raster,1800,1392,1800,1392,369858,0
ok,,xxe,45,Image,45,1944 / Débarquement en Normandie (6 juin) / Libération de Paris,thumbs/xxe/45.webp,full/xxe/45.webp,raster,198,160,4900,raster,1600,1287,1600,1287,429604,0
ok,,xxe,55,Image,55,1954 / Défaite française à Diên Biên Phu / Début de la guerre d'Algérie,thumbs/xxe/55.webp,full/xxe/55.webp,raster,260,160,10598,raster,1600,981,1600,981,179438,0
ok,,xxe,57,Image,57,1956 / Crise de Suez / Révolution hongroise écrasée par l'URSS,thumbs/xxe/57.webp,full/xxe/57.webp,raster,257,160,9214,raster,1300,808,1300,808,121012,0
ok,,xxe,59,Image,59,1958 / Retour de De Gaulle : Ve République / Grande famine en Chine (Grand Bond en avant),thumbs/xxe/59.webp,full/xxe/59.webp,raster,118,160,3678,raster,960,1297,1297,960,217050,0
ok,,xxe,60,Image,60,1959 / Révolution cubaine : Castro au pouvoir,thumbs/xxe/60.webp,full/xxe/60.webp,raster,119,160,4426,raster,1197,1600,1600,1197,497984,0
ok,,xxe,61,Image,61,1960 / Vague d'indépendances africaines (17 pays) / Premier laser,thumbs/xxe/61.webp,full/xxe/61.webp,raster,126,160,8968,raster,960,1214,1214,960,101296,25
ok,,xxe,68,Image,68,1967 / Guerre des Six Jours (Israël / pays arabes),thumbs/xxe/68.webp,full/xxe/68.webp,raster,125,160,6544,raster,960,1228,1228,960,301366,1
ok,,xxe,69,Image,69,1968 / Mai 68 en France / Printemps de Prague écrasé par l'URSS,thumbs/xxe/69.webp,full/xxe/69.webp,raster,121,160,5450,raster,960,1269,1269,960,220626,0
ok,,xxe,74,Image,74,1974 / Démission de Nixon (Watergate) / Fin de la dictature au Portugal (Révolution des Œillets),thumbs/xxe/74.webp,full/xxe/74.webp,raster,120,160,2934,raster,1200,1600,1600,1200,505282,0
ok,,xxe,78,Image,78,1979 / Révolution iranienne : chute du Shah / Invasion soviétique de l'Afghanistan,thumbs/xxe/78.webp,full/xxe/78.webp,raster,240,160,14412,raster,1200,800,1200,800,203894,0
ok,,xxe,80,Image,80,1981 / Tentative d'assassinat de Reagan et du pape / Mitterrand élu président de la France,thumbs/xxe/80.webp,full/xxe/80.webp,raster,127,160,4012,raster,1279,1600,1600,1279,377196,0
ok,,xxe,81,Image,81,1982 / Guerre des Malouines (Argentine / Royaume-Uni),thumbs/xxe/81.webp,full/xxe/81.webp,raster,113,160,3390,raster,960,1352,1352,960,120274,1
ok,,xxe,82,Image,82,1984 / Famine en Éthiopie / Assassinat d'Indira Gandhi,thumbs/xxe/82.webp,full/xxe/82.webp,raster,123,160,4934,raster,960,1248,1248,960,438658,0
ok,,xxe,83,Image,83,1985 / Gorbatchev au pouvoir en URSS (glasnost / perestroïka) / Catastrophe de Bhopal,thumbs/xxe/83.webp,full/xxe/83.webp,raster,110,160,1932,raster,960,1389,1389,960,272288,0
ok,,xxe,84,Image,84,1986 / Catastrophe de Tchernobyl / Chute du régime Marcos aux Philippines,thumbs/xxe/84.webp,full/xxe/84.webp,raster,104,160,6712,raster,1041,1600,1600,1041,641834,0
ok,,xxe,86,Image,86,1988 / Attentat de Lockerbie / Fin de la guerre Iran-Irak,thumbs/xxe/86.webp,full/xxe/86.webp,raster,221,160,8320,raster,1600,1152,1600,1152,260708,0
ok,,xxe,91,Image,91,1993 / Accords d'Oslo (Israël-OLP) / Attentat au World Trade Center (1ère fois),thumbs/xxe/91.webp,full/xxe/91.webp,raster,240,160,7846,raster,1320,880,1320,880,126198,0
ok,,xxe,93,Image,93,1995 / Attentat d'Oklahoma City / Assassinat de Rabin,thumbs/xxe/93.webp,full/xxe/93.webp,raster,109,160,6264,raster,960,1409,1409,960,598542,0
ok,,xxe,94,Image,94,1996 / Taliban prennent le pouvoir en Afghanistan,thumbs/xxe/94.webp,full/xxe/94.webp,raster,246,160,10148,raster,1578,1024,1578,1024,447216,0
ok,,xxe,96,Image,96,1998 / Impeachment de Bill Clinton / Attentats contre ambassades américaines en Afrique,thumbs/xxe/96.webp,full/xxe/96.webp,raster,122,160,4174,raster,960,1253,1253,960,328346,0
